prompt PL/SQL Developer import file
prompt Created on viernes, 07 de mayo de 2010 by cendalesh
set feedback off
set define off
prompt Disabling triggers for BANCO...
alter table BANCO disable all triggers;
prompt Disabling triggers for CONCEPTO...
alter table CONCEPTO disable all triggers;
prompt Disabling triggers for CONCESIONARIO...
alter table CONCESIONARIO disable all triggers;
prompt Disabling triggers for CTA_DISPERSION_CONCESIONARIO...
alter table CTA_DISPERSION_CONCESIONARIO disable all triggers;
prompt Disabling triggers for CTA_DISPERSION_FCM...
alter table CTA_DISPERSION_FCM disable all triggers;
prompt Disabling triggers for CTA_DISPERSION_TERCERO...
alter table CTA_DISPERSION_TERCERO disable all triggers;
prompt Disabling triggers for CTA_RECAUDO_CONCESIONARIO...
alter table CTA_RECAUDO_CONCESIONARIO disable all triggers;
prompt Disabling triggers for FCM...
alter table FCM disable all triggers;
prompt Disabling triggers for CTA_RECAUDO_FCM...
alter table CTA_RECAUDO_FCM disable all triggers;
prompt Disabling triggers for DEPARTAMENTO...
alter table DEPARTAMENTO disable all triggers;
prompt Disabling triggers for MUNICIPIO...
alter table MUNICIPIO disable all triggers;
prompt Disabling triggers for DIAS_DISPERSION...
alter table DIAS_DISPERSION disable all triggers;
prompt Disabling triggers for FECHA_NO_HABIL...
alter table FECHA_NO_HABIL disable all triggers;
prompt Disabling triggers for MENU...
alter table MENU disable all triggers;
prompt Disabling triggers for MENUXROL...
alter table MENUXROL disable all triggers;
prompt Disabling triggers for PADRE...
alter table PADRE disable all triggers;
prompt Disabling triggers for P_DISPERSION_CONCESIONARIO...
alter table P_DISPERSION_CONCESIONARIO disable all triggers;
prompt Disabling triggers for P_DISPERSION_MUNICIPIO...
alter table P_DISPERSION_MUNICIPIO disable all triggers;
prompt Disabling triggers for PERSON...
alter table PERSON disable all triggers;
prompt Disabling triggers for ROL...
alter table ROL disable all triggers;
prompt Disabling triggers for ROLXPERSON...
alter table ROLXPERSON disable all triggers;
prompt Disabling triggers for SALARIO_MINIMO...
alter table SALARIO_MINIMO disable all triggers;
prompt Disabling triggers for TERCERO...
alter table TERCERO disable all triggers;
prompt Disabling triggers for VALIDADOR_FECHA...
alter table VALIDADOR_FECHA disable all triggers;
prompt Disabling foreign key constraints for CTA_DISPERSION_CONCESIONARIO...
alter table CTA_DISPERSION_CONCESIONARIO disable constraint FK_IDCONCEPTO_CDC;
alter table CTA_DISPERSION_CONCESIONARIO disable constraint FK_IDCONCESIONARIO_CDC;
prompt Disabling foreign key constraints for CTA_RECAUDO_CONCESIONARIO...
alter table CTA_RECAUDO_CONCESIONARIO disable constraint FK_IDCONCESIONARIO_CRC;
prompt Disabling foreign key constraints for CTA_RECAUDO_FCM...
alter table CTA_RECAUDO_FCM disable constraint FK_NIT_FCM_CRF;
prompt Disabling foreign key constraints for MUNICIPIO...
alter table MUNICIPIO disable constraint FK_IDBANCO_M;
alter table MUNICIPIO disable constraint FK_IDCONCESIONARIO_M;
alter table MUNICIPIO disable constraint FK_IDDEPARTAMENTO_M;
prompt Disabling foreign key constraints for DIAS_DISPERSION...
alter table DIAS_DISPERSION disable constraint FK_IDBANCO_DD;
alter table DIAS_DISPERSION disable constraint FK_IDMUNICIPIO_DD;
prompt Disabling foreign key constraints for P_DISPERSION_CONCESIONARIO...
alter table P_DISPERSION_CONCESIONARIO disable constraint FK_IDCONCESIONARIO_PDC;
prompt Disabling foreign key constraints for P_DISPERSION_MUNICIPIO...
alter table P_DISPERSION_MUNICIPIO disable constraint FK_IDMUNICIPIO_PDM;
prompt Disabling foreign key constraints for TERCERO...
alter table TERCERO disable constraint FK_IDBANCO_T;
alter table TERCERO disable constraint FK_IDMUNICIPIO_T;
prompt Truncating VALIDADOR_FECHA...
truncate table VALIDADOR_FECHA;
prompt Truncating TERCERO...
truncate table TERCERO;
prompt Truncating SALARIO_MINIMO...
truncate table SALARIO_MINIMO;
prompt Truncating ROLXPERSON...
truncate table ROLXPERSON;
prompt Truncating ROL...
truncate table ROL;
prompt Truncating PERSON...
truncate table PERSON;
prompt Truncating P_DISPERSION_MUNICIPIO...
truncate table P_DISPERSION_MUNICIPIO;
prompt Truncating P_DISPERSION_CONCESIONARIO...
truncate table P_DISPERSION_CONCESIONARIO;
prompt Truncating PADRE...
truncate table PADRE;
prompt Truncating MENUXROL...
truncate table MENUXROL;
prompt Truncating MENU...
truncate table MENU;
prompt Truncating FECHA_NO_HABIL...
truncate table FECHA_NO_HABIL;
prompt Truncating DIAS_DISPERSION...
truncate table DIAS_DISPERSION;
prompt Truncating MUNICIPIO...
truncate table MUNICIPIO;
prompt Truncating DEPARTAMENTO...
truncate table DEPARTAMENTO;
prompt Truncating CTA_RECAUDO_FCM...
truncate table CTA_RECAUDO_FCM;
prompt Truncating FCM...
truncate table FCM;
prompt Truncating CTA_RECAUDO_CONCESIONARIO...
truncate table CTA_RECAUDO_CONCESIONARIO;
prompt Truncating CTA_DISPERSION_TERCERO...
truncate table CTA_DISPERSION_TERCERO;
prompt Truncating CTA_DISPERSION_FCM...
truncate table CTA_DISPERSION_FCM;
prompt Truncating CTA_DISPERSION_CONCESIONARIO...
truncate table CTA_DISPERSION_CONCESIONARIO;
prompt Truncating CONCESIONARIO...
truncate table CONCESIONARIO;
prompt Truncating CONCEPTO...
truncate table CONCEPTO;
prompt Truncating BANCO...
truncate table BANCO;
prompt Loading BANCO...
insert into BANCO (IDBANCO, NOMBRE, RESPONSABLE, CARGO, CORREO, TELEFONO, DIRCORRES, CUENTACONTABLE)
values ('00', 'Seleccione', null, null, null, null, null, null);
insert into BANCO (IDBANCO, NOMBRE, RESPONSABLE, CARGO, CORREO, TELEFONO, DIRCORRES, CUENTACONTABLE)
values ('01', 'BANCO DE BOGOTA', null, null, null, null, null, null);
insert into BANCO (IDBANCO, NOMBRE, RESPONSABLE, CARGO, CORREO, TELEFONO, DIRCORRES, CUENTACONTABLE)
values ('02', 'BANCO POPULAR', null, null, null, null, null, '4110020401');
insert into BANCO (IDBANCO, NOMBRE, RESPONSABLE, CARGO, CORREO, TELEFONO, DIRCORRES, CUENTACONTABLE)
values ('06', 'BANCO SANTANDER', null, null, null, null, null, null);
insert into BANCO (IDBANCO, NOMBRE, RESPONSABLE, CARGO, CORREO, TELEFONO, DIRCORRES, CUENTACONTABLE)
values ('07', 'BANCOLOMBIA', null, null, null, null, null, null);
insert into BANCO (IDBANCO, NOMBRE, RESPONSABLE, CARGO, CORREO, TELEFONO, DIRCORRES, CUENTACONTABLE)
values ('08', 'ABN AMRO BANK', null, null, null, null, null, null);
insert into BANCO (IDBANCO, NOMBRE, RESPONSABLE, CARGO, CORREO, TELEFONO, DIRCORRES, CUENTACONTABLE)
values ('09', 'CITIBANK', null, null, null, null, null, null);
insert into BANCO (IDBANCO, NOMBRE, RESPONSABLE, CARGO, CORREO, TELEFONO, DIRCORRES, CUENTACONTABLE)
values ('10', 'HSBC', null, null, null, null, null, null);
insert into BANCO (IDBANCO, NOMBRE, RESPONSABLE, CARGO, CORREO, TELEFONO, DIRCORRES, CUENTACONTABLE)
values ('12', 'BANCO GNB SUDAMERIS', null, null, null, null, null, null);
insert into BANCO (IDBANCO, NOMBRE, RESPONSABLE, CARGO, CORREO, TELEFONO, DIRCORRES, CUENTACONTABLE)
values ('13', 'BBVA COLOMBIA', null, null, null, null, null, null);
insert into BANCO (IDBANCO, NOMBRE, RESPONSABLE, CARGO, CORREO, TELEFONO, DIRCORRES, CUENTACONTABLE)
values ('14', 'HELM BANK', null, null, null, null, null, null);
insert into BANCO (IDBANCO, NOMBRE, RESPONSABLE, CARGO, CORREO, TELEFONO, DIRCORRES, CUENTACONTABLE)
values ('19', 'BANCO COLPATRIA', null, null, null, null, null, null);
insert into BANCO (IDBANCO, NOMBRE, RESPONSABLE, CARGO, CORREO, TELEFONO, DIRCORRES, CUENTACONTABLE)
values ('22', 'BANCO UNION COLOMBIANO', null, null, null, null, null, null);
insert into BANCO (IDBANCO, NOMBRE, RESPONSABLE, CARGO, CORREO, TELEFONO, DIRCORRES, CUENTACONTABLE)
values ('23', 'BANCO DE OCCIDENTE', null, null, null, null, null, null);
insert into BANCO (IDBANCO, NOMBRE, RESPONSABLE, CARGO, CORREO, TELEFONO, DIRCORRES, CUENTACONTABLE)
values ('29', 'BANCO TEQUENDAMA', null, null, null, null, null, null);
insert into BANCO (IDBANCO, NOMBRE, RESPONSABLE, CARGO, CORREO, TELEFONO, DIRCORRES, CUENTACONTABLE)
values ('31', 'BANCOLDEX', null, null, null, null, null, null);
insert into BANCO (IDBANCO, NOMBRE, RESPONSABLE, CARGO, CORREO, TELEFONO, DIRCORRES, CUENTACONTABLE)
values ('32', 'BANCO BCSC SA', null, null, null, null, null, null);
insert into BANCO (IDBANCO, NOMBRE, RESPONSABLE, CARGO, CORREO, TELEFONO, DIRCORRES, CUENTACONTABLE)
values ('34', 'BANCO SUPERIOR', null, null, null, null, null, null);
insert into BANCO (IDBANCO, NOMBRE, RESPONSABLE, CARGO, CORREO, TELEFONO, DIRCORRES, CUENTACONTABLE)
values ('36', 'MEGABANCO', null, null, null, null, null, null);
insert into BANCO (IDBANCO, NOMBRE, RESPONSABLE, CARGO, CORREO, TELEFONO, DIRCORRES, CUENTACONTABLE)
values ('37', 'BANKBOSTON S.A.', null, null, null, null, null, null);
insert into BANCO (IDBANCO, NOMBRE, RESPONSABLE, CARGO, CORREO, TELEFONO, DIRCORRES, CUENTACONTABLE)
values ('40', 'BANCO AGRARIO', null, null, null, null, null, '4110020301');
insert into BANCO (IDBANCO, NOMBRE, RESPONSABLE, CARGO, CORREO, TELEFONO, DIRCORRES, CUENTACONTABLE)
values ('50', 'GRANBANCO S.A.', 'Carolina Arenas', 'Gerente De Cuenta Banca Empresarial', 'cparenas@davivienda.com.co', '6110001', 'Cl 28 Kr 14-10', '4110020201');
insert into BANCO (IDBANCO, NOMBRE, RESPONSABLE, CARGO, CORREO, TELEFONO, DIRCORRES, CUENTACONTABLE)
values ('51', 'BANCO DAVIVIENDA S.A.', null, null, null, null, null, null);
insert into BANCO (IDBANCO, NOMBRE, RESPONSABLE, CARGO, CORREO, TELEFONO, DIRCORRES, CUENTACONTABLE)
values ('52', 'BANCO AV VILLAS', 'Orlando Trujillo', 'Gerente Cuenta Banca Empresarial', 'trujilloo@bancoavvillas.com.co', '2419600', 'Kr 13 27-07', '4110020101');
insert into BANCO (IDBANCO, NOMBRE, RESPONSABLE, CARGO, CORREO, TELEFONO, DIRCORRES, CUENTACONTABLE)
values ('54', 'BANCO GRANAHORRAR', null, null, null, null, null, null);
insert into BANCO (IDBANCO, NOMBRE, RESPONSABLE, CARGO, CORREO, TELEFONO, DIRCORRES, CUENTACONTABLE)
values ('55', 'BANCO CONAVI', null, null, null, null, null, null);
insert into BANCO (IDBANCO, NOMBRE, RESPONSABLE, CARGO, CORREO, TELEFONO, DIRCORRES, CUENTACONTABLE)
values ('57', 'BANCO COLMENA', null, null, null, null, null, null);
commit;
prompt 27 records loaded
prompt Loading CONCEPTO...
insert into CONCEPTO (IDCONCEPTO, NOMBRE)
values (1, 'Liquidacion');
insert into CONCEPTO (IDCONCEPTO, NOMBRE)
values (2, 'Fondo Cobertura');
insert into CONCEPTO (IDCONCEPTO, NOMBRE)
values (3, 'Concesionario Contravencional');
insert into CONCEPTO (IDCONCEPTO, NOMBRE)
values (4, 'FCM Contravencional');
insert into CONCEPTO (IDCONCEPTO, NOMBRE)
values (5, 'Sevial');
insert into CONCEPTO (IDCONCEPTO, NOMBRE)
values (6, 'POLCA');
insert into CONCEPTO (IDCONCEPTO, NOMBRE)
values (7, 'Avvillas');
commit;
prompt 7 records loaded
prompt Loading CONCESIONARIO...
insert into CONCESIONARIO (IDCONCESIONARIO, NIT_C, NOMBRE, CORREO, CTA_CONTABLE, CTA_CONTABLE_LIQUIDACION, CTA_CONTABLE_FONDO)
values ('00', ' ', 'Seleccione', null, null, null, null);
insert into CONCESIONARIO (IDCONCESIONARIO, NIT_C, NOMBRE, CORREO, CTA_CONTABLE, CTA_CONTABLE_LIQUIDACION, CTA_CONTABLE_FONDO)
values ('06', '8000826650', 'FCM - SIMIT', null, null, '5211090201', '5211090301');
insert into CONCESIONARIO (IDCONCESIONARIO, NIT_C, NOMBRE, CORREO, CTA_CONTABLE, CTA_CONTABLE_LIQUIDACION, CTA_CONTABLE_FONDO)
values ('01', '8110367922', 'REMO S.A.', null, null, '5211090201', '5211090301');
insert into CONCESIONARIO (IDCONCESIONARIO, NIT_C, NOMBRE, CORREO, CTA_CONTABLE, CTA_CONTABLE_LIQUIDACION, CTA_CONTABLE_FONDO)
values ('02', '8050253454', 'SIMIT OCCIDENTE', null, null, '5211090201', '5211090301');
insert into CONCESIONARIO (IDCONCESIONARIO, NIT_C, NOMBRE, CORREO, CTA_CONTABLE, CTA_CONTABLE_LIQUIDACION, CTA_CONTABLE_FONDO)
values ('03', '8301123291', 'SEVIAL S.A', null, null, '5211090201', '5211090301');
insert into CONCESIONARIO (IDCONCESIONARIO, NIT_C, NOMBRE, CORREO, CTA_CONTABLE, CTA_CONTABLE_LIQUIDACION, CTA_CONTABLE_FONDO)
values ('04', '8110398884', 'SERVIT LTDA', null, null, '5211090201', '5211090301');
insert into CONCESIONARIO (IDCONCESIONARIO, NIT_C, NOMBRE, CORREO, CTA_CONTABLE, CTA_CONTABLE_LIQUIDACION, CTA_CONTABLE_FONDO)
values ('05', '8301280960', 'SIMIT CAPITAL', null, null, '5211090201', '5211090301');
commit;
prompt 7 records loaded
prompt Loading CTA_DISPERSION_CONCESIONARIO...
insert into CTA_DISPERSION_CONCESIONARIO (IDCONCEPTO, IDCONCESIONARIO, IDBANCO, NIT_C, TIPOCUENTA, CUENTA, IDBANCOREC)
values (1, '03', '52', '8301123291', 'AHO', '059001313', '52');
insert into CTA_DISPERSION_CONCESIONARIO (IDCONCEPTO, IDCONCESIONARIO, IDBANCO, NIT_C, TIPOCUENTA, CUENTA, IDBANCOREC)
values (2, '03', '52', '8301123291', 'AHO', '086042843', '52');
insert into CTA_DISPERSION_CONCESIONARIO (IDCONCEPTO, IDCONCESIONARIO, IDBANCO, NIT_C, TIPOCUENTA, CUENTA, IDBANCOREC)
values (3, '03', '52', '8301123291', 'AHO', '059001313', '52');
insert into CTA_DISPERSION_CONCESIONARIO (IDCONCEPTO, IDCONCESIONARIO, IDBANCO, NIT_C, TIPOCUENTA, CUENTA, IDBANCOREC)
values (4, '03', '52', '8000826650', 'AHO', '059001313', '52');
insert into CTA_DISPERSION_CONCESIONARIO (IDCONCEPTO, IDCONCESIONARIO, IDBANCO, NIT_C, TIPOCUENTA, CUENTA, IDBANCOREC)
values (5, '03', '52', '8301123291', 'AHO', '059001354', '52');
insert into CTA_DISPERSION_CONCESIONARIO (IDCONCEPTO, IDCONCESIONARIO, IDBANCO, NIT_C, TIPOCUENTA, CUENTA, IDBANCOREC)
values (6, '03', '52', '8000826650', 'AHO', '086044443', '52');
insert into CTA_DISPERSION_CONCESIONARIO (IDCONCEPTO, IDCONCESIONARIO, IDBANCO, NIT_C, TIPOCUENTA, CUENTA, IDBANCOREC)
values (7, '03', '52', '8301123291', 'AHO', '059001313', '52');
insert into CTA_DISPERSION_CONCESIONARIO (IDCONCEPTO, IDCONCESIONARIO, IDBANCO, NIT_C, TIPOCUENTA, CUENTA, IDBANCOREC)
values (1, '01', '52', '8110367922', 'CTE', '508063526', '52');
insert into CTA_DISPERSION_CONCESIONARIO (IDCONCEPTO, IDCONCESIONARIO, IDBANCO, NIT_C, TIPOCUENTA, CUENTA, IDBANCOREC)
values (2, '01', '52', '8110367922', 'AHO', '508063963', '52');
insert into CTA_DISPERSION_CONCESIONARIO (IDCONCEPTO, IDCONCESIONARIO, IDBANCO, NIT_C, TIPOCUENTA, CUENTA, IDBANCOREC)
values (3, '01', '52', '8110367922', 'CTE', '508063526', '52');
insert into CTA_DISPERSION_CONCESIONARIO (IDCONCEPTO, IDCONCESIONARIO, IDBANCO, NIT_C, TIPOCUENTA, CUENTA, IDBANCOREC)
values (4, '01', '52', '8000826650', 'AHO', '026059444', '52');
insert into CTA_DISPERSION_CONCESIONARIO (IDCONCEPTO, IDCONCESIONARIO, IDBANCO, NIT_C, TIPOCUENTA, CUENTA, IDBANCOREC)
values (5, '01', '52', '8110367922', 'CTE', '059001354', '52');
insert into CTA_DISPERSION_CONCESIONARIO (IDCONCEPTO, IDCONCESIONARIO, IDBANCO, NIT_C, TIPOCUENTA, CUENTA, IDBANCOREC)
values (6, '01', '52', '8000826650', 'AHO', '086044443', '52');
insert into CTA_DISPERSION_CONCESIONARIO (IDCONCEPTO, IDCONCESIONARIO, IDBANCO, NIT_C, TIPOCUENTA, CUENTA, IDBANCOREC)
values (7, '01', '23', '8110367922', 'CTE', '405058777', '52');
insert into CTA_DISPERSION_CONCESIONARIO (IDCONCEPTO, IDCONCESIONARIO, IDBANCO, NIT_C, TIPOCUENTA, CUENTA, IDBANCOREC)
values (1, '02', '52', '8050253454', 'AHO', '059001313', '52');
insert into CTA_DISPERSION_CONCESIONARIO (IDCONCEPTO, IDCONCESIONARIO, IDBANCO, NIT_C, TIPOCUENTA, CUENTA, IDBANCOREC)
values (2, '02', '52', '8050253454', 'AHO', '086042843', '52');
insert into CTA_DISPERSION_CONCESIONARIO (IDCONCEPTO, IDCONCESIONARIO, IDBANCO, NIT_C, TIPOCUENTA, CUENTA, IDBANCOREC)
values (3, '02', '52', '8050253454', 'AHO', '059001313', '52');
insert into CTA_DISPERSION_CONCESIONARIO (IDCONCEPTO, IDCONCESIONARIO, IDBANCO, NIT_C, TIPOCUENTA, CUENTA, IDBANCOREC)
values (4, '02', '52', '8000826650', 'AHO', '059001313', '52');
insert into CTA_DISPERSION_CONCESIONARIO (IDCONCEPTO, IDCONCESIONARIO, IDBANCO, NIT_C, TIPOCUENTA, CUENTA, IDBANCOREC)
values (5, '02', '52', '8050253454', 'AHO', '059001354', '52');
insert into CTA_DISPERSION_CONCESIONARIO (IDCONCEPTO, IDCONCESIONARIO, IDBANCO, NIT_C, TIPOCUENTA, CUENTA, IDBANCOREC)
values (6, '02', '52', '8000826650', 'AHO', '086044443', '52');
insert into CTA_DISPERSION_CONCESIONARIO (IDCONCEPTO, IDCONCESIONARIO, IDBANCO, NIT_C, TIPOCUENTA, CUENTA, IDBANCOREC)
values (7, '02', '52', '8050253454', 'AHO', '059001313', '52');
insert into CTA_DISPERSION_CONCESIONARIO (IDCONCEPTO, IDCONCESIONARIO, IDBANCO, NIT_C, TIPOCUENTA, CUENTA, IDBANCOREC)
values (1, '04', '52', '8110398884', 'AHO', '059001313', '52');
insert into CTA_DISPERSION_CONCESIONARIO (IDCONCEPTO, IDCONCESIONARIO, IDBANCO, NIT_C, TIPOCUENTA, CUENTA, IDBANCOREC)
values (2, '04', '52', '8110398884', 'AHO', '086042843', '52');
insert into CTA_DISPERSION_CONCESIONARIO (IDCONCEPTO, IDCONCESIONARIO, IDBANCO, NIT_C, TIPOCUENTA, CUENTA, IDBANCOREC)
values (3, '04', '52', '8110398884', 'AHO', '059001313', '52');
insert into CTA_DISPERSION_CONCESIONARIO (IDCONCEPTO, IDCONCESIONARIO, IDBANCO, NIT_C, TIPOCUENTA, CUENTA, IDBANCOREC)
values (4, '04', '52', '8000826650', 'AHO', '059001313', '52');
insert into CTA_DISPERSION_CONCESIONARIO (IDCONCEPTO, IDCONCESIONARIO, IDBANCO, NIT_C, TIPOCUENTA, CUENTA, IDBANCOREC)
values (5, '04', '52', '8110398884', 'AHO', '059001354', '52');
insert into CTA_DISPERSION_CONCESIONARIO (IDCONCEPTO, IDCONCESIONARIO, IDBANCO, NIT_C, TIPOCUENTA, CUENTA, IDBANCOREC)
values (6, '04', '52', '8000826650', 'AHO', '086044443', '52');
insert into CTA_DISPERSION_CONCESIONARIO (IDCONCEPTO, IDCONCESIONARIO, IDBANCO, NIT_C, TIPOCUENTA, CUENTA, IDBANCOREC)
values (7, '04', '52', '8110398884', 'AHO', '059001313', '52');
insert into CTA_DISPERSION_CONCESIONARIO (IDCONCEPTO, IDCONCESIONARIO, IDBANCO, NIT_C, TIPOCUENTA, CUENTA, IDBANCOREC)
values (1, '05', '14', '8001410211', 'CTE', '005034475', '52');
insert into CTA_DISPERSION_CONCESIONARIO (IDCONCEPTO, IDCONCESIONARIO, IDBANCO, NIT_C, TIPOCUENTA, CUENTA, IDBANCOREC)
values (2, '05', '14', '8001410211', 'CTE', '005034475', '52');
insert into CTA_DISPERSION_CONCESIONARIO (IDCONCEPTO, IDCONCESIONARIO, IDBANCO, NIT_C, TIPOCUENTA, CUENTA, IDBANCOREC)
values (3, '05', '52', '8001410211', 'AHO', '059001313', '52');
insert into CTA_DISPERSION_CONCESIONARIO (IDCONCEPTO, IDCONCESIONARIO, IDBANCO, NIT_C, TIPOCUENTA, CUENTA, IDBANCOREC)
values (4, '05', '52', '8000826650', 'AHO', '059001313', '52');
insert into CTA_DISPERSION_CONCESIONARIO (IDCONCEPTO, IDCONCESIONARIO, IDBANCO, NIT_C, TIPOCUENTA, CUENTA, IDBANCOREC)
values (5, '05', '52', '8001410211', 'AHO', '059001354', '52');
insert into CTA_DISPERSION_CONCESIONARIO (IDCONCEPTO, IDCONCESIONARIO, IDBANCO, NIT_C, TIPOCUENTA, CUENTA, IDBANCOREC)
values (6, '05', '52', '8000826650', 'AHO', '086044443', '52');
insert into CTA_DISPERSION_CONCESIONARIO (IDCONCEPTO, IDCONCESIONARIO, IDBANCO, NIT_C, TIPOCUENTA, CUENTA, IDBANCOREC)
values (7, '05', '52', '8001410211', 'AHO', '059001313', '52');
insert into CTA_DISPERSION_CONCESIONARIO (IDCONCEPTO, IDCONCESIONARIO, IDBANCO, NIT_C, TIPOCUENTA, CUENTA, IDBANCOREC)
values (1, '06', '52', '8000826650', 'AHO', '059001313', '52');
insert into CTA_DISPERSION_CONCESIONARIO (IDCONCEPTO, IDCONCESIONARIO, IDBANCO, NIT_C, TIPOCUENTA, CUENTA, IDBANCOREC)
values (2, '06', '52', '8000826650', 'AHO', '086042843', '52');
insert into CTA_DISPERSION_CONCESIONARIO (IDCONCEPTO, IDCONCESIONARIO, IDBANCO, NIT_C, TIPOCUENTA, CUENTA, IDBANCOREC)
values (3, '06', '52', '8000826650', 'AHO', '059001313', '52');
insert into CTA_DISPERSION_CONCESIONARIO (IDCONCEPTO, IDCONCESIONARIO, IDBANCO, NIT_C, TIPOCUENTA, CUENTA, IDBANCOREC)
values (4, '06', '52', '8000826650', 'AHO', '059001313', '52');
insert into CTA_DISPERSION_CONCESIONARIO (IDCONCEPTO, IDCONCESIONARIO, IDBANCO, NIT_C, TIPOCUENTA, CUENTA, IDBANCOREC)
values (5, '06', '52', '8000826650', 'AHO', '059001354', '52');
insert into CTA_DISPERSION_CONCESIONARIO (IDCONCEPTO, IDCONCESIONARIO, IDBANCO, NIT_C, TIPOCUENTA, CUENTA, IDBANCOREC)
values (6, '06', '52', '8000826650', 'AHO', '086044443', '52');
insert into CTA_DISPERSION_CONCESIONARIO (IDCONCEPTO, IDCONCESIONARIO, IDBANCO, NIT_C, TIPOCUENTA, CUENTA, IDBANCOREC)
values (7, '06', '52', '8000826650', 'AHO', '059001313', '52');
insert into CTA_DISPERSION_CONCESIONARIO (IDCONCEPTO, IDCONCESIONARIO, IDBANCO, NIT_C, TIPOCUENTA, CUENTA, IDBANCOREC)
values (1, '03', '52', '8301123291', 'AHO', '059001313', '02');
insert into CTA_DISPERSION_CONCESIONARIO (IDCONCEPTO, IDCONCESIONARIO, IDBANCO, NIT_C, TIPOCUENTA, CUENTA, IDBANCOREC)
values (2, '03', '52', '8301123291', 'AHO', '086042843', '02');
insert into CTA_DISPERSION_CONCESIONARIO (IDCONCEPTO, IDCONCESIONARIO, IDBANCO, NIT_C, TIPOCUENTA, CUENTA, IDBANCOREC)
values (3, '03', '52', '8301123291', 'AHO', '059001313', '02');
insert into CTA_DISPERSION_CONCESIONARIO (IDCONCEPTO, IDCONCESIONARIO, IDBANCO, NIT_C, TIPOCUENTA, CUENTA, IDBANCOREC)
values (4, '03', '52', '8000826650', 'AHO', '059001313', '02');
insert into CTA_DISPERSION_CONCESIONARIO (IDCONCEPTO, IDCONCESIONARIO, IDBANCO, NIT_C, TIPOCUENTA, CUENTA, IDBANCOREC)
values (5, '03', '52', '8301123291', 'AHO', '059001354', '02');
insert into CTA_DISPERSION_CONCESIONARIO (IDCONCEPTO, IDCONCESIONARIO, IDBANCO, NIT_C, TIPOCUENTA, CUENTA, IDBANCOREC)
values (6, '03', '52', '8000826650', 'AHO', '086044443', '02');
insert into CTA_DISPERSION_CONCESIONARIO (IDCONCEPTO, IDCONCESIONARIO, IDBANCO, NIT_C, TIPOCUENTA, CUENTA, IDBANCOREC)
values (7, '03', '52', '8301123291', 'AHO', '059001313', '02');
insert into CTA_DISPERSION_CONCESIONARIO (IDCONCEPTO, IDCONCESIONARIO, IDBANCO, NIT_C, TIPOCUENTA, CUENTA, IDBANCOREC)
values (1, '01', '52', '8110367922', 'AHO', '059001313', '02');
insert into CTA_DISPERSION_CONCESIONARIO (IDCONCEPTO, IDCONCESIONARIO, IDBANCO, NIT_C, TIPOCUENTA, CUENTA, IDBANCOREC)
values (2, '01', '52', '8110367922', 'AHO', '086042843', '02');
insert into CTA_DISPERSION_CONCESIONARIO (IDCONCEPTO, IDCONCESIONARIO, IDBANCO, NIT_C, TIPOCUENTA, CUENTA, IDBANCOREC)
values (3, '01', '52', '8110367922', 'AHO', '059001313', '02');
insert into CTA_DISPERSION_CONCESIONARIO (IDCONCEPTO, IDCONCESIONARIO, IDBANCO, NIT_C, TIPOCUENTA, CUENTA, IDBANCOREC)
values (4, '01', '52', '8000826650', 'AHO', '059001313', '02');
insert into CTA_DISPERSION_CONCESIONARIO (IDCONCEPTO, IDCONCESIONARIO, IDBANCO, NIT_C, TIPOCUENTA, CUENTA, IDBANCOREC)
values (5, '01', '52', '8110367922', 'AHO', '059001354', '02');
insert into CTA_DISPERSION_CONCESIONARIO (IDCONCEPTO, IDCONCESIONARIO, IDBANCO, NIT_C, TIPOCUENTA, CUENTA, IDBANCOREC)
values (6, '01', '52', '8000826650', 'AHO', '086044443', '02');
insert into CTA_DISPERSION_CONCESIONARIO (IDCONCEPTO, IDCONCESIONARIO, IDBANCO, NIT_C, TIPOCUENTA, CUENTA, IDBANCOREC)
values (7, '01', '52', '8110367922', 'AHO', '059001313', '02');
insert into CTA_DISPERSION_CONCESIONARIO (IDCONCEPTO, IDCONCESIONARIO, IDBANCO, NIT_C, TIPOCUENTA, CUENTA, IDBANCOREC)
values (1, '02', '52', '8050253454', 'AHO', '059001313', '02');
insert into CTA_DISPERSION_CONCESIONARIO (IDCONCEPTO, IDCONCESIONARIO, IDBANCO, NIT_C, TIPOCUENTA, CUENTA, IDBANCOREC)
values (2, '02', '52', '8050253454', 'AHO', '086042843', '02');
insert into CTA_DISPERSION_CONCESIONARIO (IDCONCEPTO, IDCONCESIONARIO, IDBANCO, NIT_C, TIPOCUENTA, CUENTA, IDBANCOREC)
values (3, '02', '52', '8050253454', 'AHO', '059001313', '02');
insert into CTA_DISPERSION_CONCESIONARIO (IDCONCEPTO, IDCONCESIONARIO, IDBANCO, NIT_C, TIPOCUENTA, CUENTA, IDBANCOREC)
values (4, '02', '52', '8000826650', 'AHO', '059001313', '02');
insert into CTA_DISPERSION_CONCESIONARIO (IDCONCEPTO, IDCONCESIONARIO, IDBANCO, NIT_C, TIPOCUENTA, CUENTA, IDBANCOREC)
values (5, '02', '52', '8050253454', 'AHO', '059001354', '02');
insert into CTA_DISPERSION_CONCESIONARIO (IDCONCEPTO, IDCONCESIONARIO, IDBANCO, NIT_C, TIPOCUENTA, CUENTA, IDBANCOREC)
values (6, '02', '52', '8000826650', 'AHO', '086044443', '02');
insert into CTA_DISPERSION_CONCESIONARIO (IDCONCEPTO, IDCONCESIONARIO, IDBANCO, NIT_C, TIPOCUENTA, CUENTA, IDBANCOREC)
values (7, '02', '52', '8050253454', 'AHO', '059001313', '02');
insert into CTA_DISPERSION_CONCESIONARIO (IDCONCEPTO, IDCONCESIONARIO, IDBANCO, NIT_C, TIPOCUENTA, CUENTA, IDBANCOREC)
values (1, '04', '52', '8110398884', 'AHO', '059001313', '02');
insert into CTA_DISPERSION_CONCESIONARIO (IDCONCEPTO, IDCONCESIONARIO, IDBANCO, NIT_C, TIPOCUENTA, CUENTA, IDBANCOREC)
values (2, '04', '52', '8110398884', 'AHO', '086042843', '02');
insert into CTA_DISPERSION_CONCESIONARIO (IDCONCEPTO, IDCONCESIONARIO, IDBANCO, NIT_C, TIPOCUENTA, CUENTA, IDBANCOREC)
values (3, '04', '52', '8110398884', 'AHO', '059001313', '02');
insert into CTA_DISPERSION_CONCESIONARIO (IDCONCEPTO, IDCONCESIONARIO, IDBANCO, NIT_C, TIPOCUENTA, CUENTA, IDBANCOREC)
values (4, '04', '52', '8000826650', 'AHO', '059001313', '02');
insert into CTA_DISPERSION_CONCESIONARIO (IDCONCEPTO, IDCONCESIONARIO, IDBANCO, NIT_C, TIPOCUENTA, CUENTA, IDBANCOREC)
values (5, '04', '52', '8110398884', 'AHO', '059001354', '02');
insert into CTA_DISPERSION_CONCESIONARIO (IDCONCEPTO, IDCONCESIONARIO, IDBANCO, NIT_C, TIPOCUENTA, CUENTA, IDBANCOREC)
values (6, '04', '52', '8000826650', 'AHO', '086044443', '02');
insert into CTA_DISPERSION_CONCESIONARIO (IDCONCEPTO, IDCONCESIONARIO, IDBANCO, NIT_C, TIPOCUENTA, CUENTA, IDBANCOREC)
values (7, '04', '52', '8110398884', 'AHO', '059001313', '02');
insert into CTA_DISPERSION_CONCESIONARIO (IDCONCEPTO, IDCONCESIONARIO, IDBANCO, NIT_C, TIPOCUENTA, CUENTA, IDBANCOREC)
values (1, '05', '14', '8001410211', 'CTE', '005034475', '02');
insert into CTA_DISPERSION_CONCESIONARIO (IDCONCEPTO, IDCONCESIONARIO, IDBANCO, NIT_C, TIPOCUENTA, CUENTA, IDBANCOREC)
values (2, '05', '14', '8001410211', 'CTE', '005034475', '02');
insert into CTA_DISPERSION_CONCESIONARIO (IDCONCEPTO, IDCONCESIONARIO, IDBANCO, NIT_C, TIPOCUENTA, CUENTA, IDBANCOREC)
values (3, '05', '52', '8001410211', 'AHO', '059001313', '02');
insert into CTA_DISPERSION_CONCESIONARIO (IDCONCEPTO, IDCONCESIONARIO, IDBANCO, NIT_C, TIPOCUENTA, CUENTA, IDBANCOREC)
values (4, '05', '52', '8000826650', 'AHO', '059001313', '02');
insert into CTA_DISPERSION_CONCESIONARIO (IDCONCEPTO, IDCONCESIONARIO, IDBANCO, NIT_C, TIPOCUENTA, CUENTA, IDBANCOREC)
values (5, '05', '52', '8001410211', 'AHO', '059001354', '02');
insert into CTA_DISPERSION_CONCESIONARIO (IDCONCEPTO, IDCONCESIONARIO, IDBANCO, NIT_C, TIPOCUENTA, CUENTA, IDBANCOREC)
values (6, '05', '52', '8000826650', 'AHO', '086044443', '02');
insert into CTA_DISPERSION_CONCESIONARIO (IDCONCEPTO, IDCONCESIONARIO, IDBANCO, NIT_C, TIPOCUENTA, CUENTA, IDBANCOREC)
values (7, '05', '52', '8001410211', 'AHO', '059001313', '02');
insert into CTA_DISPERSION_CONCESIONARIO (IDCONCEPTO, IDCONCESIONARIO, IDBANCO, NIT_C, TIPOCUENTA, CUENTA, IDBANCOREC)
values (1, '06', '52', '8000826650', 'AHO', '059001313', '02');
insert into CTA_DISPERSION_CONCESIONARIO (IDCONCEPTO, IDCONCESIONARIO, IDBANCO, NIT_C, TIPOCUENTA, CUENTA, IDBANCOREC)
values (2, '06', '52', '8000826650', 'AHO', '086042843', '02');
insert into CTA_DISPERSION_CONCESIONARIO (IDCONCEPTO, IDCONCESIONARIO, IDBANCO, NIT_C, TIPOCUENTA, CUENTA, IDBANCOREC)
values (3, '06', '52', '8000826650', 'AHO', '059001313', '02');
insert into CTA_DISPERSION_CONCESIONARIO (IDCONCEPTO, IDCONCESIONARIO, IDBANCO, NIT_C, TIPOCUENTA, CUENTA, IDBANCOREC)
values (4, '06', '52', '8000826650', 'AHO', '059001313', '02');
insert into CTA_DISPERSION_CONCESIONARIO (IDCONCEPTO, IDCONCESIONARIO, IDBANCO, NIT_C, TIPOCUENTA, CUENTA, IDBANCOREC)
values (5, '06', '52', '8000826650', 'AHO', '059001354', '02');
insert into CTA_DISPERSION_CONCESIONARIO (IDCONCEPTO, IDCONCESIONARIO, IDBANCO, NIT_C, TIPOCUENTA, CUENTA, IDBANCOREC)
values (6, '06', '52', '8000826650', 'AHO', '086044443', '02');
insert into CTA_DISPERSION_CONCESIONARIO (IDCONCEPTO, IDCONCESIONARIO, IDBANCO, NIT_C, TIPOCUENTA, CUENTA, IDBANCOREC)
values (7, '06', '52', '8000826650', 'AHO', '059001313', '02');
insert into CTA_DISPERSION_CONCESIONARIO (IDCONCEPTO, IDCONCESIONARIO, IDBANCO, NIT_C, TIPOCUENTA, CUENTA, IDBANCOREC)
values (1, '03', '52', '8301123291', 'AHO', '059001313', '40');
insert into CTA_DISPERSION_CONCESIONARIO (IDCONCEPTO, IDCONCESIONARIO, IDBANCO, NIT_C, TIPOCUENTA, CUENTA, IDBANCOREC)
values (2, '03', '52', '8301123291', 'AHO', '086042843', '40');
insert into CTA_DISPERSION_CONCESIONARIO (IDCONCEPTO, IDCONCESIONARIO, IDBANCO, NIT_C, TIPOCUENTA, CUENTA, IDBANCOREC)
values (3, '03', '52', '8301123291', 'AHO', '059001313', '40');
insert into CTA_DISPERSION_CONCESIONARIO (IDCONCEPTO, IDCONCESIONARIO, IDBANCO, NIT_C, TIPOCUENTA, CUENTA, IDBANCOREC)
values (4, '03', '52', '8000826650', 'AHO', '059001313', '40');
insert into CTA_DISPERSION_CONCESIONARIO (IDCONCEPTO, IDCONCESIONARIO, IDBANCO, NIT_C, TIPOCUENTA, CUENTA, IDBANCOREC)
values (5, '03', '52', '8301123291', 'AHO', '059001354', '40');
insert into CTA_DISPERSION_CONCESIONARIO (IDCONCEPTO, IDCONCESIONARIO, IDBANCO, NIT_C, TIPOCUENTA, CUENTA, IDBANCOREC)
values (6, '03', '52', '8000826650', 'AHO', '086044443', '40');
insert into CTA_DISPERSION_CONCESIONARIO (IDCONCEPTO, IDCONCESIONARIO, IDBANCO, NIT_C, TIPOCUENTA, CUENTA, IDBANCOREC)
values (7, '03', '52', '8301123291', 'AHO', '059001313', '40');
insert into CTA_DISPERSION_CONCESIONARIO (IDCONCEPTO, IDCONCESIONARIO, IDBANCO, NIT_C, TIPOCUENTA, CUENTA, IDBANCOREC)
values (1, '01', '52', '8110367922', 'AHO', '059001313', '40');
insert into CTA_DISPERSION_CONCESIONARIO (IDCONCEPTO, IDCONCESIONARIO, IDBANCO, NIT_C, TIPOCUENTA, CUENTA, IDBANCOREC)
values (2, '01', '52', '8110367922', 'AHO', '086042843', '40');
insert into CTA_DISPERSION_CONCESIONARIO (IDCONCEPTO, IDCONCESIONARIO, IDBANCO, NIT_C, TIPOCUENTA, CUENTA, IDBANCOREC)
values (3, '01', '52', '8110367922', 'AHO', '059001313', '40');
insert into CTA_DISPERSION_CONCESIONARIO (IDCONCEPTO, IDCONCESIONARIO, IDBANCO, NIT_C, TIPOCUENTA, CUENTA, IDBANCOREC)
values (4, '01', '52', '8000826650', 'AHO', '059001313', '40');
insert into CTA_DISPERSION_CONCESIONARIO (IDCONCEPTO, IDCONCESIONARIO, IDBANCO, NIT_C, TIPOCUENTA, CUENTA, IDBANCOREC)
values (5, '01', '52', '8110367922', 'AHO', '059001354', '40');
insert into CTA_DISPERSION_CONCESIONARIO (IDCONCEPTO, IDCONCESIONARIO, IDBANCO, NIT_C, TIPOCUENTA, CUENTA, IDBANCOREC)
values (6, '01', '52', '8000826650', 'AHO', '086044443', '40');
insert into CTA_DISPERSION_CONCESIONARIO (IDCONCEPTO, IDCONCESIONARIO, IDBANCO, NIT_C, TIPOCUENTA, CUENTA, IDBANCOREC)
values (7, '01', '52', '8110367922', 'AHO', '059001313', '40');
insert into CTA_DISPERSION_CONCESIONARIO (IDCONCEPTO, IDCONCESIONARIO, IDBANCO, NIT_C, TIPOCUENTA, CUENTA, IDBANCOREC)
values (1, '02', '52', '8050253454', 'AHO', '059001313', '40');
insert into CTA_DISPERSION_CONCESIONARIO (IDCONCEPTO, IDCONCESIONARIO, IDBANCO, NIT_C, TIPOCUENTA, CUENTA, IDBANCOREC)
values (2, '02', '52', '8050253454', 'AHO', '086042843', '40');
commit;
prompt 100 records committed...
insert into CTA_DISPERSION_CONCESIONARIO (IDCONCEPTO, IDCONCESIONARIO, IDBANCO, NIT_C, TIPOCUENTA, CUENTA, IDBANCOREC)
values (3, '02', '52', '8050253454', 'AHO', '059001313', '40');
insert into CTA_DISPERSION_CONCESIONARIO (IDCONCEPTO, IDCONCESIONARIO, IDBANCO, NIT_C, TIPOCUENTA, CUENTA, IDBANCOREC)
values (4, '02', '52', '8000826650', 'AHO', '059001313', '40');
insert into CTA_DISPERSION_CONCESIONARIO (IDCONCEPTO, IDCONCESIONARIO, IDBANCO, NIT_C, TIPOCUENTA, CUENTA, IDBANCOREC)
values (5, '02', '52', '8050253454', 'AHO', '059001354', '40');
insert into CTA_DISPERSION_CONCESIONARIO (IDCONCEPTO, IDCONCESIONARIO, IDBANCO, NIT_C, TIPOCUENTA, CUENTA, IDBANCOREC)
values (6, '02', '52', '8000826650', 'AHO', '086044443', '40');
insert into CTA_DISPERSION_CONCESIONARIO (IDCONCEPTO, IDCONCESIONARIO, IDBANCO, NIT_C, TIPOCUENTA, CUENTA, IDBANCOREC)
values (7, '02', '52', '8050253454', 'AHO', '059001313', '40');
insert into CTA_DISPERSION_CONCESIONARIO (IDCONCEPTO, IDCONCESIONARIO, IDBANCO, NIT_C, TIPOCUENTA, CUENTA, IDBANCOREC)
values (1, '04', '52', '8110398884', 'AHO', '059001313', '40');
insert into CTA_DISPERSION_CONCESIONARIO (IDCONCEPTO, IDCONCESIONARIO, IDBANCO, NIT_C, TIPOCUENTA, CUENTA, IDBANCOREC)
values (2, '04', '52', '8110398884', 'AHO', '086042843', '40');
insert into CTA_DISPERSION_CONCESIONARIO (IDCONCEPTO, IDCONCESIONARIO, IDBANCO, NIT_C, TIPOCUENTA, CUENTA, IDBANCOREC)
values (3, '04', '52', '8110398884', 'AHO', '059001313', '40');
insert into CTA_DISPERSION_CONCESIONARIO (IDCONCEPTO, IDCONCESIONARIO, IDBANCO, NIT_C, TIPOCUENTA, CUENTA, IDBANCOREC)
values (4, '04', '52', '8000826650', 'AHO', '059001313', '40');
insert into CTA_DISPERSION_CONCESIONARIO (IDCONCEPTO, IDCONCESIONARIO, IDBANCO, NIT_C, TIPOCUENTA, CUENTA, IDBANCOREC)
values (5, '04', '52', '8110398884', 'AHO', '059001354', '40');
insert into CTA_DISPERSION_CONCESIONARIO (IDCONCEPTO, IDCONCESIONARIO, IDBANCO, NIT_C, TIPOCUENTA, CUENTA, IDBANCOREC)
values (6, '04', '52', '8000826650', 'AHO', '086044443', '40');
insert into CTA_DISPERSION_CONCESIONARIO (IDCONCEPTO, IDCONCESIONARIO, IDBANCO, NIT_C, TIPOCUENTA, CUENTA, IDBANCOREC)
values (7, '04', '52', '8110398884', 'AHO', '059001313', '40');
insert into CTA_DISPERSION_CONCESIONARIO (IDCONCEPTO, IDCONCESIONARIO, IDBANCO, NIT_C, TIPOCUENTA, CUENTA, IDBANCOREC)
values (1, '05', '14', '8001410211', 'CTE', '005034475', '40');
insert into CTA_DISPERSION_CONCESIONARIO (IDCONCEPTO, IDCONCESIONARIO, IDBANCO, NIT_C, TIPOCUENTA, CUENTA, IDBANCOREC)
values (2, '05', '14', '8001410211', 'CTE', '005034475', '40');
insert into CTA_DISPERSION_CONCESIONARIO (IDCONCEPTO, IDCONCESIONARIO, IDBANCO, NIT_C, TIPOCUENTA, CUENTA, IDBANCOREC)
values (3, '05', '52', '8001410211', 'AHO', '059001313', '40');
insert into CTA_DISPERSION_CONCESIONARIO (IDCONCEPTO, IDCONCESIONARIO, IDBANCO, NIT_C, TIPOCUENTA, CUENTA, IDBANCOREC)
values (4, '05', '52', '8000826650', 'AHO', '059001313', '40');
insert into CTA_DISPERSION_CONCESIONARIO (IDCONCEPTO, IDCONCESIONARIO, IDBANCO, NIT_C, TIPOCUENTA, CUENTA, IDBANCOREC)
values (5, '05', '52', '8001410211', 'AHO', '059001354', '40');
insert into CTA_DISPERSION_CONCESIONARIO (IDCONCEPTO, IDCONCESIONARIO, IDBANCO, NIT_C, TIPOCUENTA, CUENTA, IDBANCOREC)
values (6, '05', '52', '8000826650', 'AHO', '086044443', '40');
insert into CTA_DISPERSION_CONCESIONARIO (IDCONCEPTO, IDCONCESIONARIO, IDBANCO, NIT_C, TIPOCUENTA, CUENTA, IDBANCOREC)
values (7, '05', '52', '8001410211', 'AHO', '059001313', '40');
insert into CTA_DISPERSION_CONCESIONARIO (IDCONCEPTO, IDCONCESIONARIO, IDBANCO, NIT_C, TIPOCUENTA, CUENTA, IDBANCOREC)
values (1, '06', '52', '8000826650', 'AHO', '059001313', '40');
insert into CTA_DISPERSION_CONCESIONARIO (IDCONCEPTO, IDCONCESIONARIO, IDBANCO, NIT_C, TIPOCUENTA, CUENTA, IDBANCOREC)
values (2, '06', '52', '8000826650', 'AHO', '086042843', '40');
insert into CTA_DISPERSION_CONCESIONARIO (IDCONCEPTO, IDCONCESIONARIO, IDBANCO, NIT_C, TIPOCUENTA, CUENTA, IDBANCOREC)
values (3, '06', '52', '8000826650', 'AHO', '059001313', '40');
insert into CTA_DISPERSION_CONCESIONARIO (IDCONCEPTO, IDCONCESIONARIO, IDBANCO, NIT_C, TIPOCUENTA, CUENTA, IDBANCOREC)
values (4, '06', '52', '8000826650', 'AHO', '059001313', '40');
insert into CTA_DISPERSION_CONCESIONARIO (IDCONCEPTO, IDCONCESIONARIO, IDBANCO, NIT_C, TIPOCUENTA, CUENTA, IDBANCOREC)
values (5, '06', '52', '8000826650', 'AHO', '059001354', '40');
insert into CTA_DISPERSION_CONCESIONARIO (IDCONCEPTO, IDCONCESIONARIO, IDBANCO, NIT_C, TIPOCUENTA, CUENTA, IDBANCOREC)
values (6, '06', '52', '8000826650', 'AHO', '086044443', '40');
insert into CTA_DISPERSION_CONCESIONARIO (IDCONCEPTO, IDCONCESIONARIO, IDBANCO, NIT_C, TIPOCUENTA, CUENTA, IDBANCOREC)
values (7, '06', '52', '8000826650', 'AHO', '059001313', '40');
insert into CTA_DISPERSION_CONCESIONARIO (IDCONCEPTO, IDCONCESIONARIO, IDBANCO, NIT_C, TIPOCUENTA, CUENTA, IDBANCOREC)
values (1, '01', '51', '8110367922', 'CTE', '396769999865', '50');
insert into CTA_DISPERSION_CONCESIONARIO (IDCONCEPTO, IDCONCESIONARIO, IDBANCO, NIT_C, TIPOCUENTA, CUENTA, IDBANCOREC)
values (2, '01', '51', '8110367922', 'AHO', '396700002514', '50');
insert into CTA_DISPERSION_CONCESIONARIO (IDCONCEPTO, IDCONCESIONARIO, IDBANCO, NIT_C, TIPOCUENTA, CUENTA, IDBANCOREC)
values (3, '01', '51', '8110367922', 'CTE', '396769999865', '50');
insert into CTA_DISPERSION_CONCESIONARIO (IDCONCEPTO, IDCONCESIONARIO, IDBANCO, NIT_C, TIPOCUENTA, CUENTA, IDBANCOREC)
values (4, '01', '50', '8000826650', 'AHO', '186001178', '50');
insert into CTA_DISPERSION_CONCESIONARIO (IDCONCEPTO, IDCONCESIONARIO, IDBANCO, NIT_C, TIPOCUENTA, CUENTA, IDBANCOREC)
values (5, '01', '50', '8301123291', 'CTE', '186992939', '50');
insert into CTA_DISPERSION_CONCESIONARIO (IDCONCEPTO, IDCONCESIONARIO, IDBANCO, NIT_C, TIPOCUENTA, CUENTA, IDBANCOREC)
values (6, '01', '50', '8000826650', 'AHO', '186001038', '50');
insert into CTA_DISPERSION_CONCESIONARIO (IDCONCEPTO, IDCONCESIONARIO, IDBANCO, NIT_C, TIPOCUENTA, CUENTA, IDBANCOREC)
values (7, '01', '23', '8110367922', 'CTE', '405058777', '50');
insert into CTA_DISPERSION_CONCESIONARIO (IDCONCEPTO, IDCONCESIONARIO, IDBANCO, NIT_C, TIPOCUENTA, CUENTA, IDBANCOREC)
values (1, '02', '50', '8050253454', 'CTE', '137990438', '50');
insert into CTA_DISPERSION_CONCESIONARIO (IDCONCEPTO, IDCONCESIONARIO, IDBANCO, NIT_C, TIPOCUENTA, CUENTA, IDBANCOREC)
values (2, '02', '50', '8050253454', 'AHO', '137538989', '50');
insert into CTA_DISPERSION_CONCESIONARIO (IDCONCEPTO, IDCONCESIONARIO, IDBANCO, NIT_C, TIPOCUENTA, CUENTA, IDBANCOREC)
values (3, '02', '50', '8050253454', 'CTE', '137990438', '50');
insert into CTA_DISPERSION_CONCESIONARIO (IDCONCEPTO, IDCONCESIONARIO, IDBANCO, NIT_C, TIPOCUENTA, CUENTA, IDBANCOREC)
values (4, '02', '50', '8000826650', 'AHO', '186001178', '50');
insert into CTA_DISPERSION_CONCESIONARIO (IDCONCEPTO, IDCONCESIONARIO, IDBANCO, NIT_C, TIPOCUENTA, CUENTA, IDBANCOREC)
values (5, '02', '50', '8301123291', 'CTE', '186992939', '50');
insert into CTA_DISPERSION_CONCESIONARIO (IDCONCEPTO, IDCONCESIONARIO, IDBANCO, NIT_C, TIPOCUENTA, CUENTA, IDBANCOREC)
values (6, '02', '50', '8000826650', 'AHO', '186001038', '50');
insert into CTA_DISPERSION_CONCESIONARIO (IDCONCEPTO, IDCONCESIONARIO, IDBANCO, NIT_C, TIPOCUENTA, CUENTA, IDBANCOREC)
values (7, '02', '50', '8050253454', 'CTE', '137990438', '50');
insert into CTA_DISPERSION_CONCESIONARIO (IDCONCEPTO, IDCONCESIONARIO, IDBANCO, NIT_C, TIPOCUENTA, CUENTA, IDBANCOREC)
values (1, '03', '50', '8301123291', 'CTE', '186992947', '50');
insert into CTA_DISPERSION_CONCESIONARIO (IDCONCEPTO, IDCONCESIONARIO, IDBANCO, NIT_C, TIPOCUENTA, CUENTA, IDBANCOREC)
values (2, '03', '50', '8301123291', 'AHO', '186001095', '50');
insert into CTA_DISPERSION_CONCESIONARIO (IDCONCEPTO, IDCONCESIONARIO, IDBANCO, NIT_C, TIPOCUENTA, CUENTA, IDBANCOREC)
values (3, '03', '50', '8301123291', 'CTE', '186992939', '50');
insert into CTA_DISPERSION_CONCESIONARIO (IDCONCEPTO, IDCONCESIONARIO, IDBANCO, NIT_C, TIPOCUENTA, CUENTA, IDBANCOREC)
values (4, '03', '50', '8000826650', 'AHO', '186001178', '50');
insert into CTA_DISPERSION_CONCESIONARIO (IDCONCEPTO, IDCONCESIONARIO, IDBANCO, NIT_C, TIPOCUENTA, CUENTA, IDBANCOREC)
values (5, '03', '50', '8301123291', 'CTE', '186992939', '50');
insert into CTA_DISPERSION_CONCESIONARIO (IDCONCEPTO, IDCONCESIONARIO, IDBANCO, NIT_C, TIPOCUENTA, CUENTA, IDBANCOREC)
values (6, '03', '50', '8000826650', 'AHO', '186001038', '50');
insert into CTA_DISPERSION_CONCESIONARIO (IDCONCEPTO, IDCONCESIONARIO, IDBANCO, NIT_C, TIPOCUENTA, CUENTA, IDBANCOREC)
values (7, '03', '50', '8301123291', 'CTE', '186992947', '50');
insert into CTA_DISPERSION_CONCESIONARIO (IDCONCEPTO, IDCONCESIONARIO, IDBANCO, NIT_C, TIPOCUENTA, CUENTA, IDBANCOREC)
values (1, '04', '51', '8110398884', 'CTE', '396769999873', '50');
insert into CTA_DISPERSION_CONCESIONARIO (IDCONCEPTO, IDCONCESIONARIO, IDBANCO, NIT_C, TIPOCUENTA, CUENTA, IDBANCOREC)
values (2, '04', '51', '8110398884', 'AHO', '396700002522', '50');
insert into CTA_DISPERSION_CONCESIONARIO (IDCONCEPTO, IDCONCESIONARIO, IDBANCO, NIT_C, TIPOCUENTA, CUENTA, IDBANCOREC)
values (3, '04', '50', '8110398884', 'CTE', '396769999873', '50');
insert into CTA_DISPERSION_CONCESIONARIO (IDCONCEPTO, IDCONCESIONARIO, IDBANCO, NIT_C, TIPOCUENTA, CUENTA, IDBANCOREC)
values (4, '04', '50', '8000826650', 'AHO', '186001178', '50');
insert into CTA_DISPERSION_CONCESIONARIO (IDCONCEPTO, IDCONCESIONARIO, IDBANCO, NIT_C, TIPOCUENTA, CUENTA, IDBANCOREC)
values (5, '04', '50', '8301123291', 'CTE', '186992939', '50');
insert into CTA_DISPERSION_CONCESIONARIO (IDCONCEPTO, IDCONCESIONARIO, IDBANCO, NIT_C, TIPOCUENTA, CUENTA, IDBANCOREC)
values (6, '04', '50', '8000826650', 'AHO', '186001038', '50');
insert into CTA_DISPERSION_CONCESIONARIO (IDCONCEPTO, IDCONCESIONARIO, IDBANCO, NIT_C, TIPOCUENTA, CUENTA, IDBANCOREC)
values (7, '04', '07', '8110398884', 'CTE', '1004102553055', '50');
insert into CTA_DISPERSION_CONCESIONARIO (IDCONCEPTO, IDCONCESIONARIO, IDBANCO, NIT_C, TIPOCUENTA, CUENTA, IDBANCOREC)
values (4, '05', '50', '8000826650', 'AHO', '186001178', '50');
insert into CTA_DISPERSION_CONCESIONARIO (IDCONCEPTO, IDCONCESIONARIO, IDBANCO, NIT_C, TIPOCUENTA, CUENTA, IDBANCOREC)
values (5, '05', '50', '8301123291', 'CTE', '186992939', '50');
insert into CTA_DISPERSION_CONCESIONARIO (IDCONCEPTO, IDCONCESIONARIO, IDBANCO, NIT_C, TIPOCUENTA, CUENTA, IDBANCOREC)
values (6, '05', '50', '8000826650', 'AHO', '186001038', '50');
insert into CTA_DISPERSION_CONCESIONARIO (IDCONCEPTO, IDCONCESIONARIO, IDBANCO, NIT_C, TIPOCUENTA, CUENTA, IDBANCOREC)
values (1, '05', '14', '8001410211', 'CTE', '005034475', '50');
insert into CTA_DISPERSION_CONCESIONARIO (IDCONCEPTO, IDCONCESIONARIO, IDBANCO, NIT_C, TIPOCUENTA, CUENTA, IDBANCOREC)
values (2, '05', '14', '8001410211', 'CTE', '005034475', '50');
insert into CTA_DISPERSION_CONCESIONARIO (IDCONCEPTO, IDCONCESIONARIO, IDBANCO, NIT_C, TIPOCUENTA, CUENTA, IDBANCOREC)
values (3, '05', '50', '8001410211', 'CTE', '005034475', '50');
insert into CTA_DISPERSION_CONCESIONARIO (IDCONCEPTO, IDCONCESIONARIO, IDBANCO, NIT_C, TIPOCUENTA, CUENTA, IDBANCOREC)
values (7, '05', '50', '8001410211', 'CTE', '005034475', '50');
insert into CTA_DISPERSION_CONCESIONARIO (IDCONCEPTO, IDCONCESIONARIO, IDBANCO, NIT_C, TIPOCUENTA, CUENTA, IDBANCOREC)
values (1, '06', '50', '8000826650', 'AHO', '186001160', '50');
insert into CTA_DISPERSION_CONCESIONARIO (IDCONCEPTO, IDCONCESIONARIO, IDBANCO, NIT_C, TIPOCUENTA, CUENTA, IDBANCOREC)
values (2, '06', '50', '8000826650', 'AHO', '186001160', '50');
insert into CTA_DISPERSION_CONCESIONARIO (IDCONCEPTO, IDCONCESIONARIO, IDBANCO, NIT_C, TIPOCUENTA, CUENTA, IDBANCOREC)
values (3, '06', '50', '8000826650', 'AHO', '186001160', '50');
insert into CTA_DISPERSION_CONCESIONARIO (IDCONCEPTO, IDCONCESIONARIO, IDBANCO, NIT_C, TIPOCUENTA, CUENTA, IDBANCOREC)
values (4, '06', '50', '8000826650', 'AHO', '186001160', '50');
insert into CTA_DISPERSION_CONCESIONARIO (IDCONCEPTO, IDCONCESIONARIO, IDBANCO, NIT_C, TIPOCUENTA, CUENTA, IDBANCOREC)
values (5, '06', '50', '8000826650', 'AHO', '186001160', '50');
insert into CTA_DISPERSION_CONCESIONARIO (IDCONCEPTO, IDCONCESIONARIO, IDBANCO, NIT_C, TIPOCUENTA, CUENTA, IDBANCOREC)
values (6, '06', '50', '8000826650', 'AHO', '186001160', '50');
insert into CTA_DISPERSION_CONCESIONARIO (IDCONCEPTO, IDCONCESIONARIO, IDBANCO, NIT_C, TIPOCUENTA, CUENTA, IDBANCOREC)
values (7, '06', '50', '8000826650', 'AHO', '186001160', '50');
commit;
prompt 168 records loaded
prompt Loading CTA_DISPERSION_FCM...
insert into CTA_DISPERSION_FCM (NIT_FCM, IDBANCOREC, CTA_DISP_S_BANCO, CTA_DISP_S_TIPO_CTA, CTA_DISP_S_CTA, CTA_DISP_P_BANCO, CTA_DISP_P_TIPO_CTA, CTA_DISP_P_CTA, CTA_DISP_PA_BANCO, CTA_DISP_PA_TIPO_CTA, CTA_DISP_PA_CTA, CTA_DISP_AC_BANCO, CTA_DISP_AC_TIPO_CTA, CTA_DISP_AC_CTA, BORRCTA_DISP_C_BANCO, BORRCTA_DISP_C_TIPO_CTA, BORRCTA_DISP_C_CTA, CTA_CON_S, CTA_CON_P, CTA_CON_PA, CTA_CON_AC)
values ('8000826650', '52', '52', 'AHO', '086042413', '52', 'AHO', '086042413', '52', 'AHO', '026059444', '52', 'AHO', '086042058', null, null, null, '1110061001', '1110061001', '1110062201', '1110061501');
insert into CTA_DISPERSION_FCM (NIT_FCM, IDBANCOREC, CTA_DISP_S_BANCO, CTA_DISP_S_TIPO_CTA, CTA_DISP_S_CTA, CTA_DISP_P_BANCO, CTA_DISP_P_TIPO_CTA, CTA_DISP_P_CTA, CTA_DISP_PA_BANCO, CTA_DISP_PA_TIPO_CTA, CTA_DISP_PA_CTA, CTA_DISP_AC_BANCO, CTA_DISP_AC_TIPO_CTA, CTA_DISP_AC_CTA, BORRCTA_DISP_C_BANCO, BORRCTA_DISP_C_TIPO_CTA, BORRCTA_DISP_C_CTA, CTA_CON_S, CTA_CON_P, CTA_CON_PA, CTA_CON_AC)
values ('8000826650', '50', '50', 'AHO', '186001160', '50', 'AHO', '186001160', '50', 'AHO', '186001178', '50', 'AHO', '186001038', null, null, null, '1110065602', '1110065602', '1110065801', '1110065701');
insert into CTA_DISPERSION_FCM (NIT_FCM, IDBANCOREC, CTA_DISP_S_BANCO, CTA_DISP_S_TIPO_CTA, CTA_DISP_S_CTA, CTA_DISP_P_BANCO, CTA_DISP_P_TIPO_CTA, CTA_DISP_P_CTA, CTA_DISP_PA_BANCO, CTA_DISP_PA_TIPO_CTA, CTA_DISP_PA_CTA, CTA_DISP_AC_BANCO, CTA_DISP_AC_TIPO_CTA, CTA_DISP_AC_CTA, BORRCTA_DISP_C_BANCO, BORRCTA_DISP_C_TIPO_CTA, BORRCTA_DISP_C_CTA, CTA_CON_S, CTA_CON_P, CTA_CON_PA, CTA_CON_AC)
values ('8000826650', '40', '52', 'AHO', '086042413', '52', 'AHO', '086042413', '52', 'AHO', '026059444', '52', 'AHO', '086042058', null, null, null, '1110061001', '1110061001', '1110062201', '1110061501');
insert into CTA_DISPERSION_FCM (NIT_FCM, IDBANCOREC, CTA_DISP_S_BANCO, CTA_DISP_S_TIPO_CTA, CTA_DISP_S_CTA, CTA_DISP_P_BANCO, CTA_DISP_P_TIPO_CTA, CTA_DISP_P_CTA, CTA_DISP_PA_BANCO, CTA_DISP_PA_TIPO_CTA, CTA_DISP_PA_CTA, CTA_DISP_AC_BANCO, CTA_DISP_AC_TIPO_CTA, CTA_DISP_AC_CTA, BORRCTA_DISP_C_BANCO, BORRCTA_DISP_C_TIPO_CTA, BORRCTA_DISP_C_CTA, CTA_CON_S, CTA_CON_P, CTA_CON_PA, CTA_CON_AC)
values ('8000826650', '02', '52', 'AHO', '086042413', '52', 'AHO', '086042413', '52', 'AHO', '026059444', '52', 'AHO', '086042058', null, null, null, '1110061001', '1110061001', '1110062201', '1110061501');
commit;
prompt 4 records loaded
prompt Loading CTA_DISPERSION_TERCERO...
prompt Table is empty
prompt Loading CTA_RECAUDO_CONCESIONARIO...
insert into CTA_RECAUDO_CONCESIONARIO (IDCONCESIONARIO, IDBANCO, INDTIPO, TIPOCUENTA, CUENTA, COMISION_RECAUDO, COMISION_ACH, CTA_CONTABLE, CTA_CONTABLE_ING)
values ('06', '50', 'POLCA', 'AHO', '186001087', 0, 0, '1110065501', '1110065502');
insert into CTA_RECAUDO_CONCESIONARIO (IDCONCESIONARIO, IDBANCO, INDTIPO, TIPOCUENTA, CUENTA, COMISION_RECAUDO, COMISION_ACH, CTA_CONTABLE, CTA_CONTABLE_ING)
values ('06', '52', 'POLCA', 'AHO', '086044443', 0, 0, '1110061801', '1110061802');
insert into CTA_RECAUDO_CONCESIONARIO (IDCONCESIONARIO, IDBANCO, INDTIPO, TIPOCUENTA, CUENTA, COMISION_RECAUDO, COMISION_ACH, CTA_CONTABLE, CTA_CONTABLE_ING)
values ('04', '40', 'SIMIT', 'AHO', '4082030020084', 0, 0, '1110063901', '1110063902');
insert into CTA_RECAUDO_CONCESIONARIO (IDCONCESIONARIO, IDBANCO, INDTIPO, TIPOCUENTA, CUENTA, COMISION_RECAUDO, COMISION_ACH, CTA_CONTABLE, CTA_CONTABLE_ING)
values ('01', '02', 'SIMIT', 'AHO', '220070014717', 0, 0, '1110063201', '1110063202');
insert into CTA_RECAUDO_CONCESIONARIO (IDCONCESIONARIO, IDBANCO, INDTIPO, TIPOCUENTA, CUENTA, COMISION_RECAUDO, COMISION_ACH, CTA_CONTABLE, CTA_CONTABLE_ING)
values ('02', '02', 'POLCA', 'AHO', '220070029350', 0, 0, '1110063401', '1110063402');
insert into CTA_RECAUDO_CONCESIONARIO (IDCONCESIONARIO, IDBANCO, INDTIPO, TIPOCUENTA, CUENTA, COMISION_RECAUDO, COMISION_ACH, CTA_CONTABLE, CTA_CONTABLE_ING)
values ('02', '02', 'SIMIT', 'AHO', '220070014717', 0, 0, '1110063201', '1110063202');
insert into CTA_RECAUDO_CONCESIONARIO (IDCONCESIONARIO, IDBANCO, INDTIPO, TIPOCUENTA, CUENTA, COMISION_RECAUDO, COMISION_ACH, CTA_CONTABLE, CTA_CONTABLE_ING)
values ('03', '02', 'SIMIT', 'AHO', '220070014717', 0, 0, '1110063201', '1110063202');
insert into CTA_RECAUDO_CONCESIONARIO (IDCONCESIONARIO, IDBANCO, INDTIPO, TIPOCUENTA, CUENTA, COMISION_RECAUDO, COMISION_ACH, CTA_CONTABLE, CTA_CONTABLE_ING)
values ('03', '02', 'POLCA', 'AHO', '220070029350', 0, 0, '1110063401', '1110063402');
insert into CTA_RECAUDO_CONCESIONARIO (IDCONCESIONARIO, IDBANCO, INDTIPO, TIPOCUENTA, CUENTA, COMISION_RECAUDO, COMISION_ACH, CTA_CONTABLE, CTA_CONTABLE_ING)
values ('04', '02', 'SIMIT', 'AHO', '220070014717', 0, 0, '1110063201', '1110063202');
insert into CTA_RECAUDO_CONCESIONARIO (IDCONCESIONARIO, IDBANCO, INDTIPO, TIPOCUENTA, CUENTA, COMISION_RECAUDO, COMISION_ACH, CTA_CONTABLE, CTA_CONTABLE_ING)
values ('04', '02', 'POLCA', 'AHO', '220070029350', 0, 0, '1110063401', '1110063402');
insert into CTA_RECAUDO_CONCESIONARIO (IDCONCESIONARIO, IDBANCO, INDTIPO, TIPOCUENTA, CUENTA, COMISION_RECAUDO, COMISION_ACH, CTA_CONTABLE, CTA_CONTABLE_ING)
values ('05', '02', 'SIMIT', 'AHO', '220070014717', 0, 0, '1110063201', '1110063202');
insert into CTA_RECAUDO_CONCESIONARIO (IDCONCESIONARIO, IDBANCO, INDTIPO, TIPOCUENTA, CUENTA, COMISION_RECAUDO, COMISION_ACH, CTA_CONTABLE, CTA_CONTABLE_ING)
values ('05', '02', 'POLCA', 'AHO', '220070029350', 0, 0, '1110063401', '1110063402');
insert into CTA_RECAUDO_CONCESIONARIO (IDCONCESIONARIO, IDBANCO, INDTIPO, TIPOCUENTA, CUENTA, COMISION_RECAUDO, COMISION_ACH, CTA_CONTABLE, CTA_CONTABLE_ING)
values ('01', '02', 'POLCA', 'AHO', '220070029350', 0, 0, '1110063401', '1110063402');
insert into CTA_RECAUDO_CONCESIONARIO (IDCONCESIONARIO, IDBANCO, INDTIPO, TIPOCUENTA, CUENTA, COMISION_RECAUDO, COMISION_ACH, CTA_CONTABLE, CTA_CONTABLE_ING)
values ('01', '50', 'SIMIT', 'AHO', '186992830', 0, 0, '1110050801', '1110050802');
insert into CTA_RECAUDO_CONCESIONARIO (IDCONCESIONARIO, IDBANCO, INDTIPO, TIPOCUENTA, CUENTA, COMISION_RECAUDO, COMISION_ACH, CTA_CONTABLE, CTA_CONTABLE_ING)
values ('01', '50', 'POLCA', 'AHO', '186992848', 0, 0, '1110050901', '1110050902');
insert into CTA_RECAUDO_CONCESIONARIO (IDCONCESIONARIO, IDBANCO, INDTIPO, TIPOCUENTA, CUENTA, COMISION_RECAUDO, COMISION_ACH, CTA_CONTABLE, CTA_CONTABLE_ING)
values ('02', '50', 'POLCA', 'AHO', '186992848', 0, 0, '1110050901', '1110050902');
insert into CTA_RECAUDO_CONCESIONARIO (IDCONCESIONARIO, IDBANCO, INDTIPO, TIPOCUENTA, CUENTA, COMISION_RECAUDO, COMISION_ACH, CTA_CONTABLE, CTA_CONTABLE_ING)
values ('03', '50', 'POLCA', 'AHO', '186992848', 0, 0, '1110050901', '1110050902');
insert into CTA_RECAUDO_CONCESIONARIO (IDCONCESIONARIO, IDBANCO, INDTIPO, TIPOCUENTA, CUENTA, COMISION_RECAUDO, COMISION_ACH, CTA_CONTABLE, CTA_CONTABLE_ING)
values ('04', '50', 'POLCA', 'AHO', '186992848', 0, 0, '1110050901', '1110050902');
insert into CTA_RECAUDO_CONCESIONARIO (IDCONCESIONARIO, IDBANCO, INDTIPO, TIPOCUENTA, CUENTA, COMISION_RECAUDO, COMISION_ACH, CTA_CONTABLE, CTA_CONTABLE_ING)
values ('05', '50', 'POLCA', 'AHO', '186992848', 0, 0, '1110050901', '1110050902');
insert into CTA_RECAUDO_CONCESIONARIO (IDCONCESIONARIO, IDBANCO, INDTIPO, TIPOCUENTA, CUENTA, COMISION_RECAUDO, COMISION_ACH, CTA_CONTABLE, CTA_CONTABLE_ING)
values ('02', '50', 'SIMIT', 'AHO', '186992830', 0, 0, '1110050801', '1110050802');
insert into CTA_RECAUDO_CONCESIONARIO (IDCONCESIONARIO, IDBANCO, INDTIPO, TIPOCUENTA, CUENTA, COMISION_RECAUDO, COMISION_ACH, CTA_CONTABLE, CTA_CONTABLE_ING)
values ('03', '50', 'SIMIT', 'AHO', '186992830', 0, 0, '1110050801', '1110050802');
insert into CTA_RECAUDO_CONCESIONARIO (IDCONCESIONARIO, IDBANCO, INDTIPO, TIPOCUENTA, CUENTA, COMISION_RECAUDO, COMISION_ACH, CTA_CONTABLE, CTA_CONTABLE_ING)
values ('05', '50', 'SIMIT', 'AHO', '186992830', 0, 0, '1110050801', '1110050802');
insert into CTA_RECAUDO_CONCESIONARIO (IDCONCESIONARIO, IDBANCO, INDTIPO, TIPOCUENTA, CUENTA, COMISION_RECAUDO, COMISION_ACH, CTA_CONTABLE, CTA_CONTABLE_ING)
values ('01', '52', 'POLCA', 'AHO', '086044443', 0, 0, '1110061801', '1110061802');
insert into CTA_RECAUDO_CONCESIONARIO (IDCONCESIONARIO, IDBANCO, INDTIPO, TIPOCUENTA, CUENTA, COMISION_RECAUDO, COMISION_ACH, CTA_CONTABLE, CTA_CONTABLE_ING)
values ('02', '52', 'POLCA', 'AHO', '086044443', 0, 0, '1110061801', '1110061802');
insert into CTA_RECAUDO_CONCESIONARIO (IDCONCESIONARIO, IDBANCO, INDTIPO, TIPOCUENTA, CUENTA, COMISION_RECAUDO, COMISION_ACH, CTA_CONTABLE, CTA_CONTABLE_ING)
values ('03', '52', 'POLCA', 'AHO', '086044443', 0, 0, '1110061801', '1110061802');
insert into CTA_RECAUDO_CONCESIONARIO (IDCONCESIONARIO, IDBANCO, INDTIPO, TIPOCUENTA, CUENTA, COMISION_RECAUDO, COMISION_ACH, CTA_CONTABLE, CTA_CONTABLE_ING)
values ('04', '52', 'POLCA', 'AHO', '086044443', 0, 0, '1110061801', '1110061802');
insert into CTA_RECAUDO_CONCESIONARIO (IDCONCESIONARIO, IDBANCO, INDTIPO, TIPOCUENTA, CUENTA, COMISION_RECAUDO, COMISION_ACH, CTA_CONTABLE, CTA_CONTABLE_ING)
values ('05', '52', 'POLCA', 'AHO', '086044443', 0, 0, '1110061801', '1110061802');
insert into CTA_RECAUDO_CONCESIONARIO (IDCONCESIONARIO, IDBANCO, INDTIPO, TIPOCUENTA, CUENTA, COMISION_RECAUDO, COMISION_ACH, CTA_CONTABLE, CTA_CONTABLE_ING)
values ('01', '52', 'SIMIT', 'AHO', '086041514', 0, 0, '1110061401', '1110061402');
insert into CTA_RECAUDO_CONCESIONARIO (IDCONCESIONARIO, IDBANCO, INDTIPO, TIPOCUENTA, CUENTA, COMISION_RECAUDO, COMISION_ACH, CTA_CONTABLE, CTA_CONTABLE_ING)
values ('02', '52', 'SIMIT', 'AHO', '086041506', 0, 0, '1110061101', '1110061102');
insert into CTA_RECAUDO_CONCESIONARIO (IDCONCESIONARIO, IDBANCO, INDTIPO, TIPOCUENTA, CUENTA, COMISION_RECAUDO, COMISION_ACH, CTA_CONTABLE, CTA_CONTABLE_ING)
values ('03', '52', 'SIMIT', 'AHO', '086041522', 0, 0, '1110061301', '1110061302');
insert into CTA_RECAUDO_CONCESIONARIO (IDCONCESIONARIO, IDBANCO, INDTIPO, TIPOCUENTA, CUENTA, COMISION_RECAUDO, COMISION_ACH, CTA_CONTABLE, CTA_CONTABLE_ING)
values ('04', '52', 'SIMIT', 'AHO', '086042108', 0, 0, '1110061601', '1110061602');
insert into CTA_RECAUDO_CONCESIONARIO (IDCONCESIONARIO, IDBANCO, INDTIPO, TIPOCUENTA, CUENTA, COMISION_RECAUDO, COMISION_ACH, CTA_CONTABLE, CTA_CONTABLE_ING)
values ('05', '52', 'SIMIT', 'AHO', '086044328', 0, 0, '1110061701', '1110061702');
insert into CTA_RECAUDO_CONCESIONARIO (IDCONCESIONARIO, IDBANCO, INDTIPO, TIPOCUENTA, CUENTA, COMISION_RECAUDO, COMISION_ACH, CTA_CONTABLE, CTA_CONTABLE_ING)
values ('01', '40', 'POLCA', 'AHO', '408203001990', 0, 0, '1110063801', '1110063802');
insert into CTA_RECAUDO_CONCESIONARIO (IDCONCESIONARIO, IDBANCO, INDTIPO, TIPOCUENTA, CUENTA, COMISION_RECAUDO, COMISION_ACH, CTA_CONTABLE, CTA_CONTABLE_ING)
values ('02', '40', 'POLCA', 'AHO', '408203001990', 0, 0, '1110063801', '1110063802');
insert into CTA_RECAUDO_CONCESIONARIO (IDCONCESIONARIO, IDBANCO, INDTIPO, TIPOCUENTA, CUENTA, COMISION_RECAUDO, COMISION_ACH, CTA_CONTABLE, CTA_CONTABLE_ING)
values ('03', '40', 'POLCA', 'AHO', '408203001990', 0, 0, '1110063801', '1110063802');
insert into CTA_RECAUDO_CONCESIONARIO (IDCONCESIONARIO, IDBANCO, INDTIPO, TIPOCUENTA, CUENTA, COMISION_RECAUDO, COMISION_ACH, CTA_CONTABLE, CTA_CONTABLE_ING)
values ('04', '40', 'POLCA', 'AHO', '408203001990', 0, 0, '1110063801', '1110063802');
insert into CTA_RECAUDO_CONCESIONARIO (IDCONCESIONARIO, IDBANCO, INDTIPO, TIPOCUENTA, CUENTA, COMISION_RECAUDO, COMISION_ACH, CTA_CONTABLE, CTA_CONTABLE_ING)
values ('05', '40', 'POLCA', 'AHO', '408203001990', 0, 0, '1110063801', '1110063802');
insert into CTA_RECAUDO_CONCESIONARIO (IDCONCESIONARIO, IDBANCO, INDTIPO, TIPOCUENTA, CUENTA, COMISION_RECAUDO, COMISION_ACH, CTA_CONTABLE, CTA_CONTABLE_ING)
values ('01', '40', 'SIMIT', 'AHO', '408203002008', 0, 0, '1110063901', '1110063902');
insert into CTA_RECAUDO_CONCESIONARIO (IDCONCESIONARIO, IDBANCO, INDTIPO, TIPOCUENTA, CUENTA, COMISION_RECAUDO, COMISION_ACH, CTA_CONTABLE, CTA_CONTABLE_ING)
values ('02', '40', 'SIMIT', 'AHO', '408203002008', 0, 0, '1110063901', '1110063902');
insert into CTA_RECAUDO_CONCESIONARIO (IDCONCESIONARIO, IDBANCO, INDTIPO, TIPOCUENTA, CUENTA, COMISION_RECAUDO, COMISION_ACH, CTA_CONTABLE, CTA_CONTABLE_ING)
values ('03', '40', 'SIMIT', 'AHO', '408203002008', 0, 0, '1110063901', '1110063902');
insert into CTA_RECAUDO_CONCESIONARIO (IDCONCESIONARIO, IDBANCO, INDTIPO, TIPOCUENTA, CUENTA, COMISION_RECAUDO, COMISION_ACH, CTA_CONTABLE, CTA_CONTABLE_ING)
values ('04', '40', 'SIMIT', 'AHO', '408203002008', 0, 0, '1110063901', '1110063902');
insert into CTA_RECAUDO_CONCESIONARIO (IDCONCESIONARIO, IDBANCO, INDTIPO, TIPOCUENTA, CUENTA, COMISION_RECAUDO, COMISION_ACH, CTA_CONTABLE, CTA_CONTABLE_ING)
values ('05', '40', 'SIMIT', 'AHO', '408203002008', 0, 0, '1110063901', '1110063902');
insert into CTA_RECAUDO_CONCESIONARIO (IDCONCESIONARIO, IDBANCO, INDTIPO, TIPOCUENTA, CUENTA, COMISION_RECAUDO, COMISION_ACH, CTA_CONTABLE, CTA_CONTABLE_ING)
values ('05', '50', 'SIMIT', 'AHO', '186001046', 0, 0, '1110065101', '1110065102');
insert into CTA_RECAUDO_CONCESIONARIO (IDCONCESIONARIO, IDBANCO, INDTIPO, TIPOCUENTA, CUENTA, COMISION_RECAUDO, COMISION_ACH, CTA_CONTABLE, CTA_CONTABLE_ING)
values ('03', '50', 'SIMIT', 'AHO', '186001053', 0, 0, '1110065201', '1110065202');
insert into CTA_RECAUDO_CONCESIONARIO (IDCONCESIONARIO, IDBANCO, INDTIPO, TIPOCUENTA, CUENTA, COMISION_RECAUDO, COMISION_ACH, CTA_CONTABLE, CTA_CONTABLE_ING)
values ('01', '50', 'SIMIT', 'AHO', '186001061', 0, 0, '1110065301', '1110065302');
insert into CTA_RECAUDO_CONCESIONARIO (IDCONCESIONARIO, IDBANCO, INDTIPO, TIPOCUENTA, CUENTA, COMISION_RECAUDO, COMISION_ACH, CTA_CONTABLE, CTA_CONTABLE_ING)
values ('02', '50', 'SIMIT', 'AHO', '186001079', 0, 0, '1110065401', '1110065402');
insert into CTA_RECAUDO_CONCESIONARIO (IDCONCESIONARIO, IDBANCO, INDTIPO, TIPOCUENTA, CUENTA, COMISION_RECAUDO, COMISION_ACH, CTA_CONTABLE, CTA_CONTABLE_ING)
values ('01', '50', 'POLCA', 'AHO', '186001087', 0, 0, '1110065501', '1110065502');
insert into CTA_RECAUDO_CONCESIONARIO (IDCONCESIONARIO, IDBANCO, INDTIPO, TIPOCUENTA, CUENTA, COMISION_RECAUDO, COMISION_ACH, CTA_CONTABLE, CTA_CONTABLE_ING)
values ('02', '50', 'POLCA', 'AHO', '186001087', 0, 0, '1110065501', '1110065502');
insert into CTA_RECAUDO_CONCESIONARIO (IDCONCESIONARIO, IDBANCO, INDTIPO, TIPOCUENTA, CUENTA, COMISION_RECAUDO, COMISION_ACH, CTA_CONTABLE, CTA_CONTABLE_ING)
values ('03', '50', 'POLCA', 'AHO', '186001087', 0, 0, '1110065501', '1110065502');
insert into CTA_RECAUDO_CONCESIONARIO (IDCONCESIONARIO, IDBANCO, INDTIPO, TIPOCUENTA, CUENTA, COMISION_RECAUDO, COMISION_ACH, CTA_CONTABLE, CTA_CONTABLE_ING)
values ('04', '50', 'POLCA', 'AHO', '186001087', 0, 0, '1110065501', '1110065502');
insert into CTA_RECAUDO_CONCESIONARIO (IDCONCESIONARIO, IDBANCO, INDTIPO, TIPOCUENTA, CUENTA, COMISION_RECAUDO, COMISION_ACH, CTA_CONTABLE, CTA_CONTABLE_ING)
values ('05', '50', 'POLCA', 'AHO', '186001087', 0, 0, '1110065501', '1110065502');
insert into CTA_RECAUDO_CONCESIONARIO (IDCONCESIONARIO, IDBANCO, INDTIPO, TIPOCUENTA, CUENTA, COMISION_RECAUDO, COMISION_ACH, CTA_CONTABLE, CTA_CONTABLE_ING)
values ('04', '50', 'SIMIT', 'AHO', '186992830', 0, 0, '1110050801', '1110050802');
insert into CTA_RECAUDO_CONCESIONARIO (IDCONCESIONARIO, IDBANCO, INDTIPO, TIPOCUENTA, CUENTA, COMISION_RECAUDO, COMISION_ACH, CTA_CONTABLE, CTA_CONTABLE_ING)
values ('04', '50', 'SIMIT', 'AHO', '186001020', 0, 0, '1110065001', '1110065002');
insert into CTA_RECAUDO_CONCESIONARIO (IDCONCESIONARIO, IDBANCO, INDTIPO, TIPOCUENTA, CUENTA, COMISION_RECAUDO, COMISION_ACH, CTA_CONTABLE, CTA_CONTABLE_ING)
values ('06', '40', 'SIMIT', 'AHO', '408203002008', 0, 0, '1110063901', '1110063902');
insert into CTA_RECAUDO_CONCESIONARIO (IDCONCESIONARIO, IDBANCO, INDTIPO, TIPOCUENTA, CUENTA, COMISION_RECAUDO, COMISION_ACH, CTA_CONTABLE, CTA_CONTABLE_ING)
values ('06', '40', 'POLCA', 'AHO', '408203001990', 0, 0, '1110063901', '1110063902');
commit;
prompt 55 records loaded
prompt Loading FCM...
insert into FCM (NIT_FCM, CORREO, CTA_DISP_S_BANCO, CTA_DISP_S_TIPO_CTA, CTA_DISP_S_CTA, CTA_DISP_P_BANCO, CTA_DISP_P_TIPO_CTA, CTA_DISP_P_CTA, IVA, RETENCION_FUENTE, IMPUESTO_TIMBRE_TERCERO, IMPUESTO_TIMBRE_FCM, DIRECTOR_EJECUTIVO, DIRECTOR_NACIONAL, CONTADOR_GENERAL, COORDINADOR_FINANCIERO, NIT_POLCA, NIT_SEVIAL, CTACON_PUENTE, CTACON_FONDO_COBERTURA, CTACON_POLCA, CTACON_FCM, CTA_DISP_PA_BANCO, CTA_DISP_PA_TIPO_CTA, CTA_DISP_PA_CTA, CTACON_FCMA, CTACON_INGRESO, CTACON_IMPUESTOS, RETEIVA, TIMBRE_CONTRAVENCIONAL, CTACON_PUENTE_EXT, M_DIRECTOR_EJECUTIVO, M_DIRECTOR_NACIONAL, M_CONTADOR_GENERAL, M_COORDINADOR_FINANCIERO, DIAS_ACTIVACION, CTA_DISP_AC_BANCO, CTA_DISP_AC_TIPO_CTA, CTA_DISP_AC_CTA, CTA_MUNICIPIO_SIMIT, CTA_MUNICIPIO_POLCA)
values ('8000826650', 'ricardo.buitrago@fcm.org.co', '00', 'AHO', null, '00', 'AHO', null, 16, 11, 1.5, .75, 'Gilberto Toro Giraldo', 'Sandra Milena Tapias', 'Leonardo Meza', 'Marta Cecilia Zapata Araque', '8300904861', '8301123291', '24259005', '41100206', '29059005', '2905901006', '00', 'AHO', null, '29059010', '41100206', '2905901010', 0, 0, '29059010', 'gilberto.toro@fcm.org.co', 'sandra.tapias@fcm.org.co', 'leonardo.meza@fcm.org.co', 'martha.zapata@fcm.org.co', 5, null, null, null, null, null);
commit;
prompt 1 records loaded
prompt Loading CTA_RECAUDO_FCM...
insert into CTA_RECAUDO_FCM (NIT_FCM, IDBANCO, INDTIPO, TIPOCUENTA, CUENTA, COMISION_RECAUDO, COMISION_ACH, CTA_CONTABLE)
values ('8000826650', '52', 'SIMIT', 'AHO', '086042058', 0, 0, '11100615');
insert into CTA_RECAUDO_FCM (NIT_FCM, IDBANCO, INDTIPO, TIPOCUENTA, CUENTA, COMISION_RECAUDO, COMISION_ACH, CTA_CONTABLE)
values ('8000826650', '50', 'SIMIT', 'CTE', '186992681', 0, 0, '11100506');
insert into CTA_RECAUDO_FCM (NIT_FCM, IDBANCO, INDTIPO, TIPOCUENTA, CUENTA, COMISION_RECAUDO, COMISION_ACH, CTA_CONTABLE)
values ('8000826650', '50', 'POLCA', 'CTE', '186992822', 0, 0, '11100507');
insert into CTA_RECAUDO_FCM (NIT_FCM, IDBANCO, INDTIPO, TIPOCUENTA, CUENTA, COMISION_RECAUDO, COMISION_ACH, CTA_CONTABLE)
values ('8000826650', '52', 'POLCA', 'AHO', '086044559', 0, 0, '11100619');
insert into CTA_RECAUDO_FCM (NIT_FCM, IDBANCO, INDTIPO, TIPOCUENTA, CUENTA, COMISION_RECAUDO, COMISION_ACH, CTA_CONTABLE)
values ('8000826650', '02', 'SIMIT', 'AHO', '220070014501', 0, 0, '11100630');
insert into CTA_RECAUDO_FCM (NIT_FCM, IDBANCO, INDTIPO, TIPOCUENTA, CUENTA, COMISION_RECAUDO, COMISION_ACH, CTA_CONTABLE)
values ('8000826650', '02', 'POLCA', 'AHO', '220070023528', 0, 0, '11100633');
insert into CTA_RECAUDO_FCM (NIT_FCM, IDBANCO, INDTIPO, TIPOCUENTA, CUENTA, COMISION_RECAUDO, COMISION_ACH, CTA_CONTABLE)
values ('8000826650', '40', 'POLCA', 'AHO', '408203001559', 0, 0, '11100636');
insert into CTA_RECAUDO_FCM (NIT_FCM, IDBANCO, INDTIPO, TIPOCUENTA, CUENTA, COMISION_RECAUDO, COMISION_ACH, CTA_CONTABLE)
values ('8000826650', '40', 'SIMIT', 'AHO', '408203001567', 0, 0, '11100637');
commit;
prompt 8 records loaded
prompt Loading DEPARTAMENTO...
insert into DEPARTAMENTO (IDDEPARTAMENTO, NOMBRE)
values ('00', '   ');
insert into DEPARTAMENTO (IDDEPARTAMENTO, NOMBRE)
values ('05', 'Antioquia');
insert into DEPARTAMENTO (IDDEPARTAMENTO, NOMBRE)
values ('08', 'Atlantico');
insert into DEPARTAMENTO (IDDEPARTAMENTO, NOMBRE)
values ('15', 'Boyaca');
insert into DEPARTAMENTO (IDDEPARTAMENTO, NOMBRE)
values ('11', 'Bogota D.C.');
insert into DEPARTAMENTO (IDDEPARTAMENTO, NOMBRE)
values ('13', 'Bolivar');
insert into DEPARTAMENTO (IDDEPARTAMENTO, NOMBRE)
values ('23', 'Cordoba');
insert into DEPARTAMENTO (IDDEPARTAMENTO, NOMBRE)
values ('19', 'Cauca');
insert into DEPARTAMENTO (IDDEPARTAMENTO, NOMBRE)
values ('17', 'Caldas');
insert into DEPARTAMENTO (IDDEPARTAMENTO, NOMBRE)
values ('20', 'Cesar');
insert into DEPARTAMENTO (IDDEPARTAMENTO, NOMBRE)
values ('25', 'Cundinamarca');
insert into DEPARTAMENTO (IDDEPARTAMENTO, NOMBRE)
values ('27', 'Choco');
insert into DEPARTAMENTO (IDDEPARTAMENTO, NOMBRE)
values ('44', 'La Guajira');
insert into DEPARTAMENTO (IDDEPARTAMENTO, NOMBRE)
values ('41', 'Huila');
insert into DEPARTAMENTO (IDDEPARTAMENTO, NOMBRE)
values ('47', 'Magdalena');
insert into DEPARTAMENTO (IDDEPARTAMENTO, NOMBRE)
values ('50', 'Meta');
insert into DEPARTAMENTO (IDDEPARTAMENTO, NOMBRE)
values ('54', 'Norte de Santander');
insert into DEPARTAMENTO (IDDEPARTAMENTO, NOMBRE)
values ('63', 'Quindio');
insert into DEPARTAMENTO (IDDEPARTAMENTO, NOMBRE)
values ('66', 'Risaralda');
insert into DEPARTAMENTO (IDDEPARTAMENTO, NOMBRE)
values ('70', 'Sucre');
insert into DEPARTAMENTO (IDDEPARTAMENTO, NOMBRE)
values ('68', 'Santander');
insert into DEPARTAMENTO (IDDEPARTAMENTO, NOMBRE)
values ('73', 'Tolima');
insert into DEPARTAMENTO (IDDEPARTAMENTO, NOMBRE)
values ('76', 'Valle del Cauca');
insert into DEPARTAMENTO (IDDEPARTAMENTO, NOMBRE)
values ('88', 'San Andres y Providencia');
insert into DEPARTAMENTO (IDDEPARTAMENTO, NOMBRE)
values ('18', 'Caqueta');
insert into DEPARTAMENTO (IDDEPARTAMENTO, NOMBRE)
values ('81', 'Arauca');
insert into DEPARTAMENTO (IDDEPARTAMENTO, NOMBRE)
values ('52', 'Narino');
insert into DEPARTAMENTO (IDDEPARTAMENTO, NOMBRE)
values ('91', 'Amazonas');
insert into DEPARTAMENTO (IDDEPARTAMENTO, NOMBRE)
values ('86', 'Putumayo');
insert into DEPARTAMENTO (IDDEPARTAMENTO, NOMBRE)
values ('94', 'Guainia');
insert into DEPARTAMENTO (IDDEPARTAMENTO, NOMBRE)
values ('97', 'Vaupes');
insert into DEPARTAMENTO (IDDEPARTAMENTO, NOMBRE)
values ('99', 'Vichada');
insert into DEPARTAMENTO (IDDEPARTAMENTO, NOMBRE)
values ('85', 'Casanare');
insert into DEPARTAMENTO (IDDEPARTAMENTO, NOMBRE)
values ('95', 'Guaviare');
insert into DEPARTAMENTO (IDDEPARTAMENTO, NOMBRE)
values ('09', 'Polca');
commit;
prompt 35 records loaded
prompt Loading MUNICIPIO...
insert into MUNICIPIO (IDMUNICIPIO, NIT_M, NOMBRE, IDDEPARTAMENTO, IDCONCESIONARIO, CORREO, INDRETROACTIVIDAD, IDBANCO, TIPOCUENTA, CUENTA, NIT_CTA, INDLIQ_S_EXT, INDLIQ_S_LOCAL, INDLIQ_P_EXT, INDLIQ_P_LOCAL, INDACUERDOPAGO_2002)
values ('05847000', '8909075154', 'URRAO', '05', '01', 'alcaldia@urrao-antioquia.gov.co', 0, '13', 'CTE', '299113506', '8909075154', 1, 1, 1, 1, 0);
insert into MUNICIPIO (IDMUNICIPIO, NIT_M, NOMBRE, IDDEPARTAMENTO, IDCONCESIONARIO, CORREO, INDRETROACTIVIDAD, IDBANCO, TIPOCUENTA, CUENTA, NIT_CTA, INDLIQ_S_EXT, INDLIQ_S_LOCAL, INDLIQ_P_EXT, INDLIQ_P_LOCAL, INDACUERDOPAGO_2002)
values ('05854000', '8909811061', 'VALDIVIA', '05', '01', 'alcaldia@valdivia-antioquia.gov.co', 0, '01', 'CTE', '644036675', '8909811061', 1, 1, 1, 1, 0);
insert into MUNICIPIO (IDMUNICIPIO, NIT_M, NOMBRE, IDDEPARTAMENTO, IDCONCESIONARIO, CORREO, INDRETROACTIVIDAD, IDBANCO, TIPOCUENTA, CUENTA, NIT_CTA, INDLIQ_S_EXT, INDLIQ_S_LOCAL, INDLIQ_P_EXT, INDLIQ_P_LOCAL, INDACUERDOPAGO_2002)
values ('05861000', '8909807641', 'VENECIA', '05', '01', 'alcaldia@venecia-antioquia.gov.co', 0, '50', 'AHO', '383510609', '8909807641', 1, 1, 1, 1, 0);
insert into MUNICIPIO (IDMUNICIPIO, NIT_M, NOMBRE, IDDEPARTAMENTO, IDCONCESIONARIO, CORREO, INDRETROACTIVIDAD, IDBANCO, TIPOCUENTA, CUENTA, NIT_CTA, INDLIQ_S_EXT, INDLIQ_S_LOCAL, INDLIQ_P_EXT, INDLIQ_P_LOCAL, INDACUERDOPAGO_2002)
values ('05887000', '8909800961', 'YARUMAL', '05', '01', 'alcaldia@yarumal-antioquia.gov.co', 0, '50', 'CTE', '415011485', '8909800961', 1, 1, 1, 1, 0);
insert into MUNICIPIO (IDMUNICIPIO, NIT_M, NOMBRE, IDDEPARTAMENTO, IDCONCESIONARIO, CORREO, INDRETROACTIVIDAD, IDBANCO, TIPOCUENTA, CUENTA, NIT_CTA, INDLIQ_S_EXT, INDLIQ_S_LOCAL, INDLIQ_P_EXT, INDLIQ_P_LOCAL, INDACUERDOPAGO_2002)
values ('08000000', '8001151021', 'DPTAL ATLANTICO', '08', '04', 'alcaldia@dptalatlantico-atlntico.gov.co', 0, '52', 'AHO', '803112309', '8001151021', 1, 1, 1, 1, 0);
insert into MUNICIPIO (IDMUNICIPIO, NIT_M, NOMBRE, IDDEPARTAMENTO, IDCONCESIONARIO, CORREO, INDRETROACTIVIDAD, IDBANCO, TIPOCUENTA, CUENTA, NIT_CTA, INDLIQ_S_EXT, INDLIQ_S_LOCAL, INDLIQ_P_EXT, INDLIQ_P_LOCAL, INDACUERDOPAGO_2002)
values ('08001000', '8901020181', 'BARRANQUILLA', '08', '04', 'alcaldia@barranquilla-atlntico.gov.co', 1, '51', 'AHO', '026600162882', '8605251485', 1, 1, 1, 1, 0);
insert into MUNICIPIO (IDMUNICIPIO, NIT_M, NOMBRE, IDDEPARTAMENTO, IDCONCESIONARIO, CORREO, INDRETROACTIVIDAD, IDBANCO, TIPOCUENTA, CUENTA, NIT_CTA, INDLIQ_S_EXT, INDLIQ_S_LOCAL, INDLIQ_P_EXT, INDLIQ_P_LOCAL, INDACUERDOPAGO_2002)
values ('08078000', '8901123718', 'BARANOA', '08', '04', 'alcaldia@baranoa-atlntico.gov.co', 0, '40', 'AHO', '016220241541', '8901123718', 1, 1, 1, 1, 0);
insert into MUNICIPIO (IDMUNICIPIO, NIT_M, NOMBRE, IDDEPARTAMENTO, IDCONCESIONARIO, CORREO, INDRETROACTIVIDAD, IDBANCO, TIPOCUENTA, CUENTA, NIT_CTA, INDLIQ_S_EXT, INDLIQ_S_LOCAL, INDLIQ_P_EXT, INDLIQ_P_LOCAL, INDACUERDOPAGO_2002)
values ('08137000', '8000944624', 'CAMPO DE LA CRUZ', '08', '04', 'alcaldia@campodelacruz-atlntico.gov.co', 0, '40', 'CTE', '316260000385', '8000944624', 1, 1, 1, 1, 0);
insert into MUNICIPIO (IDMUNICIPIO, NIT_M, NOMBRE, IDDEPARTAMENTO, IDCONCESIONARIO, CORREO, INDRETROACTIVIDAD, IDBANCO, TIPOCUENTA, CUENTA, NIT_CTA, INDLIQ_S_EXT, INDLIQ_S_LOCAL, INDLIQ_P_EXT, INDLIQ_P_LOCAL, INDACUERDOPAGO_2002)
values ('08296000', '8901024720', 'GALAPA', '08', '04', 'alcaldia@galapa-atlntico.gov.co', 0, '52', 'AHO', '805115201', '8901024720', 1, 1, 1, 1, 0);
insert into MUNICIPIO (IDMUNICIPIO, NIT_M, NOMBRE, IDDEPARTAMENTO, IDCONCESIONARIO, CORREO, INDRETROACTIVIDAD, IDBANCO, TIPOCUENTA, CUENTA, NIT_CTA, INDLIQ_S_EXT, INDLIQ_S_LOCAL, INDLIQ_P_EXT, INDLIQ_P_LOCAL, INDACUERDOPAGO_2002)
values ('08421000', '8901030034', 'LURUACO', '08', '04', 'alcaldia@luruaco-atlntico.gov.co', 0, '40', 'AHO', '416302008894', '8901030034', 1, 1, 1, 1, 0);
insert into MUNICIPIO (IDMUNICIPIO, NIT_M, NOMBRE, IDDEPARTAMENTO, IDCONCESIONARIO, CORREO, INDRETROACTIVIDAD, IDBANCO, TIPOCUENTA, CUENTA, NIT_CTA, INDLIQ_S_EXT, INDLIQ_S_LOCAL, INDLIQ_P_EXT, INDLIQ_P_LOCAL, INDACUERDOPAGO_2002)
values ('08433000', '8901143351', 'MALAMBO', '08', '04', 'alcaldia@malambo-atlntico.gov.co', 0, '52', 'CTE', '815014774', '8901143351', 1, 1, 1, 1, 0);
insert into MUNICIPIO (IDMUNICIPIO, NIT_M, NOMBRE, IDDEPARTAMENTO, IDCONCESIONARIO, CORREO, INDRETROACTIVIDAD, IDBANCO, TIPOCUENTA, CUENTA, NIT_CTA, INDLIQ_S_EXT, INDLIQ_S_LOCAL, INDLIQ_P_EXT, INDLIQ_P_LOCAL, INDACUERDOPAGO_2002)
values ('08436000', '8000192184', 'MANATI', '08', '04', 'alcaldia@manati-atlntico.gov.co', 0, '40', 'AHO', '416342003011', '8000192184', 1, 1, 1, 1, 0);
insert into MUNICIPIO (IDMUNICIPIO, NIT_M, NOMBRE, IDDEPARTAMENTO, IDCONCESIONARIO, CORREO, INDRETROACTIVIDAD, IDBANCO, TIPOCUENTA, CUENTA, NIT_CTA, INDLIQ_S_EXT, INDLIQ_S_LOCAL, INDLIQ_P_EXT, INDLIQ_P_LOCAL, INDACUERDOPAGO_2002)
values ('08520000', '8000684441', 'PALMAR DE VARELA', '08', '04', 'alcaldia@palmardevarela-atlntico.gov.co', 0, '01', 'AHO', '293071882', '8000944498', 1, 1, 1, 1, 0);
insert into MUNICIPIO (IDMUNICIPIO, NIT_M, NOMBRE, IDDEPARTAMENTO, IDCONCESIONARIO, CORREO, INDRETROACTIVIDAD, IDBANCO, TIPOCUENTA, CUENTA, NIT_CTA, INDLIQ_S_EXT, INDLIQ_S_LOCAL, INDLIQ_P_EXT, INDLIQ_P_LOCAL, INDACUERDOPAGO_2002)
values ('08558000', '8000767511', 'POLONUEVO', '08', '04', 'alcaldia@polonuevo-atlntico.gov.co', 0, '52', 'AHO', '809817450', '8000767511', 1, 1, 1, 1, 0);
insert into MUNICIPIO (IDMUNICIPIO, NIT_M, NOMBRE, IDDEPARTAMENTO, IDCONCESIONARIO, CORREO, INDRETROACTIVIDAD, IDBANCO, TIPOCUENTA, CUENTA, NIT_CTA, INDLIQ_S_EXT, INDLIQ_S_LOCAL, INDLIQ_P_EXT, INDLIQ_P_LOCAL, INDACUERDOPAGO_2002)
values ('08560000', '8901162789', 'PONEDERA', '08', '04', 'alcaldia@ponedera-atlntico.gov.co', 0, '01', 'AHO', '293082103', '8901162789', 1, 1, 1, 1, 0);
insert into MUNICIPIO (IDMUNICIPIO, NIT_M, NOMBRE, IDDEPARTAMENTO, IDCONCESIONARIO, CORREO, INDRETROACTIVIDAD, IDBANCO, TIPOCUENTA, CUENTA, NIT_CTA, INDLIQ_S_EXT, INDLIQ_S_LOCAL, INDLIQ_P_EXT, INDLIQ_P_LOCAL, INDACUERDOPAGO_2002)
values ('08573000', '8000943862', 'PUERTO COLOMBIA ATLANTICO', '08', '04', 'alcaldia@puertocolombiaatlantico-atlntico.gov.co', 0, '52', 'CTE', '730000890', '9002629905', 1, 1, 1, 1, 0);
insert into MUNICIPIO (IDMUNICIPIO, NIT_M, NOMBRE, IDDEPARTAMENTO, IDCONCESIONARIO, CORREO, INDRETROACTIVIDAD, IDBANCO, TIPOCUENTA, CUENTA, NIT_CTA, INDLIQ_S_EXT, INDLIQ_S_LOCAL, INDLIQ_P_EXT, INDLIQ_P_LOCAL, INDACUERDOPAGO_2002)
values ('08634000', '8901159821', 'SABANAGRANDE', '08', '04', 'alcaldia@sabanagrande-atlntico.gov.co', 0, '07', 'AHO', '48151627105', '8901159821', 1, 1, 1, 1, 0);
insert into MUNICIPIO (IDMUNICIPIO, NIT_M, NOMBRE, IDDEPARTAMENTO, IDCONCESIONARIO, CORREO, INDRETROACTIVIDAD, IDBANCO, TIPOCUENTA, CUENTA, NIT_CTA, INDLIQ_S_EXT, INDLIQ_S_LOCAL, INDLIQ_P_EXT, INDLIQ_P_LOCAL, INDACUERDOPAGO_2002)
values ('08638000', '8000948444', 'SABANALARGA ATLANTICO', '08', '04', 'alcaldia@sabanalargaatlantico-atlntico.gov.co', 0, '13', 'AHO', '759213390', '8000948444', 1, 1, 1, 1, 0);
insert into MUNICIPIO (IDMUNICIPIO, NIT_M, NOMBRE, IDDEPARTAMENTO, IDCONCESIONARIO, CORREO, INDRETROACTIVIDAD, IDBANCO, TIPOCUENTA, CUENTA, NIT_CTA, INDLIQ_S_EXT, INDLIQ_S_LOCAL, INDLIQ_P_EXT, INDLIQ_P_LOCAL, INDACUERDOPAGO_2002)
values ('08685000', '8001162846', 'SANTO TOMAS', '08', '04', 'alcaldia@santotomas-atlntico.gov.co', 0, '40', 'AHO', '416602001530', '8001162846', 1, 1, 1, 1, 0);
insert into MUNICIPIO (IDMUNICIPIO, NIT_M, NOMBRE, IDDEPARTAMENTO, IDCONCESIONARIO, CORREO, INDRETROACTIVIDAD, IDBANCO, TIPOCUENTA, CUENTA, NIT_CTA, INDLIQ_S_EXT, INDLIQ_S_LOCAL, INDLIQ_P_EXT, INDLIQ_P_LOCAL, INDACUERDOPAGO_2002)
values ('08758000', '8901062912', 'SOLEDAD', '08', '04', 'alcaldia@soledad-atlntico.gov.co', 0, '52', 'AHO', '815798009', '8300536309', 1, 1, 1, 1, 0);
insert into MUNICIPIO (IDMUNICIPIO, NIT_M, NOMBRE, IDDEPARTAMENTO, IDCONCESIONARIO, CORREO, INDRETROACTIVIDAD, IDBANCO, TIPOCUENTA, CUENTA, NIT_CTA, INDLIQ_S_EXT, INDLIQ_S_LOCAL, INDLIQ_P_EXT, INDLIQ_P_LOCAL, INDACUERDOPAGO_2002)
values ('08770000', '8901161590', 'SUAN', '08', '04', 'alcaldia@suan-atlntico.gov.co', 0, '40', 'CTE', '316260000302', '8901161590', 1, 1, 1, 1, 0);
insert into MUNICIPIO (IDMUNICIPIO, NIT_M, NOMBRE, IDDEPARTAMENTO, IDCONCESIONARIO, CORREO, INDRETROACTIVIDAD, IDBANCO, TIPOCUENTA, CUENTA, NIT_CTA, INDLIQ_S_EXT, INDLIQ_S_LOCAL, INDLIQ_P_EXT, INDLIQ_P_LOCAL, INDACUERDOPAGO_2002)
values ('08849000', '8000943783', 'USIACURI', '08', '04', 'alcaldia@usiacuri-bogot d.c.gov.co', 0, '40', 'CTE', '16220032466', '8000943783', 1, 1, 1, 1, 0);
insert into MUNICIPIO (IDMUNICIPIO, NIT_M, NOMBRE, IDDEPARTAMENTO, IDCONCESIONARIO, CORREO, INDRETROACTIVIDAD, IDBANCO, TIPOCUENTA, CUENTA, NIT_CTA, INDLIQ_S_EXT, INDLIQ_S_LOCAL, INDLIQ_P_EXT, INDLIQ_P_LOCAL, INDACUERDOPAGO_2002)
values ('11001000', '8999990619', 'BOGOTA', '11', '05', 'alcaldia@bogota-bolvar.gov.co', 0, '01', 'AHO', '000634485', '8999990619', 1, 1, 1, 1, 0);
insert into MUNICIPIO (IDMUNICIPIO, NIT_M, NOMBRE, IDDEPARTAMENTO, IDCONCESIONARIO, CORREO, INDRETROACTIVIDAD, IDBANCO, TIPOCUENTA, CUENTA, NIT_CTA, INDLIQ_S_EXT, INDLIQ_S_LOCAL, INDLIQ_P_EXT, INDLIQ_P_LOCAL, INDACUERDOPAGO_2002)
values ('13000000', '8001150963', 'DPTAL BOLIVAR', '13', '04', 'alcaldia@dptalbolivar-bolvar.gov.co', 0, '40', 'CTE', '012070066928', '8001150963', 1, 1, 1, 1, 0);
insert into MUNICIPIO (IDMUNICIPIO, NIT_M, NOMBRE, IDDEPARTAMENTO, IDCONCESIONARIO, CORREO, INDRETROACTIVIDAD, IDBANCO, TIPOCUENTA, CUENTA, NIT_CTA, INDLIQ_S_EXT, INDLIQ_S_LOCAL, INDLIQ_P_EXT, INDLIQ_P_LOCAL, INDACUERDOPAGO_2002)
values ('13001000', '8904801844', 'CARTAGENA', '13', '04', 'alcaldia@cartagena-bolvar.gov.co', 1, '13', 'AHO', '90550880900', '8605251485', 1, 1, 1, 1, 0);
insert into MUNICIPIO (IDMUNICIPIO, NIT_M, NOMBRE, IDDEPARTAMENTO, IDCONCESIONARIO, CORREO, INDRETROACTIVIDAD, IDBANCO, TIPOCUENTA, CUENTA, NIT_CTA, INDLIQ_S_EXT, INDLIQ_S_LOCAL, INDLIQ_P_EXT, INDLIQ_P_LOCAL, INDACUERDOPAGO_2002)
values ('13052000', '8904802541', 'ARJONA', '13', '04', 'alcaldia@arjona-bolvar.gov.co', 0, '40', 'AHO', '412150006674', '8904802541', 1, 1, 1, 1, 0);
insert into MUNICIPIO (IDMUNICIPIO, NIT_M, NOMBRE, IDDEPARTAMENTO, IDCONCESIONARIO, CORREO, INDRETROACTIVIDAD, IDBANCO, TIPOCUENTA, CUENTA, NIT_CTA, INDLIQ_S_EXT, INDLIQ_S_LOCAL, INDLIQ_P_EXT, INDLIQ_P_LOCAL, INDACUERDOPAGO_2002)
values ('13222000', '8001150963', 'CLEMENCIA', '13', '04', 'alcaldia@clemencia-bolvar.gov.co', 0, '51', 'CTE', '7011328318', '8001150963', 1, 1, 1, 1, 0);
insert into MUNICIPIO (IDMUNICIPIO, NIT_M, NOMBRE, IDDEPARTAMENTO, IDCONCESIONARIO, CORREO, INDRETROACTIVIDAD, IDBANCO, TIPOCUENTA, CUENTA, NIT_CTA, INDLIQ_S_EXT, INDLIQ_S_LOCAL, INDLIQ_P_EXT, INDLIQ_P_LOCAL, INDACUERDOPAGO_2002)
values ('13244000', '8904800221', 'CARMEN DE BOLIVAR', '13', '04', 'alcaldia@carmendebolivar-bolvar.gov.co', 0, '01', 'AHO', '2861432084', '8001150995', 1, 1, 1, 1, 0);
insert into MUNICIPIO (IDMUNICIPIO, NIT_M, NOMBRE, IDDEPARTAMENTO, IDCONCESIONARIO, CORREO, INDRETROACTIVIDAD, IDBANCO, TIPOCUENTA, CUENTA, NIT_CTA, INDLIQ_S_EXT, INDLIQ_S_LOCAL, INDLIQ_P_EXT, INDLIQ_P_LOCAL, INDACUERDOPAGO_2002)
values ('13468000', '8904806433', 'MOMPOX', '13', '04', 'alcaldia@mompox-bolvar.gov.co', 0, '40', 'AHO', '412430010103', '8904806433', 1, 1, 1, 1, 0);
insert into MUNICIPIO (IDMUNICIPIO, NIT_M, NOMBRE, IDDEPARTAMENTO, IDCONCESIONARIO, CORREO, INDRETROACTIVIDAD, IDBANCO, TIPOCUENTA, CUENTA, NIT_CTA, INDLIQ_S_EXT, INDLIQ_S_LOCAL, INDLIQ_P_EXT, INDLIQ_P_LOCAL, INDACUERDOPAGO_2002)
values ('13657000', '8001150963', 'SAN JUAN DE NEPOMUCENO', '13', '04', 'alcaldia@sanjuandenepomuceno-bolvar.gov.co', 0, '51', 'CTE', '7011328318', '8001150963', 1, 1, 1, 1, 0);
insert into MUNICIPIO (IDMUNICIPIO, NIT_M, NOMBRE, IDDEPARTAMENTO, IDCONCESIONARIO, CORREO, INDRETROACTIVIDAD, IDBANCO, TIPOCUENTA, CUENTA, NIT_CTA, INDLIQ_S_EXT, INDLIQ_S_LOCAL, INDLIQ_P_EXT, INDLIQ_P_LOCAL, INDACUERDOPAGO_2002)
values ('13836000', '8904811490', 'TURBACO', '13', '04', 'alcaldia@turbaco-bolvar.gov.co', 0, '50', 'CTE', '157010992', '8904811490', 1, 1, 1, 1, 0);
insert into MUNICIPIO (IDMUNICIPIO, NIT_M, NOMBRE, IDDEPARTAMENTO, IDCONCESIONARIO, CORREO, INDRETROACTIVIDAD, IDBANCO, TIPOCUENTA, CUENTA, NIT_CTA, INDLIQ_S_EXT, INDLIQ_S_LOCAL, INDLIQ_P_EXT, INDLIQ_P_LOCAL, INDACUERDOPAGO_2002)
values ('15000000', '8918010698', 'DPTAL BOYACA', '15', '03', 'alcaldia@dptalboyaca-boyac.gov.co', 0, '01', 'AHO', '616387189', '8918010698', 1, 1, 1, 1, 0);
insert into MUNICIPIO (IDMUNICIPIO, NIT_M, NOMBRE, IDDEPARTAMENTO, IDCONCESIONARIO, CORREO, INDRETROACTIVIDAD, IDBANCO, TIPOCUENTA, CUENTA, NIT_CTA, INDLIQ_S_EXT, INDLIQ_S_LOCAL, INDLIQ_P_EXT, INDLIQ_P_LOCAL, INDACUERDOPAGO_2002)
values ('15001000', '8918008461', 'TUNJA', '15', '03', 'alcaldia@tunja-boyac.gov.co', 0, '51', 'CTE', '1505734279', '8918008461', 1, 1, 1, 1, 0);
insert into MUNICIPIO (IDMUNICIPIO, NIT_M, NOMBRE, IDDEPARTAMENTO, IDCONCESIONARIO, CORREO, INDRETROACTIVIDAD, IDBANCO, TIPOCUENTA, CUENTA, NIT_CTA, INDLIQ_S_EXT, INDLIQ_S_LOCAL, INDLIQ_P_EXT, INDLIQ_P_LOCAL, INDACUERDOPAGO_2002)
values ('15176000', '8918004750', 'CHIQUINQUIR', '15', '03', 'alcaldia@chiquinquira-boyaca.gov.co', 0, '52', 'AHO', '705132488', '8918004750', 1, 1, 1, 1, 0);
insert into MUNICIPIO (IDMUNICIPIO, NIT_M, NOMBRE, IDDEPARTAMENTO, IDCONCESIONARIO, CORREO, INDRETROACTIVIDAD, IDBANCO, TIPOCUENTA, CUENTA, NIT_CTA, INDLIQ_S_EXT, INDLIQ_S_LOCAL, INDLIQ_P_EXT, INDLIQ_P_LOCAL, INDACUERDOPAGO_2002)
values ('15204000', '8918010698', 'COMBITA', '15', '03', 'alcaldia@combita-boyac.gov.co', 0, '01', 'AHO', '616387189', '8918010698', 1, 1, 1, 1, 0);
insert into MUNICIPIO (IDMUNICIPIO, NIT_M, NOMBRE, IDDEPARTAMENTO, IDCONCESIONARIO, CORREO, INDRETROACTIVIDAD, IDBANCO, TIPOCUENTA, CUENTA, NIT_CTA, INDLIQ_S_EXT, INDLIQ_S_LOCAL, INDLIQ_P_EXT, INDLIQ_P_LOCAL, INDACUERDOPAGO_2002)
values ('15238000', '8918551381', 'DUITAMA', '15', '03', 'alcaldia@duitama-boyac.gov.co', 0, '52', 'AHO', '710192626', '8918551381', 1, 1, 1, 1, 0);
insert into MUNICIPIO (IDMUNICIPIO, NIT_M, NOMBRE, IDDEPARTAMENTO, IDCONCESIONARIO, CORREO, INDRETROACTIVIDAD, IDBANCO, TIPOCUENTA, CUENTA, NIT_CTA, INDLIQ_S_EXT, INDLIQ_S_LOCAL, INDLIQ_P_EXT, INDLIQ_P_LOCAL, INDACUERDOPAGO_2002)
values ('15322000', '8918010698', 'GUATEQUE', '15', '03', 'alcaldia@guateque-boyac.gov.co', 0, '01', 'AHO', '616387189', '8918010698', 1, 1, 1, 1, 0);
insert into MUNICIPIO (IDMUNICIPIO, NIT_M, NOMBRE, IDDEPARTAMENTO, IDCONCESIONARIO, CORREO, INDRETROACTIVIDAD, IDBANCO, TIPOCUENTA, CUENTA, NIT_CTA, INDLIQ_S_EXT, INDLIQ_S_LOCAL, INDLIQ_P_EXT, INDLIQ_P_LOCAL, INDACUERDOPAGO_2002)
values ('15491000', '8918010698', 'NOBSA', '15', '03', 'alcaldia@nobsa-boyac.gov.co', 0, '01', 'AHO', '616387189', '8918010698', 1, 1, 1, 1, 0);
insert into MUNICIPIO (IDMUNICIPIO, NIT_M, NOMBRE, IDDEPARTAMENTO, IDCONCESIONARIO, CORREO, INDRETROACTIVIDAD, IDBANCO, TIPOCUENTA, CUENTA, NIT_CTA, INDLIQ_S_EXT, INDLIQ_S_LOCAL, INDLIQ_P_EXT, INDLIQ_P_LOCAL, INDACUERDOPAGO_2002)
values ('15516000', '8918012401', 'PAIPA', '15', '03', 'alcaldia@paipa-boyac.gov.co', 0, '02', 'AHO', '220261015960', '8918012401', 1, 1, 1, 1, 0);
insert into MUNICIPIO (IDMUNICIPIO, NIT_M, NOMBRE, IDDEPARTAMENTO, IDCONCESIONARIO, CORREO, INDRETROACTIVIDAD, IDBANCO, TIPOCUENTA, CUENTA, NIT_CTA, INDLIQ_S_EXT, INDLIQ_S_LOCAL, INDLIQ_P_EXT, INDLIQ_P_LOCAL, INDACUERDOPAGO_2002)
values ('15572000', '8918004664', 'PUERTO BOYACA', '15', '03', 'alcaldia@puertoboyaca-boyac.gov.co', 0, '07', 'AHO', '25412949083', '8918004664', 1, 1, 1, 1, 0);
insert into MUNICIPIO (IDMUNICIPIO, NIT_M, NOMBRE, IDDEPARTAMENTO, IDCONCESIONARIO, CORREO, INDRETROACTIVIDAD, IDBANCO, TIPOCUENTA, CUENTA, NIT_CTA, INDLIQ_S_EXT, INDLIQ_S_LOCAL, INDLIQ_P_EXT, INDLIQ_P_LOCAL, INDACUERDOPAGO_2002)
values ('15632000', '8918010698', 'SABOYA', '15', '03', 'alcaldia@saboya-boyac.gov.co', 0, '01', 'AHO', '616387189', '8918010698', 1, 1, 1, 1, 0);
insert into MUNICIPIO (IDMUNICIPIO, NIT_M, NOMBRE, IDDEPARTAMENTO, IDCONCESIONARIO, CORREO, INDRETROACTIVIDAD, IDBANCO, TIPOCUENTA, CUENTA, NIT_CTA, INDLIQ_S_EXT, INDLIQ_S_LOCAL, INDLIQ_P_EXT, INDLIQ_P_LOCAL, INDACUERDOPAGO_2002)
values ('15693000', '8918010698', 'SANTA ROSA DE VITERBO', '15', '03', 'alcaldia@santarosadeviterbo-boyac.gov.co', 0, '01', 'AHO', '616387189', '8918010698', 1, 1, 1, 1, 0);
insert into MUNICIPIO (IDMUNICIPIO, NIT_M, NOMBRE, IDDEPARTAMENTO, IDCONCESIONARIO, CORREO, INDRETROACTIVIDAD, IDBANCO, TIPOCUENTA, CUENTA, NIT_CTA, INDLIQ_S_EXT, INDLIQ_S_LOCAL, INDLIQ_P_EXT, INDLIQ_P_LOCAL, INDACUERDOPAGO_2002)
values ('15759000', '8260002264', 'SOGAMOSO', '15', '03', 'alcaldia@sogamoso-boyac.gov.co', 0, '51', 'AHO', '186000253077', '8260002264', 1, 1, 1, 1, 0);
insert into MUNICIPIO (IDMUNICIPIO, NIT_M, NOMBRE, IDDEPARTAMENTO, IDCONCESIONARIO, CORREO, INDRETROACTIVIDAD, IDBANCO, TIPOCUENTA, CUENTA, NIT_CTA, INDLIQ_S_EXT, INDLIQ_S_LOCAL, INDLIQ_P_EXT, INDLIQ_P_LOCAL, INDACUERDOPAGO_2002)
values ('15806000', '8918553616', 'TIBASOSA', '15', '03', 'alcaldia@tibasosa-boyac.gov.co', 0, '01', 'CTE', '596087247', '8918553616', 1, 1, 1, 1, 0);
insert into MUNICIPIO (IDMUNICIPIO, NIT_M, NOMBRE, IDDEPARTAMENTO, IDCONCESIONARIO, CORREO, INDRETROACTIVIDAD, IDBANCO, TIPOCUENTA, CUENTA, NIT_CTA, INDLIQ_S_EXT, INDLIQ_S_LOCAL, INDLIQ_P_EXT, INDLIQ_P_LOCAL, INDACUERDOPAGO_2002)
values ('17001000', '8908010537', 'MANIZALES', '17', '02', 'alcaldia@manizales-caldas.gov.co', 0, '07', 'CTE', '7007087367', '8908010537', 1, 1, 1, 1, 0);
insert into MUNICIPIO (IDMUNICIPIO, NIT_M, NOMBRE, IDDEPARTAMENTO, IDCONCESIONARIO, CORREO, INDRETROACTIVIDAD, IDBANCO, TIPOCUENTA, CUENTA, NIT_CTA, INDLIQ_S_EXT, INDLIQ_S_LOCAL, INDLIQ_P_EXT, INDLIQ_P_LOCAL, INDACUERDOPAGO_2002)
values ('17013000', '8908011320', 'AGUADAS', '17', '02', 'alcaldia@aguadas-caldas.gov.co', 0, '40', 'CTE', '318010000426', '8908011320', 1, 1, 1, 1, 0);
insert into MUNICIPIO (IDMUNICIPIO, NIT_M, NOMBRE, IDDEPARTAMENTO, IDCONCESIONARIO, CORREO, INDRETROACTIVIDAD, IDBANCO, TIPOCUENTA, CUENTA, NIT_CTA, INDLIQ_S_EXT, INDLIQ_S_LOCAL, INDLIQ_P_EXT, INDLIQ_P_LOCAL, INDACUERDOPAGO_2002)
values ('17042000', '8908011391', 'ANSERMA', '17', '02', 'alcaldia@anserma-caldas.gov.co', 0, '50', 'AHO', '077138220', '8908011391', 1, 1, 1, 1, 0);
insert into MUNICIPIO (IDMUNICIPIO, NIT_M, NOMBRE, IDDEPARTAMENTO, IDCONCESIONARIO, CORREO, INDRETROACTIVIDAD, IDBANCO, TIPOCUENTA, CUENTA, NIT_CTA, INDLIQ_S_EXT, INDLIQ_S_LOCAL, INDLIQ_P_EXT, INDLIQ_P_LOCAL, INDACUERDOPAGO_2002)
values ('17050000', '8908011424', 'ARANZAZU', '17', '02', 'alcaldia@aranzazu-caldas.gov.co', 0, '50', 'CTE', '326012358', '8908011424', 1, 1, 1, 1, 0);
insert into MUNICIPIO (IDMUNICIPIO, NIT_M, NOMBRE, IDDEPARTAMENTO, IDCONCESIONARIO, CORREO, INDRETROACTIVIDAD, IDBANCO, TIPOCUENTA, CUENTA, NIT_CTA, INDLIQ_S_EXT, INDLIQ_S_LOCAL, INDLIQ_P_EXT, INDLIQ_P_LOCAL, INDACUERDOPAGO_2002)
values ('17174000', '8908011338', 'CHINCHINA', '17', '02', 'alcaldia@chinchina-caldas.gov.co', 0, '01', 'CTE', '325021129', '8908011338', 1, 1, 1, 1, 0);
insert into MUNICIPIO (IDMUNICIPIO, NIT_M, NOMBRE, IDDEPARTAMENTO, IDCONCESIONARIO, CORREO, INDRETROACTIVIDAD, IDBANCO, TIPOCUENTA, CUENTA, NIT_CTA, INDLIQ_S_EXT, INDLIQ_S_LOCAL, INDLIQ_P_EXT, INDLIQ_P_LOCAL, INDACUERDOPAGO_2002)
values ('17380000', '8908011306', 'LA DORADA', '17', '02', 'alcaldia@ladorada-caldas.gov.co', 0, '01', 'CTE', '271034852', '8908011306', 1, 1, 1, 1, 0);
insert into MUNICIPIO (IDMUNICIPIO, NIT_M, NOMBRE, IDDEPARTAMENTO, IDCONCESIONARIO, CORREO, INDRETROACTIVIDAD, IDBANCO, TIPOCUENTA, CUENTA, NIT_CTA, INDLIQ_S_EXT, INDLIQ_S_LOCAL, INDLIQ_P_EXT, INDLIQ_P_LOCAL, INDACUERDOPAGO_2002)
values ('17433000', '8908025059', 'MANZANARES', '17', '02', 'alcaldia@manzanares-caldas.gov.co', 0, '50', 'CTE', '261004121', '8908025059', 1, 1, 1, 1, 0);
insert into MUNICIPIO (IDMUNICIPIO, NIT_M, NOMBRE, IDDEPARTAMENTO, IDCONCESIONARIO, CORREO, INDRETROACTIVIDAD, IDBANCO, TIPOCUENTA, CUENTA, NIT_CTA, INDLIQ_S_EXT, INDLIQ_S_LOCAL, INDLIQ_P_EXT, INDLIQ_P_LOCAL, INDACUERDOPAGO_2002)
values ('17486000', '8908011352', 'NEIRA', '17', '02', 'alcaldia@neira-caldas.gov.co', 0, '50', 'CTE', '257015677', '8908011352', 1, 1, 1, 1, 0);
insert into MUNICIPIO (IDMUNICIPIO, NIT_M, NOMBRE, IDDEPARTAMENTO, IDCONCESIONARIO, CORREO, INDRETROACTIVIDAD, IDBANCO, TIPOCUENTA, CUENTA, NIT_CTA, INDLIQ_S_EXT, INDLIQ_S_LOCAL, INDLIQ_P_EXT, INDLIQ_P_LOCAL, INDACUERDOPAGO_2002)
values ('17524000', '8908011417', 'PALESTINA CALDAS', '17', '02', 'alcaldia@palestinacaldas-caldas.gov.co', 0, '01', 'CTE', '266034834', '8908011417', 1, 1, 1, 1, 0);
insert into MUNICIPIO (IDMUNICIPIO, NIT_M, NOMBRE, IDDEPARTAMENTO, IDCONCESIONARIO, CORREO, INDRETROACTIVIDAD, IDBANCO, TIPOCUENTA, CUENTA, NIT_CTA, INDLIQ_S_EXT, INDLIQ_S_LOCAL, INDLIQ_P_EXT, INDLIQ_P_LOCAL, INDACUERDOPAGO_2002)
values ('17614000', '8908011384', 'RIOSUCIO', '17', '02', 'alcaldia@riosucio-caldas.gov.co', 0, '01', 'CTE', '848024550', '8908011384', 1, 1, 1, 1, 0);
insert into MUNICIPIO (IDMUNICIPIO, NIT_M, NOMBRE, IDDEPARTAMENTO, IDCONCESIONARIO, CORREO, INDRETROACTIVIDAD, IDBANCO, TIPOCUENTA, CUENTA, NIT_CTA, INDLIQ_S_EXT, INDLIQ_S_LOCAL, INDLIQ_P_EXT, INDLIQ_P_LOCAL, INDACUERDOPAGO_2002)
values ('17616000', '8000954611', 'RISARALDA', '17', '02', 'alcaldia@risaralda-caldas.gov.co', 0, '50', 'CTE', '077032621', '8000954611', 1, 1, 1, 1, 0);
insert into MUNICIPIO (IDMUNICIPIO, NIT_M, NOMBRE, IDDEPARTAMENTO, IDCONCESIONARIO, CORREO, INDRETROACTIVIDAD, IDBANCO, TIPOCUENTA, CUENTA, NIT_CTA, INDLIQ_S_EXT, INDLIQ_S_LOCAL, INDLIQ_P_EXT, INDLIQ_P_LOCAL, INDACUERDOPAGO_2002)
values ('17653000', '8908011313', 'SALAMINA CALDAS', '17', '02', 'alcaldia@salaminacaldas-caldas.gov.co', 0, '40', 'CTE', '18300012251', '8908011313', 1, 1, 1, 1, 0);
insert into MUNICIPIO (IDMUNICIPIO, NIT_M, NOMBRE, IDDEPARTAMENTO, IDCONCESIONARIO, CORREO, INDRETROACTIVIDAD, IDBANCO, TIPOCUENTA, CUENTA, NIT_CTA, INDLIQ_S_EXT, INDLIQ_S_LOCAL, INDLIQ_P_EXT, INDLIQ_P_LOCAL, INDACUERDOPAGO_2002)
values ('17665000', '8100019988', 'SAN JOSE', '17', '02', 'alcaldia@sanjose-caldas.gov.co', 0, '50', 'CTE', '077033041', '8100019988', 1, 1, 1, 1, 0);
insert into MUNICIPIO (IDMUNICIPIO, NIT_M, NOMBRE, IDDEPARTAMENTO, IDCONCESIONARIO, CORREO, INDRETROACTIVIDAD, IDBANCO, TIPOCUENTA, CUENTA, NIT_CTA, INDLIQ_S_EXT, INDLIQ_S_LOCAL, INDLIQ_P_EXT, INDLIQ_P_LOCAL, INDACUERDOPAGO_2002)
values ('17777000', '8908011503', 'SUPIA', '17', '02', 'alcaldia@supia-caldas.gov.co', 0, '50', 'CTE', '321007494', '8908011503', 1, 1, 1, 1, 0);
insert into MUNICIPIO (IDMUNICIPIO, NIT_M, NOMBRE, IDDEPARTAMENTO, IDCONCESIONARIO, CORREO, INDRETROACTIVIDAD, IDBANCO, TIPOCUENTA, CUENTA, NIT_CTA, INDLIQ_S_EXT, INDLIQ_S_LOCAL, INDLIQ_P_EXT, INDLIQ_P_LOCAL, INDACUERDOPAGO_2002)
values ('17873000', '8908010521', 'VILLAMARA', '17', '02', 'alcaldia@villamaria-caldas.gov.co', 0, '50', 'CTE', '260990304', '8908010521', 1, 1, 1, 1, 0);
insert into MUNICIPIO (IDMUNICIPIO, NIT_M, NOMBRE, IDDEPARTAMENTO, IDCONCESIONARIO, CORREO, INDRETROACTIVIDAD, IDBANCO, TIPOCUENTA, CUENTA, NIT_CTA, INDLIQ_S_EXT, INDLIQ_S_LOCAL, INDLIQ_P_EXT, INDLIQ_P_LOCAL, INDACUERDOPAGO_2002)
values ('17877000', '8000908335', 'VITERBO', '17', '02', 'alcaldia@viterbo-caldas.gov.co', 0, '40', 'CTE', '18550009189', '8000908335', 1, 1, 1, 1, 0);
insert into MUNICIPIO (IDMUNICIPIO, NIT_M, NOMBRE, IDDEPARTAMENTO, IDCONCESIONARIO, CORREO, INDRETROACTIVIDAD, IDBANCO, TIPOCUENTA, CUENTA, NIT_CTA, INDLIQ_S_EXT, INDLIQ_S_LOCAL, INDLIQ_P_EXT, INDLIQ_P_LOCAL, INDACUERDOPAGO_2002)
values ('25151000', '8999991140', 'CAQUEZA', '25', '03', 'alcaldia@caqueza-cundinamarca.gov.co', 0, '52', 'AHO', '078049475', '8999991140', 1, 1, 1, 1, 0);
insert into MUNICIPIO (IDMUNICIPIO, NIT_M, NOMBRE, IDDEPARTAMENTO, IDCONCESIONARIO, CORREO, INDRETROACTIVIDAD, IDBANCO, TIPOCUENTA, CUENTA, NIT_CTA, INDLIQ_S_EXT, INDLIQ_S_LOCAL, INDLIQ_P_EXT, INDLIQ_P_LOCAL, INDACUERDOPAGO_2002)
values ('25175000', '8999991728', 'CHIA', '25', '03', 'alcaldia@chia-cundinamarca.gov.co', 0, '01', 'AHO', '147044531', '8999991728', 1, 1, 1, 1, 0);
insert into MUNICIPIO (IDMUNICIPIO, NIT_M, NOMBRE, IDDEPARTAMENTO, IDCONCESIONARIO, CORREO, INDRETROACTIVIDAD, IDBANCO, TIPOCUENTA, CUENTA, NIT_CTA, INDLIQ_S_EXT, INDLIQ_S_LOCAL, INDLIQ_P_EXT, INDLIQ_P_LOCAL, INDACUERDOPAGO_2002)
values ('25183000', '8999991140', 'CHOCONTA', '25', '03', 'alcaldia@choconta-cundinamarca.gov.co', 0, '52', 'AHO', '078049475', '8999991140', 1, 1, 1, 1, 0);
insert into MUNICIPIO (IDMUNICIPIO, NIT_M, NOMBRE, IDDEPARTAMENTO, IDCONCESIONARIO, CORREO, INDRETROACTIVIDAD, IDBANCO, TIPOCUENTA, CUENTA, NIT_CTA, INDLIQ_S_EXT, INDLIQ_S_LOCAL, INDLIQ_P_EXT, INDLIQ_P_LOCAL, INDACUERDOPAGO_2002)
values ('25214000', '8999991140', 'COTA', '25', '03', 'alcaldia@cota-cundinamarca.gov.co', 0, '52', 'AHO', '078049475', '8999991140', 1, 1, 1, 1, 0);
insert into MUNICIPIO (IDMUNICIPIO, NIT_M, NOMBRE, IDDEPARTAMENTO, IDCONCESIONARIO, CORREO, INDRETROACTIVIDAD, IDBANCO, TIPOCUENTA, CUENTA, NIT_CTA, INDLIQ_S_EXT, INDLIQ_S_LOCAL, INDLIQ_P_EXT, INDLIQ_P_LOCAL, INDACUERDOPAGO_2002)
values ('25260000', '8999991140', 'EL ROSAL', '25', '03', 'alcaldia@elrosal-cundinamarca.gov.co', 0, '52', 'AHO', '078049475', '8999991140', 1, 1, 1, 1, 0);
insert into MUNICIPIO (IDMUNICIPIO, NIT_M, NOMBRE, IDDEPARTAMENTO, IDCONCESIONARIO, CORREO, INDRETROACTIVIDAD, IDBANCO, TIPOCUENTA, CUENTA, NIT_CTA, INDLIQ_S_EXT, INDLIQ_S_LOCAL, INDLIQ_P_EXT, INDLIQ_P_LOCAL, INDACUERDOPAGO_2002)
values ('25269000', '8999993281', 'FACATATIVA', '25', '03', 'alcaldia@facatativa-cundinamarca.gov.co', 0, '50', 'AHO', '187536560', '8999993281', 1, 1, 1, 1, 0);
insert into MUNICIPIO (IDMUNICIPIO, NIT_M, NOMBRE, IDDEPARTAMENTO, IDCONCESIONARIO, CORREO, INDRETROACTIVIDAD, IDBANCO, TIPOCUENTA, CUENTA, NIT_CTA, INDLIQ_S_EXT, INDLIQ_S_LOCAL, INDLIQ_P_EXT, INDLIQ_P_LOCAL, INDACUERDOPAGO_2002)
values ('25290000', '8906800084', 'FUSAGASUGA', '25', '03', 'alcaldia@fusagasuga-cundinamarca.gov.co', 0, '50', 'AHO', '197562267', '8906800084', 1, 1, 1, 1, 0);
insert into MUNICIPIO (IDMUNICIPIO, NIT_M, NOMBRE, IDDEPARTAMENTO, IDCONCESIONARIO, CORREO, INDRETROACTIVIDAD, IDBANCO, TIPOCUENTA, CUENTA, NIT_CTA, INDLIQ_S_EXT, INDLIQ_S_LOCAL, INDLIQ_P_EXT, INDLIQ_P_LOCAL, INDACUERDOPAGO_2002)
values ('25307000', '8906803784', 'GIRARDOT ', '25', '03', 'alcaldia@girardot-cundinamarca.gov.co', 0, '02', 'AHO', '220360018790', '8906803784', 1, 1, 1, 1, 0);
insert into MUNICIPIO (IDMUNICIPIO, NIT_M, NOMBRE, IDDEPARTAMENTO, IDCONCESIONARIO, CORREO, INDRETROACTIVIDAD, IDBANCO, TIPOCUENTA, CUENTA, NIT_CTA, INDLIQ_S_EXT, INDLIQ_S_LOCAL, INDLIQ_P_EXT, INDLIQ_P_LOCAL, INDACUERDOPAGO_2002)
values ('25335000', '8000947011', 'GUAYABETAL', '25', '03', 'alcaldia@guayabetal-cundinamarca.gov.co', 0, '02', 'CTE', '320021298', '8000947011', 1, 1, 1, 1, 0);
insert into MUNICIPIO (IDMUNICIPIO, NIT_M, NOMBRE, IDDEPARTAMENTO, IDCONCESIONARIO, CORREO, INDRETROACTIVIDAD, IDBANCO, TIPOCUENTA, CUENTA, NIT_CTA, INDLIQ_S_EXT, INDLIQ_S_LOCAL, INDLIQ_P_EXT, INDLIQ_P_LOCAL, INDACUERDOPAGO_2002)
values ('25377000', '8999991140', 'LA CALERA', '25', '03', 'alcaldia@lacalera-cundinamarca.gov.co', 0, '52', 'AHO', '078049475', '8999991140', 1, 1, 1, 1, 0);
insert into MUNICIPIO (IDMUNICIPIO, NIT_M, NOMBRE, IDDEPARTAMENTO, IDCONCESIONARIO, CORREO, INDRETROACTIVIDAD, IDBANCO, TIPOCUENTA, CUENTA, NIT_CTA, INDLIQ_S_EXT, INDLIQ_S_LOCAL, INDLIQ_P_EXT, INDLIQ_P_LOCAL, INDACUERDOPAGO_2002)
values ('25473000', '8999991140', 'MOSQUERA CUNDINAMARCA', '25', '03', 'alcaldia@mosqueracundinamarca-cundinamarca.gov.co', 0, '52', 'AHO', '078049475', '8999991140', 1, 1, 1, 1, 0);
insert into MUNICIPIO (IDMUNICIPIO, NIT_M, NOMBRE, IDDEPARTAMENTO, IDCONCESIONARIO, CORREO, INDRETROACTIVIDAD, IDBANCO, TIPOCUENTA, CUENTA, NIT_CTA, INDLIQ_S_EXT, INDLIQ_S_LOCAL, INDLIQ_P_EXT, INDLIQ_P_LOCAL, INDACUERDOPAGO_2002)
values ('25513000', '8999994754', 'PACHO', '25', '03', 'alcaldia@pacho-cundinamarca.gov.co', 0, '07', 'AHO', '34121514402', '8999994754', 1, 1, 1, 1, 0);
insert into MUNICIPIO (IDMUNICIPIO, NIT_M, NOMBRE, IDDEPARTAMENTO, IDCONCESIONARIO, CORREO, INDRETROACTIVIDAD, IDBANCO, TIPOCUENTA, CUENTA, NIT_CTA, INDLIQ_S_EXT, INDLIQ_S_LOCAL, INDLIQ_P_EXT, INDLIQ_P_LOCAL, INDACUERDOPAGO_2002)
values ('25572000', '8999994138', 'PUERTO SALGAR', '25', '03', 'alcaldia@puertosalgar-cundinamarca.gov.co', 0, '40', 'CTE', '331640000765', '8999994138', 1, 1, 1, 1, 0);
insert into MUNICIPIO (IDMUNICIPIO, NIT_M, NOMBRE, IDDEPARTAMENTO, IDCONCESIONARIO, CORREO, INDRETROACTIVIDAD, IDBANCO, TIPOCUENTA, CUENTA, NIT_CTA, INDLIQ_S_EXT, INDLIQ_S_LOCAL, INDLIQ_P_EXT, INDLIQ_P_LOCAL, INDACUERDOPAGO_2002)
values ('25612000', '8999991140', 'RICAURTE CUNDINAMARCA', '25', '03', 'alcaldia@ricaurtecundinamarca-cundinamarca.gov.co', 0, '52', 'AHO', '078049475', '8999991140', 1, 1, 1, 1, 0);
insert into MUNICIPIO (IDMUNICIPIO, NIT_M, NOMBRE, IDDEPARTAMENTO, IDCONCESIONARIO, CORREO, INDRETROACTIVIDAD, IDBANCO, TIPOCUENTA, CUENTA, NIT_CTA, INDLIQ_S_EXT, INDLIQ_S_LOCAL, INDLIQ_P_EXT, INDLIQ_P_LOCAL, INDACUERDOPAGO_2002)
values ('25754000', '8999991140', 'SOACHA', '25', '03', 'alcaldia@soacha-cundinamarca.gov.co', 0, '52', 'AHO', '078049475', '8999991140', 1, 1, 1, 1, 0);
insert into MUNICIPIO (IDMUNICIPIO, NIT_M, NOMBRE, IDDEPARTAMENTO, IDCONCESIONARIO, CORREO, INDRETROACTIVIDAD, IDBANCO, TIPOCUENTA, CUENTA, NIT_CTA, INDLIQ_S_EXT, INDLIQ_S_LOCAL, INDLIQ_P_EXT, INDLIQ_P_LOCAL, INDACUERDOPAGO_2002)
values ('25843000', '8999992812', 'UBATE', '25', '03', 'alcaldia@ubate-cundinamarca.gov.co', 0, '52', 'AHO', '452092927', '8999992812', 1, 1, 1, 1, 0);
insert into MUNICIPIO (IDMUNICIPIO, NIT_M, NOMBRE, IDDEPARTAMENTO, IDCONCESIONARIO, CORREO, INDRETROACTIVIDAD, IDBANCO, TIPOCUENTA, CUENTA, NIT_CTA, INDLIQ_S_EXT, INDLIQ_S_LOCAL, INDLIQ_P_EXT, INDLIQ_P_LOCAL, INDACUERDOPAGO_2002)
values ('25875000', '8999991140', 'VILLETA', '25', '03', 'alcaldia@villeta-cundinamarca.gov.co', 0, '52', 'AHO', '078049475', '8999991140', 1, 1, 1, 1, 0);
insert into MUNICIPIO (IDMUNICIPIO, NIT_M, NOMBRE, IDDEPARTAMENTO, IDCONCESIONARIO, CORREO, INDRETROACTIVIDAD, IDBANCO, TIPOCUENTA, CUENTA, NIT_CTA, INDLIQ_S_EXT, INDLIQ_S_LOCAL, INDLIQ_P_EXT, INDLIQ_P_LOCAL, INDACUERDOPAGO_2002)
values ('25899000', '8999991140', 'ZIPAQUIRA', '25', '03', 'alcaldia@zipaquira-cundinamarca.gov.co', 0, '52', 'AHO', '078049475', '8999991140', 1, 1, 1, 1, 0);
insert into MUNICIPIO (IDMUNICIPIO, NIT_M, NOMBRE, IDDEPARTAMENTO, IDCONCESIONARIO, CORREO, INDRETROACTIVIDAD, IDBANCO, TIPOCUENTA, CUENTA, NIT_CTA, INDLIQ_S_EXT, INDLIQ_S_LOCAL, INDLIQ_P_EXT, INDLIQ_P_LOCAL, INDACUERDOPAGO_2002)
values ('27000000', '8916800103', 'DPTAL CHOCO', '27', '01', 'alcaldia@dptalchoco-choc.gov.co', 0, '01', 'CTE', '578338162', '8916800103', 1, 1, 1, 1, 0);
insert into MUNICIPIO (IDMUNICIPIO, NIT_M, NOMBRE, IDDEPARTAMENTO, IDCONCESIONARIO, CORREO, INDRETROACTIVIDAD, IDBANCO, TIPOCUENTA, CUENTA, NIT_CTA, INDLIQ_S_EXT, INDLIQ_S_LOCAL, INDLIQ_P_EXT, INDLIQ_P_LOCAL, INDACUERDOPAGO_2002)
values ('27001000', '8916800110', 'QUIBDO', '27', '01', 'alcaldia@quibdo-choc.gov.co', 0, '52', 'AHO', '530803555', '8916800110', 1, 1, 1, 1, 0);
insert into MUNICIPIO (IDMUNICIPIO, NIT_M, NOMBRE, IDDEPARTAMENTO, IDCONCESIONARIO, CORREO, INDRETROACTIVIDAD, IDBANCO, TIPOCUENTA, CUENTA, NIT_CTA, INDLIQ_S_EXT, INDLIQ_S_LOCAL, INDLIQ_P_EXT, INDLIQ_P_LOCAL, INDACUERDOPAGO_2002)
values ('41000000', '8001150053', 'DPTAL HUILA', '41', '04', 'alcaldia@dptalhuila-huila.gov.co', 0, '02', 'AHO', '220390720274', '8001150053', 1, 1, 1, 1, 0);
insert into MUNICIPIO (IDMUNICIPIO, NIT_M, NOMBRE, IDDEPARTAMENTO, IDCONCESIONARIO, CORREO, INDRETROACTIVIDAD, IDBANCO, TIPOCUENTA, CUENTA, NIT_CTA, INDLIQ_S_EXT, INDLIQ_S_LOCAL, INDLIQ_P_EXT, INDLIQ_P_LOCAL, INDACUERDOPAGO_2002)
values ('18001000', '8000957282', 'FLORENCIA', '18', '04', 'alcaldia@florencia-caquet.gov.co', 0, '02', 'AHO', '220620721266', '8000957282', 1, 1, 1, 1, 0);
insert into MUNICIPIO (IDMUNICIPIO, NIT_M, NOMBRE, IDDEPARTAMENTO, IDCONCESIONARIO, CORREO, INDRETROACTIVIDAD, IDBANCO, TIPOCUENTA, CUENTA, NIT_CTA, INDLIQ_S_EXT, INDLIQ_S_LOCAL, INDLIQ_P_EXT, INDLIQ_P_LOCAL, INDACUERDOPAGO_2002)
values ('18094000', '8911902153', 'BELEN ANDAQUIES', '18', '04', 'alcaldia@belenandaquies-caquet.gov.co', 0, '07', 'CTE', '46616298331', '8911902153', 1, 1, 1, 1, 0);
insert into MUNICIPIO (IDMUNICIPIO, NIT_M, NOMBRE, IDDEPARTAMENTO, IDCONCESIONARIO, CORREO, INDRETROACTIVIDAD, IDBANCO, TIPOCUENTA, CUENTA, NIT_CTA, INDLIQ_S_EXT, INDLIQ_S_LOCAL, INDLIQ_P_EXT, INDLIQ_P_LOCAL, INDACUERDOPAGO_2002)
values ('18256000', '8911902153', 'EL PAUJL', '18', '04', 'alcaldia@elpaujil-caqueta.gov.co', 0, '07', 'CTE', '46616298331', '8911902153', 1, 1, 1, 1, 0);
insert into MUNICIPIO (IDMUNICIPIO, NIT_M, NOMBRE, IDDEPARTAMENTO, IDCONCESIONARIO, CORREO, INDRETROACTIVIDAD, IDBANCO, TIPOCUENTA, CUENTA, NIT_CTA, INDLIQ_S_EXT, INDLIQ_S_LOCAL, INDLIQ_P_EXT, INDLIQ_P_LOCAL, INDACUERDOPAGO_2002)
values ('18753000', '8911902153', 'SAN VICENTE DEL CAGUAN', '18', '04', 'alcaldia@sanvicentedelcaguan-caquet.gov.co', 0, '07', 'CTE', '46616298331', '8911902153', 1, 1, 1, 1, 0);
insert into MUNICIPIO (IDMUNICIPIO, NIT_M, NOMBRE, IDDEPARTAMENTO, IDCONCESIONARIO, CORREO, INDRETROACTIVIDAD, IDBANCO, TIPOCUENTA, CUENTA, NIT_CTA, INDLIQ_S_EXT, INDLIQ_S_LOCAL, INDLIQ_P_EXT, INDLIQ_P_LOCAL, INDACUERDOPAGO_2002)
values ('19001000', '8915800064', 'POPAYN', '19', '02', 'alcaldia@popayan-cauca.gov.co', 0, '07', 'AHO', '86827156339', '8915800064', 1, 1, 1, 1, 0);
insert into MUNICIPIO (IDMUNICIPIO, NIT_M, NOMBRE, IDDEPARTAMENTO, IDCONCESIONARIO, CORREO, INDRETROACTIVIDAD, IDBANCO, TIPOCUENTA, CUENTA, NIT_CTA, INDLIQ_S_EXT, INDLIQ_S_LOCAL, INDLIQ_P_EXT, INDLIQ_P_LOCAL, INDACUERDOPAGO_2002)
values ('19100000', '8000959612', 'BOLIVAR CAUCA', '19', '02', 'alcaldia@bolivarcauca-cauca.gov.co', 0, '23', 'CTE', '041101072', '8000959612', 1, 1, 1, 1, 0);
insert into MUNICIPIO (IDMUNICIPIO, NIT_M, NOMBRE, IDDEPARTAMENTO, IDCONCESIONARIO, CORREO, INDRETROACTIVIDAD, IDBANCO, TIPOCUENTA, CUENTA, NIT_CTA, INDLIQ_S_EXT, INDLIQ_S_LOCAL, INDLIQ_P_EXT, INDLIQ_P_LOCAL, INDACUERDOPAGO_2002)
values ('19130000', '8915008645', 'CAJIBIO', '19', '02', 'alcaldia@cajibio-cauca.gov.co', 0, '13', 'CTE', '721004604', '8915008645', 1, 1, 1, 1, 0);
insert into MUNICIPIO (IDMUNICIPIO, NIT_M, NOMBRE, IDDEPARTAMENTO, IDCONCESIONARIO, CORREO, INDRETROACTIVIDAD, IDBANCO, TIPOCUENTA, CUENTA, NIT_CTA, INDLIQ_S_EXT, INDLIQ_S_LOCAL, INDLIQ_P_EXT, INDLIQ_P_LOCAL, INDACUERDOPAGO_2002)
values ('19137000', '8915017231', 'CALDONO', '19', '02', 'alcaldia@caldono-cauca.gov.co', 0, '40', 'CTE', '321100000207', '8915017231', 1, 1, 1, 1, 0);
insert into MUNICIPIO (IDMUNICIPIO, NIT_M, NOMBRE, IDDEPARTAMENTO, IDCONCESIONARIO, CORREO, INDRETROACTIVIDAD, IDBANCO, TIPOCUENTA, CUENTA, NIT_CTA, INDLIQ_S_EXT, INDLIQ_S_LOCAL, INDLIQ_P_EXT, INDLIQ_P_LOCAL, INDACUERDOPAGO_2002)
values ('19142000', '8915012927', 'CALOTO', '19', '02', 'alcaldia@caloto-cauca.gov.co', 0, '07', 'CTE', '83832818817', '8915012927', 1, 1, 1, 1, 0);
insert into MUNICIPIO (IDMUNICIPIO, NIT_M, NOMBRE, IDDEPARTAMENTO, IDCONCESIONARIO, CORREO, INDRETROACTIVIDAD, IDBANCO, TIPOCUENTA, CUENTA, NIT_CTA, INDLIQ_S_EXT, INDLIQ_S_LOCAL, INDLIQ_P_EXT, INDLIQ_P_LOCAL, INDACUERDOPAGO_2002)
values ('19256000', '8915009786', 'EL TAMBO CAUCA', '19', '02', 'alcaldia@eltambocauca-cauca.gov.co', 0, '40', 'CTE', '21010008973', '8915009786', 1, 1, 1, 1, 0);
insert into MUNICIPIO (IDMUNICIPIO, NIT_M, NOMBRE, IDDEPARTAMENTO, IDCONCESIONARIO, CORREO, INDRETROACTIVIDAD, IDBANCO, TIPOCUENTA, CUENTA, NIT_CTA, INDLIQ_S_EXT, INDLIQ_S_LOCAL, INDLIQ_P_EXT, INDLIQ_P_LOCAL, INDACUERDOPAGO_2002)
values ('19450000', '8915023976', 'MERCADERES', '19', '02', 'alcaldia@mercaderes-cauca.gov.co', 0, '40', 'CTE', '321160000337', '8915023976', 1, 1, 1, 1, 0);
insert into MUNICIPIO (IDMUNICIPIO, NIT_M, NOMBRE, IDDEPARTAMENTO, IDCONCESIONARIO, CORREO, INDRETROACTIVIDAD, IDBANCO, TIPOCUENTA, CUENTA, NIT_CTA, INDLIQ_S_EXT, INDLIQ_S_LOCAL, INDLIQ_P_EXT, INDLIQ_P_LOCAL, INDACUERDOPAGO_2002)
values ('19455000', '8915008416', 'MIRANDA', '19', '02', 'alcaldia@miranda-cauca.gov.co', 0, '40', 'CTE', '021120011032', '8915008416', 1, 1, 1, 1, 0);
insert into MUNICIPIO (IDMUNICIPIO, NIT_M, NOMBRE, IDDEPARTAMENTO, IDCONCESIONARIO, CORREO, INDRETROACTIVIDAD, IDBANCO, TIPOCUENTA, CUENTA, NIT_CTA, INDLIQ_S_EXT, INDLIQ_S_LOCAL, INDLIQ_P_EXT, INDLIQ_P_LOCAL, INDACUERDOPAGO_2002)
values ('19532000', '8915021948', 'PATIA', '19', '02', 'alcaldia@patia-cauca.gov.co', 0, '13', 'CTE', '721012284', '8915021948', 1, 1, 1, 1, 0);
insert into MUNICIPIO (IDMUNICIPIO, NIT_M, NOMBRE, IDDEPARTAMENTO, IDCONCESIONARIO, CORREO, INDRETROACTIVIDAD, IDBANCO, TIPOCUENTA, CUENTA, NIT_CTA, INDLIQ_S_EXT, INDLIQ_S_LOCAL, INDLIQ_P_EXT, INDLIQ_P_LOCAL, INDACUERDOPAGO_2002)
values ('19548000', '8915008566', 'PIENDAMO', '19', '02', 'alcaldia@piendamo-cauca.gov.co', 0, '13', 'CTE', '721001485', '8915008566', 1, 1, 1, 1, 0);
insert into MUNICIPIO (IDMUNICIPIO, NIT_M, NOMBRE, IDDEPARTAMENTO, IDCONCESIONARIO, CORREO, INDRETROACTIVIDAD, IDBANCO, TIPOCUENTA, CUENTA, NIT_CTA, INDLIQ_S_EXT, INDLIQ_S_LOCAL, INDLIQ_P_EXT, INDLIQ_P_LOCAL, INDACUERDOPAGO_2002)
values ('19573000', '8915005809', 'PUERTO TEJADA', '19', '02', 'alcaldia@puertotejada-cauca.gov.co', 0, '02', 'CTE', '110569010598', '8915005809', 1, 1, 1, 1, 0);
insert into MUNICIPIO (IDMUNICIPIO, NIT_M, NOMBRE, IDDEPARTAMENTO, IDCONCESIONARIO, CORREO, INDRETROACTIVIDAD, IDBANCO, TIPOCUENTA, CUENTA, NIT_CTA, INDLIQ_S_EXT, INDLIQ_S_LOCAL, INDLIQ_P_EXT, INDLIQ_P_LOCAL, INDACUERDOPAGO_2002)
values ('19622000', '8000959834', 'ROSAS', '19', '02', 'alcaldia@rosas-cauca.gov.co', 0, '23', 'CTE', '041100462', '8000959834', 1, 1, 1, 1, 0);
insert into MUNICIPIO (IDMUNICIPIO, NIT_M, NOMBRE, IDDEPARTAMENTO, IDCONCESIONARIO, CORREO, INDRETROACTIVIDAD, IDBANCO, TIPOCUENTA, CUENTA, NIT_CTA, INDLIQ_S_EXT, INDLIQ_S_LOCAL, INDLIQ_P_EXT, INDLIQ_P_LOCAL, INDACUERDOPAGO_2002)
values ('19698000', '8915002692', 'SANTANDER DE QUILICHAO', '19', '02', 'alcaldia@santanderdequilichao-cauca.gov.co', 0, '23', 'CTE', '043005818', '8915002692', 1, 1, 1, 1, 0);
insert into MUNICIPIO (IDMUNICIPIO, NIT_M, NOMBRE, IDDEPARTAMENTO, IDCONCESIONARIO, CORREO, INDRETROACTIVIDAD, IDBANCO, TIPOCUENTA, CUENTA, NIT_CTA, INDLIQ_S_EXT, INDLIQ_S_LOCAL, INDLIQ_P_EXT, INDLIQ_P_LOCAL, INDACUERDOPAGO_2002)
values ('19743000', '8000959866', 'SILVIA', '19', '02', 'alcaldia@silvia-cauca.gov.co', 0, '23', 'CTE', '041075961', '8000959866', 1, 1, 1, 1, 0);
insert into MUNICIPIO (IDMUNICIPIO, NIT_M, NOMBRE, IDDEPARTAMENTO, IDCONCESIONARIO, CORREO, INDRETROACTIVIDAD, IDBANCO, TIPOCUENTA, CUENTA, NIT_CTA, INDLIQ_S_EXT, INDLIQ_S_LOCAL, INDLIQ_P_EXT, INDLIQ_P_LOCAL, INDACUERDOPAGO_2002)
values ('19807000', '8915007425', 'TIMBIO', '19', '02', 'alcaldia@timbio-cauca.gov.co', 0, '40', 'CTE', '69170011980', '8915007425', 1, 1, 1, 1, 0);
commit;
prompt 100 records committed...
insert into MUNICIPIO (IDMUNICIPIO, NIT_M, NOMBRE, IDDEPARTAMENTO, IDCONCESIONARIO, CORREO, INDRETROACTIVIDAD, IDBANCO, TIPOCUENTA, CUENTA, NIT_CTA, INDLIQ_S_EXT, INDLIQ_S_LOCAL, INDLIQ_P_EXT, INDLIQ_P_LOCAL, INDACUERDOPAGO_2002)
values ('19824000', '8000318745', 'TOTORO', '19', '02', 'alcaldia@totoro-cauca.gov.co', 0, '40', 'CTE', '321070000138', '8000318745', 1, 1, 1, 1, 0);
insert into MUNICIPIO (IDMUNICIPIO, NIT_M, NOMBRE, IDDEPARTAMENTO, IDCONCESIONARIO, CORREO, INDRETROACTIVIDAD, IDBANCO, TIPOCUENTA, CUENTA, NIT_CTA, INDLIQ_S_EXT, INDLIQ_S_LOCAL, INDLIQ_P_EXT, INDLIQ_P_LOCAL, INDACUERDOPAGO_2002)
values ('19873000', '8170026754', 'VILLA RICA CAUCA', '19', '02', 'alcaldia@villaricacauca-cauca.gov.co', 0, '23', 'CTE', '043006857', '8170026754', 1, 1, 1, 1, 0);
insert into MUNICIPIO (IDMUNICIPIO, NIT_M, NOMBRE, IDDEPARTAMENTO, IDCONCESIONARIO, CORREO, INDRETROACTIVIDAD, IDBANCO, TIPOCUENTA, CUENTA, NIT_CTA, INDLIQ_S_EXT, INDLIQ_S_LOCAL, INDLIQ_P_EXT, INDLIQ_P_LOCAL, INDACUERDOPAGO_2002)
values ('19992000', '8001176875', 'SUAREZ CAUCA', '19', '02', 'alcaldia@suarezcauca-cesar.gov.co', 0, '40', 'CTE', '32110000163', '8001176875', 1, 1, 1, 1, 0);
insert into MUNICIPIO (IDMUNICIPIO, NIT_M, NOMBRE, IDDEPARTAMENTO, IDCONCESIONARIO, CORREO, INDRETROACTIVIDAD, IDBANCO, TIPOCUENTA, CUENTA, NIT_CTA, INDLIQ_S_EXT, INDLIQ_S_LOCAL, INDLIQ_P_EXT, INDLIQ_P_LOCAL, INDACUERDOPAGO_2002)
values ('20001000', '8000989118', 'VALLEDUPAR', '20', '01', 'alcaldia@valledupar-cesar.gov.co', 0, '23', 'CTE', '900064759', '8300536309', 1, 1, 1, 1, 0);
insert into MUNICIPIO (IDMUNICIPIO, NIT_M, NOMBRE, IDDEPARTAMENTO, IDCONCESIONARIO, CORREO, INDRETROACTIVIDAD, IDBANCO, TIPOCUENTA, CUENTA, NIT_CTA, INDLIQ_S_EXT, INDLIQ_S_LOCAL, INDLIQ_P_EXT, INDLIQ_P_LOCAL, INDACUERDOPAGO_2002)
values ('20011000', '8001248333', 'AGUACHICA', '20', '01', 'alcaldia@aguachica-cesar.gov.co', 0, '01', 'AHO', '116089459', '8001248333', 1, 1, 1, 1, 0);
insert into MUNICIPIO (IDMUNICIPIO, NIT_M, NOMBRE, IDDEPARTAMENTO, IDCONCESIONARIO, CORREO, INDRETROACTIVIDAD, IDBANCO, TIPOCUENTA, CUENTA, NIT_CTA, INDLIQ_S_EXT, INDLIQ_S_LOCAL, INDLIQ_P_EXT, INDLIQ_P_LOCAL, INDACUERDOPAGO_2002)
values ('20013000', '8000965581', 'AGUSTN CODAZZI', '20', '01', 'alcaldia@agustincodazzi-cesar.gov.co', 0, '50', 'AHO', '151542412', '8001441641', 1, 1, 1, 1, 0);
insert into MUNICIPIO (IDMUNICIPIO, NIT_M, NOMBRE, IDDEPARTAMENTO, IDCONCESIONARIO, CORREO, INDRETROACTIVIDAD, IDBANCO, TIPOCUENTA, CUENTA, NIT_CTA, INDLIQ_S_EXT, INDLIQ_S_LOCAL, INDLIQ_P_EXT, INDLIQ_P_LOCAL, INDACUERDOPAGO_2002)
values ('20060000', '8923011308', 'BOSCONIA', '20', '01', 'alcaldia@bosconia-cesar.gov.co', 0, '01', 'CTE', '183019611', '8923011308', 1, 1, 1, 1, 0);
insert into MUNICIPIO (IDMUNICIPIO, NIT_M, NOMBRE, IDDEPARTAMENTO, IDCONCESIONARIO, CORREO, INDRETROACTIVIDAD, IDBANCO, TIPOCUENTA, CUENTA, NIT_CTA, INDLIQ_S_EXT, INDLIQ_S_LOCAL, INDLIQ_P_EXT, INDLIQ_P_LOCAL, INDACUERDOPAGO_2002)
values ('20178000', '8000965850', 'CHIRIGUANA', '20', '01', 'alcaldia@chiriguana-cesar.gov.co', 0, '40', 'CTE', '324220001030', '8000965850', 1, 1, 1, 1, 0);
insert into MUNICIPIO (IDMUNICIPIO, NIT_M, NOMBRE, IDDEPARTAMENTO, IDCONCESIONARIO, CORREO, INDRETROACTIVIDAD, IDBANCO, TIPOCUENTA, CUENTA, NIT_CTA, INDLIQ_S_EXT, INDLIQ_S_LOCAL, INDLIQ_P_EXT, INDLIQ_P_LOCAL, INDACUERDOPAGO_2002)
values ('20228000', '8000965804', 'CURUMANI', '20', '01', 'alcaldia@curumani-cesar.gov.co', 0, '13', 'CTE', '316010800', '8000965804', 1, 1, 1, 1, 0);
insert into MUNICIPIO (IDMUNICIPIO, NIT_M, NOMBRE, IDDEPARTAMENTO, IDCONCESIONARIO, CORREO, INDRETROACTIVIDAD, IDBANCO, TIPOCUENTA, CUENTA, NIT_CTA, INDLIQ_S_EXT, INDLIQ_S_LOCAL, INDLIQ_P_EXT, INDLIQ_P_LOCAL, INDACUERDOPAGO_2002)
values ('20517000', '8000966107', 'PAILITAS', '20', '01', 'alcaldia@pailitas-cesar.gov.co', 0, '13', 'AHO', '316045038', '8000966107', 1, 1, 1, 1, 0);
insert into MUNICIPIO (IDMUNICIPIO, NIT_M, NOMBRE, IDDEPARTAMENTO, IDCONCESIONARIO, CORREO, INDRETROACTIVIDAD, IDBANCO, TIPOCUENTA, CUENTA, NIT_CTA, INDLIQ_S_EXT, INDLIQ_S_LOCAL, INDLIQ_P_EXT, INDLIQ_P_LOCAL, INDACUERDOPAGO_2002)
values ('20621000', '8000966051', 'LA PAZ CESAR', '20', '01', 'alcaldia@lapazcesar-cesar.gov.co', 0, '40', 'CTE', '24120008636', '8000966051', 1, 1, 1, 1, 0);
insert into MUNICIPIO (IDMUNICIPIO, NIT_M, NOMBRE, IDDEPARTAMENTO, IDCONCESIONARIO, CORREO, INDRETROACTIVIDAD, IDBANCO, TIPOCUENTA, CUENTA, NIT_CTA, INDLIQ_S_EXT, INDLIQ_S_LOCAL, INDLIQ_P_EXT, INDLIQ_P_LOCAL, INDACUERDOPAGO_2002)
values ('20710000', '8000966192', 'SAN ALBERTO', '20', '01', 'alcaldia@sanalberto-cesar.gov.co', 0, '01', 'AHO', '539159533', '8000966192', 1, 1, 1, 1, 0);
insert into MUNICIPIO (IDMUNICIPIO, NIT_M, NOMBRE, IDDEPARTAMENTO, IDCONCESIONARIO, CORREO, INDRETROACTIVIDAD, IDBANCO, TIPOCUENTA, CUENTA, NIT_CTA, INDLIQ_S_EXT, INDLIQ_S_LOCAL, INDLIQ_P_EXT, INDLIQ_P_LOCAL, INDACUERDOPAGO_2002)
values ('23000000', '8001039356', 'DPTAL CORDOBA', '23', '01', 'alcaldia@dptalcordoba-crdoba.gov.co', 0, '50', 'AHO', '285678520', '8001039356', 1, 1, 1, 1, 0);
insert into MUNICIPIO (IDMUNICIPIO, NIT_M, NOMBRE, IDDEPARTAMENTO, IDCONCESIONARIO, CORREO, INDRETROACTIVIDAD, IDBANCO, TIPOCUENTA, CUENTA, NIT_CTA, INDLIQ_S_EXT, INDLIQ_S_LOCAL, INDLIQ_P_EXT, INDLIQ_P_LOCAL, INDACUERDOPAGO_2002)
values ('23001000', '8000967341', 'MONTERIA', '23', '01', 'alcaldia@monteria-crdoba.gov.co', 0, '23', 'AHO', '890853971', '8001431573', 1, 1, 1, 1, 0);
insert into MUNICIPIO (IDMUNICIPIO, NIT_M, NOMBRE, IDDEPARTAMENTO, IDCONCESIONARIO, CORREO, INDRETROACTIVIDAD, IDBANCO, TIPOCUENTA, CUENTA, NIT_CTA, INDLIQ_S_EXT, INDLIQ_S_LOCAL, INDLIQ_P_EXT, INDLIQ_P_LOCAL, INDACUERDOPAGO_2002)
values ('23162000', '8000967445', 'CERETE', '23', '01', 'alcaldia@cerete-crdoba.gov.co', 0, '01', 'CTE', '176000172', '9001855934', 1, 1, 1, 1, 0);
insert into MUNICIPIO (IDMUNICIPIO, NIT_M, NOMBRE, IDDEPARTAMENTO, IDCONCESIONARIO, CORREO, INDRETROACTIVIDAD, IDBANCO, TIPOCUENTA, CUENTA, NIT_CTA, INDLIQ_S_EXT, INDLIQ_S_LOCAL, INDLIQ_P_EXT, INDLIQ_P_LOCAL, INDACUERDOPAGO_2002)
values ('23417000', '8000967588', 'LORICA', '23', '01', 'alcaldia@lorica-crdoba.gov.co', 0, '01', 'AHO', '408254233', '8300536309', 1, 1, 1, 1, 0);
insert into MUNICIPIO (IDMUNICIPIO, NIT_M, NOMBRE, IDDEPARTAMENTO, IDCONCESIONARIO, CORREO, INDRETROACTIVIDAD, IDBANCO, TIPOCUENTA, CUENTA, NIT_CTA, INDLIQ_S_EXT, INDLIQ_S_LOCAL, INDLIQ_P_EXT, INDLIQ_P_LOCAL, INDACUERDOPAGO_2002)
values ('23555000', '8000967651', 'PLANETA RICA', '23', '01', 'alcaldia@planetarica-crdoba.gov.co', 0, '13', 'AHO', '716077201', '8000967651', 1, 1, 1, 1, 0);
insert into MUNICIPIO (IDMUNICIPIO, NIT_M, NOMBRE, IDDEPARTAMENTO, IDCONCESIONARIO, CORREO, INDRETROACTIVIDAD, IDBANCO, TIPOCUENTA, CUENTA, NIT_CTA, INDLIQ_S_EXT, INDLIQ_S_LOCAL, INDLIQ_P_EXT, INDLIQ_P_LOCAL, INDACUERDOPAGO_2002)
values ('23660000', '8000967778', 'SAHAGUN', '23', '01', 'alcaldia@sahagun-crdoba.gov.co', 0, '07', 'AHO', '09301021876', '8000967778', 1, 1, 1, 1, 0);
insert into MUNICIPIO (IDMUNICIPIO, NIT_M, NOMBRE, IDDEPARTAMENTO, IDCONCESIONARIO, CORREO, INDRETROACTIVIDAD, IDBANCO, TIPOCUENTA, CUENTA, NIT_CTA, INDLIQ_S_EXT, INDLIQ_S_LOCAL, INDLIQ_P_EXT, INDLIQ_P_LOCAL, INDACUERDOPAGO_2002)
values ('25000000', '8999991140', 'DPTAL CUNDINAMARCA', '25', '03', 'alcaldia@dptalcundinamarca-cundinamarca.gov.co', 0, '52', 'AHO', '078049475', '8999991140', 1, 1, 1, 1, 0);
insert into MUNICIPIO (IDMUNICIPIO, NIT_M, NOMBRE, IDDEPARTAMENTO, IDCONCESIONARIO, CORREO, INDRETROACTIVIDAD, IDBANCO, TIPOCUENTA, CUENTA, NIT_CTA, INDLIQ_S_EXT, INDLIQ_S_LOCAL, INDLIQ_P_EXT, INDLIQ_P_LOCAL, INDACUERDOPAGO_2002)
values ('76834000', '8919002721', 'TULUA', '76', '02', 'alcaldia@tulua-valle del cauca.gov.co', 0, '23', 'AHO', '037860608', '9000592758', 1, 1, 1, 1, 0);
insert into MUNICIPIO (IDMUNICIPIO, NIT_M, NOMBRE, IDDEPARTAMENTO, IDCONCESIONARIO, CORREO, INDRETROACTIVIDAD, IDBANCO, TIPOCUENTA, CUENTA, NIT_CTA, INDLIQ_S_EXT, INDLIQ_S_LOCAL, INDLIQ_P_EXT, INDLIQ_P_LOCAL, INDACUERDOPAGO_2002)
values ('85010000', '8920992166', 'AGUAZUL', '85', '03', 'alcaldia@aguazul-casanare.gov.co', 0, '52', 'CTE', '750087306', '8920992166', 1, 1, 1, 1, 0);
insert into MUNICIPIO (IDMUNICIPIO, NIT_M, NOMBRE, IDDEPARTAMENTO, IDCONCESIONARIO, CORREO, INDRETROACTIVIDAD, IDBANCO, TIPOCUENTA, CUENTA, NIT_CTA, INDLIQ_S_EXT, INDLIQ_S_LOCAL, INDLIQ_P_EXT, INDLIQ_P_LOCAL, INDACUERDOPAGO_2002)
values ('86001000', '8001028916', 'MOCOA', '86', '04', 'alcaldia@mocoa-putumayo.gov.co', 0, '40', 'CTE', '079030013696', '8001028916', 1, 1, 1, 1, 0);
insert into MUNICIPIO (IDMUNICIPIO, NIT_M, NOMBRE, IDDEPARTAMENTO, IDCONCESIONARIO, CORREO, INDRETROACTIVIDAD, IDBANCO, TIPOCUENTA, CUENTA, NIT_CTA, INDLIQ_S_EXT, INDLIQ_S_LOCAL, INDLIQ_P_EXT, INDLIQ_P_LOCAL, INDACUERDOPAGO_2002)
values ('86320000', '8001028962', 'ORITO', '86', '04', 'alcaldia@orito-putumayo.gov.co', 0, '40', 'CTE', '379200000683', '8001028962', 1, 1, 1, 1, 0);
insert into MUNICIPIO (IDMUNICIPIO, NIT_M, NOMBRE, IDDEPARTAMENTO, IDCONCESIONARIO, CORREO, INDRETROACTIVIDAD, IDBANCO, TIPOCUENTA, CUENTA, NIT_CTA, INDLIQ_S_EXT, INDLIQ_S_LOCAL, INDLIQ_P_EXT, INDLIQ_P_LOCAL, INDACUERDOPAGO_2002)
values ('86568000', '8912004613', 'PUERTO ASIS', '86', '04', 'alcaldia@puertoasis-putumayo.gov.co', 0, '13', 'AHO', '726085657', '8600486085', 1, 1, 1, 1, 0);
insert into MUNICIPIO (IDMUNICIPIO, NIT_M, NOMBRE, IDDEPARTAMENTO, IDCONCESIONARIO, CORREO, INDRETROACTIVIDAD, IDBANCO, TIPOCUENTA, CUENTA, NIT_CTA, INDLIQ_S_EXT, INDLIQ_S_LOCAL, INDLIQ_P_EXT, INDLIQ_P_LOCAL, INDACUERDOPAGO_2002)
values ('86749000', '8912016456', 'SIBUNDOY', '86', '04', 'alcaldia@sibundoy-putumayo.gov.co', 0, '40', 'CTE', '079010010886', '8912016456', 1, 1, 1, 1, 0);
insert into MUNICIPIO (IDMUNICIPIO, NIT_M, NOMBRE, IDDEPARTAMENTO, IDCONCESIONARIO, CORREO, INDRETROACTIVIDAD, IDBANCO, TIPOCUENTA, CUENTA, NIT_CTA, INDLIQ_S_EXT, INDLIQ_S_LOCAL, INDLIQ_P_EXT, INDLIQ_P_LOCAL, INDACUERDOPAGO_2002)
values ('86865000', '8001029122', 'LA HORMIGA', '86', '04', 'alcaldia@lahormiga-putumayo.gov.co', 0, '40', 'CTE', '379100001567', '8001029122', 1, 1, 1, 1, 0);
insert into MUNICIPIO (IDMUNICIPIO, NIT_M, NOMBRE, IDDEPARTAMENTO, IDCONCESIONARIO, CORREO, INDRETROACTIVIDAD, IDBANCO, TIPOCUENTA, CUENTA, NIT_CTA, INDLIQ_S_EXT, INDLIQ_S_LOCAL, INDLIQ_P_EXT, INDLIQ_P_LOCAL, INDACUERDOPAGO_2002)
values ('88001000', '8924000382', 'SAN ANDRES I', '88', '04', 'alcaldia@sanandresi-archipilago de san andrs, providencia y santa catalina.gov.co', 0, '52', 'AHO', '860048677', '8924000382', 1, 1, 1, 1, 0);
insert into MUNICIPIO (IDMUNICIPIO, NIT_M, NOMBRE, IDDEPARTAMENTO, IDCONCESIONARIO, CORREO, INDRETROACTIVIDAD, IDBANCO, TIPOCUENTA, CUENTA, NIT_CTA, INDLIQ_S_EXT, INDLIQ_S_LOCAL, INDLIQ_P_EXT, INDLIQ_P_LOCAL, INDACUERDOPAGO_2002)
values ('91001000', '8999993029', 'LETICIA', '91', '03', 'alcaldia@leticia-amazonas.gov.co', 0, '01', 'CTE', '407023217', '8999993029', 1, 1, 1, 1, 0);
insert into MUNICIPIO (IDMUNICIPIO, NIT_M, NOMBRE, IDDEPARTAMENTO, IDCONCESIONARIO, CORREO, INDRETROACTIVIDAD, IDBANCO, TIPOCUENTA, CUENTA, NIT_CTA, INDLIQ_S_EXT, INDLIQ_S_LOCAL, INDLIQ_P_EXT, INDLIQ_P_LOCAL, INDACUERDOPAGO_2002)
values ('94001000', '8920991057', 'INIRIDA', '94', '06', 'alcaldia@inirida-guaina.gov.co', 0, '40', 'AHO', '477033000619', '8300536309', 1, 1, 1, 1, 0);
insert into MUNICIPIO (IDMUNICIPIO, NIT_M, NOMBRE, IDDEPARTAMENTO, IDCONCESIONARIO, CORREO, INDRETROACTIVIDAD, IDBANCO, TIPOCUENTA, CUENTA, NIT_CTA, INDLIQ_S_EXT, INDLIQ_S_LOCAL, INDLIQ_P_EXT, INDLIQ_P_LOCAL, INDACUERDOPAGO_2002)
values ('99001000', '8000940678', 'PUERTO CARREnO', '99', '06', 'alcaldia@puertocarreno-vichada.gov.co', 0, '13', 'CTE', '735053126', '8000940678', 1, 1, 1, 1, 0);
insert into MUNICIPIO (IDMUNICIPIO, NIT_M, NOMBRE, IDDEPARTAMENTO, IDCONCESIONARIO, CORREO, INDRETROACTIVIDAD, IDBANCO, TIPOCUENTA, CUENTA, NIT_CTA, INDLIQ_S_EXT, INDLIQ_S_LOCAL, INDLIQ_P_EXT, INDLIQ_P_LOCAL, INDACUERDOPAGO_2002)
values ('15299000', '8000256088', 'GARAGOA', '15', '03', 'alcaldia@garagoa-huila.gov.co', 0, '01', 'CTE', '336174917', '8000256088', 1, 1, 1, 1, 0);
insert into MUNICIPIO (IDMUNICIPIO, NIT_M, NOMBRE, IDDEPARTAMENTO, IDCONCESIONARIO, CORREO, INDRETROACTIVIDAD, IDBANCO, TIPOCUENTA, CUENTA, NIT_CTA, INDLIQ_S_EXT, INDLIQ_S_LOCAL, INDLIQ_P_EXT, INDLIQ_P_LOCAL, INDACUERDOPAGO_2002)
values ('41319000', '8911801779', 'GUADALUPE', '41', '04', 'alcaldia@guadalupe-antioquia.gov.co', 0, '40', 'AHO', '439202014250', '8911801779', 1, 1, 1, 1, 0);
insert into MUNICIPIO (IDMUNICIPIO, NIT_M, NOMBRE, IDDEPARTAMENTO, IDCONCESIONARIO, CORREO, INDRETROACTIVIDAD, IDBANCO, TIPOCUENTA, CUENTA, NIT_CTA, INDLIQ_S_EXT, INDLIQ_S_LOCAL, INDLIQ_P_EXT, INDLIQ_P_LOCAL, INDACUERDOPAGO_2002)
values ('05264000', '8909820682', 'ENTRERRIOS', '05', '01', 'alcaldia@entrerrios-antioquia.gov.co', 0, '07', 'CTE', '53719956700', '8909820682', 1, 1, 1, 1, 0);
insert into MUNICIPIO (IDMUNICIPIO, NIT_M, NOMBRE, IDDEPARTAMENTO, IDCONCESIONARIO, CORREO, INDRETROACTIVIDAD, IDBANCO, TIPOCUENTA, CUENTA, NIT_CTA, INDLIQ_S_EXT, INDLIQ_S_LOCAL, INDLIQ_P_EXT, INDLIQ_P_LOCAL, INDACUERDOPAGO_2002)
values ('05282000', '8909808481', 'FREDONIA', '05', '01', '#N/A', 0, '51', 'AHO', '191516087', '8909808481', 1, 1, 1, 1, 0);
insert into MUNICIPIO (IDMUNICIPIO, NIT_M, NOMBRE, IDDEPARTAMENTO, IDCONCESIONARIO, CORREO, INDRETROACTIVIDAD, IDBANCO, TIPOCUENTA, CUENTA, NIT_CTA, INDLIQ_S_EXT, INDLIQ_S_LOCAL, INDLIQ_P_EXT, INDLIQ_P_LOCAL, INDACUERDOPAGO_2002)
values ('00000000', null, ' Seleccione', '00', '00', null, 0, '00', 'AHO', null, null, 0, 0, 0, 0, 0);
insert into MUNICIPIO (IDMUNICIPIO, NIT_M, NOMBRE, IDDEPARTAMENTO, IDCONCESIONARIO, CORREO, INDRETROACTIVIDAD, IDBANCO, TIPOCUENTA, CUENTA, NIT_CTA, INDLIQ_S_EXT, INDLIQ_S_LOCAL, INDLIQ_P_EXT, INDLIQ_P_LOCAL, INDACUERDOPAGO_2002)
values ('76869000', '8002430227', 'VIJES', '76', '02', 'alcaldia@vijes-valle del cauca.gov.co', 0, '01', 'AHO', '648152759', '8002430227', 1, 1, 1, 1, 0);
insert into MUNICIPIO (IDMUNICIPIO, NIT_M, NOMBRE, IDDEPARTAMENTO, IDCONCESIONARIO, CORREO, INDRETROACTIVIDAD, IDBANCO, TIPOCUENTA, CUENTA, NIT_CTA, INDLIQ_S_EXT, INDLIQ_S_LOCAL, INDLIQ_P_EXT, INDLIQ_P_LOCAL, INDACUERDOPAGO_2002)
values ('76890000', '8001005310', 'YOTOCO', '76', '02', 'alcaldia@yotoco-valle del cauca.gov.co', 0, '13', 'AHO', '05640200061554', '8001005310', 1, 1, 1, 1, 0);
insert into MUNICIPIO (IDMUNICIPIO, NIT_M, NOMBRE, IDDEPARTAMENTO, IDCONCESIONARIO, CORREO, INDRETROACTIVIDAD, IDBANCO, TIPOCUENTA, CUENTA, NIT_CTA, INDLIQ_S_EXT, INDLIQ_S_LOCAL, INDLIQ_P_EXT, INDLIQ_P_LOCAL, INDACUERDOPAGO_2002)
values ('76892000', '8903990256', 'YUMBO', '76', '02', 'alcaldia@yumbo-valle del cauca.gov.co', 0, '23', 'CTE', '029008422', '8903990256', 1, 1, 1, 1, 0);
insert into MUNICIPIO (IDMUNICIPIO, NIT_M, NOMBRE, IDDEPARTAMENTO, IDCONCESIONARIO, CORREO, INDRETROACTIVIDAD, IDBANCO, TIPOCUENTA, CUENTA, NIT_CTA, INDLIQ_S_EXT, INDLIQ_S_LOCAL, INDLIQ_P_EXT, INDLIQ_P_LOCAL, INDACUERDOPAGO_2002)
values ('76895000', '8919006240', 'ZARZAL', '76', '02', 'alcaldia@zarzal-arauca.gov.co', 0, '50', 'CTE', '393038898', '8919006240', 1, 1, 1, 1, 0);
insert into MUNICIPIO (IDMUNICIPIO, NIT_M, NOMBRE, IDDEPARTAMENTO, IDCONCESIONARIO, CORREO, INDRETROACTIVIDAD, IDBANCO, TIPOCUENTA, CUENTA, NIT_CTA, INDLIQ_S_EXT, INDLIQ_S_LOCAL, INDLIQ_P_EXT, INDLIQ_P_LOCAL, INDACUERDOPAGO_2002)
values ('81001000', '8001148695', 'ARAUCA ARAUCA', '81', '01', 'alcaldia@araucaarauca-arauca.gov.co', 0, '02', 'AHO', '610720815', '8001148695', 1, 1, 1, 1, 0);
insert into MUNICIPIO (IDMUNICIPIO, NIT_M, NOMBRE, IDDEPARTAMENTO, IDCONCESIONARIO, CORREO, INDRETROACTIVIDAD, IDBANCO, TIPOCUENTA, CUENTA, NIT_CTA, INDLIQ_S_EXT, INDLIQ_S_LOCAL, INDLIQ_P_EXT, INDLIQ_P_LOCAL, INDACUERDOPAGO_2002)
values ('81736000', '8001027996', 'SARAVENA', '81', '01', 'alcaldia@saravena-arauca.gov.co', 0, '50', 'AHO', '695521526', '8001027996', 1, 1, 1, 1, 0);
insert into MUNICIPIO (IDMUNICIPIO, NIT_M, NOMBRE, IDDEPARTAMENTO, IDCONCESIONARIO, CORREO, INDRETROACTIVIDAD, IDBANCO, TIPOCUENTA, CUENTA, NIT_CTA, INDLIQ_S_EXT, INDLIQ_S_LOCAL, INDLIQ_P_EXT, INDLIQ_P_LOCAL, INDACUERDOPAGO_2002)
values ('85001000', '8918550177', 'YOPAL', '85', '03', 'alcaldia@yopal-casanare.gov.co', 0, '51', 'CTE', '286069999683', '8918550177', 1, 1, 1, 1, 0);
insert into MUNICIPIO (IDMUNICIPIO, NIT_M, NOMBRE, IDDEPARTAMENTO, IDCONCESIONARIO, CORREO, INDRETROACTIVIDAD, IDBANCO, TIPOCUENTA, CUENTA, NIT_CTA, INDLIQ_S_EXT, INDLIQ_S_LOCAL, INDLIQ_P_EXT, INDLIQ_P_LOCAL, INDACUERDOPAGO_2002)
values ('05353000', '8909849868', 'HISPANIA', '05', '01', 'hispania@alcaldia.gov.co', 0, '01', 'CTE', '324000272', '8909849868', 1, 1, 1, 1, 0);
insert into MUNICIPIO (IDMUNICIPIO, NIT_M, NOMBRE, IDDEPARTAMENTO, IDCONCESIONARIO, CORREO, INDRETROACTIVIDAD, IDBANCO, TIPOCUENTA, CUENTA, NIT_CTA, INDLIQ_S_EXT, INDLIQ_S_LOCAL, INDLIQ_P_EXT, INDLIQ_P_LOCAL, INDACUERDOPAGO_2002)
values ('05490000', '8909838731', 'NECOCLI', '05', '01', 'necocli@alcaldia.gov.co', 0, '40', 'CTE', '014460007801', '8909838731', 1, 1, 1, 1, 0);
insert into MUNICIPIO (IDMUNICIPIO, NIT_M, NOMBRE, IDDEPARTAMENTO, IDCONCESIONARIO, CORREO, INDRETROACTIVIDAD, IDBANCO, TIPOCUENTA, CUENTA, NIT_CTA, INDLIQ_S_EXT, INDLIQ_S_LOCAL, INDLIQ_P_EXT, INDLIQ_P_LOCAL, INDACUERDOPAGO_2002)
values ('05044000', '8909838249', 'ANZA', '05', '01', 'anza@alcaldia.gov.co', 0, '40', 'CTE', '013170000098', '8909838249', 1, 1, 1, 1, 0);
insert into MUNICIPIO (IDMUNICIPIO, NIT_M, NOMBRE, IDDEPARTAMENTO, IDCONCESIONARIO, CORREO, INDRETROACTIVIDAD, IDBANCO, TIPOCUENTA, CUENTA, NIT_CTA, INDLIQ_S_EXT, INDLIQ_S_LOCAL, INDLIQ_P_EXT, INDLIQ_P_LOCAL, INDACUERDOPAGO_2002)
values ('27245000', '8916800619', 'EL CARMEN DE ATRATO', '27', '01', 'alcaldia@elcarmendeatrato.gov.co', 0, '40', 'CTE', '033150004993', '8916800919', 1, 1, 1, 1, 0);
insert into MUNICIPIO (IDMUNICIPIO, NIT_M, NOMBRE, IDDEPARTAMENTO, IDCONCESIONARIO, CORREO, INDRETROACTIVIDAD, IDBANCO, TIPOCUENTA, CUENTA, NIT_CTA, INDLIQ_S_EXT, INDLIQ_S_LOCAL, INDLIQ_P_EXT, INDLIQ_P_LOCAL, INDACUERDOPAGO_2002)
values ('41016000', '8911800701', 'AIPE', '41', '04', 'alcaldia@aipe-huila.gov.co', 0, '40', 'CTE', '339080000146', '8911800701', 1, 1, 1, 1, 0);
insert into MUNICIPIO (IDMUNICIPIO, NIT_M, NOMBRE, IDDEPARTAMENTO, IDCONCESIONARIO, CORREO, INDRETROACTIVIDAD, IDBANCO, TIPOCUENTA, CUENTA, NIT_CTA, INDLIQ_S_EXT, INDLIQ_S_LOCAL, INDLIQ_P_EXT, INDLIQ_P_LOCAL, INDACUERDOPAGO_2002)
values ('41132000', '8911181199', 'CAMPOALEGRE', '41', '04', 'alcaldia@campoalegre-huila.gov.co', 0, '07', 'CTE', '45949631238', '9002758412', 1, 1, 1, 1, 0);
insert into MUNICIPIO (IDMUNICIPIO, NIT_M, NOMBRE, IDDEPARTAMENTO, IDCONCESIONARIO, CORREO, INDRETROACTIVIDAD, IDBANCO, TIPOCUENTA, CUENTA, NIT_CTA, INDLIQ_S_EXT, INDLIQ_S_LOCAL, INDLIQ_P_EXT, INDLIQ_P_LOCAL, INDACUERDOPAGO_2002)
values ('41298000', '8911800226', 'GARZON', '41', '04', 'alcaldia@garzon-huila.gov.co', 0, '50', 'AHO', '209530476', '8911800226', 1, 1, 1, 1, 0);
insert into MUNICIPIO (IDMUNICIPIO, NIT_M, NOMBRE, IDDEPARTAMENTO, IDCONCESIONARIO, CORREO, INDRETROACTIVIDAD, IDBANCO, TIPOCUENTA, CUENTA, NIT_CTA, INDLIQ_S_EXT, INDLIQ_S_LOCAL, INDLIQ_P_EXT, INDLIQ_P_LOCAL, INDACUERDOPAGO_2002)
values ('41396000', '8911801557', 'LA PLATA', '41', '04', 'alcaldia@laplata-huila.gov.co', 0, '50', 'AHO', '210520722', '8911801557', 1, 1, 1, 1, 0);
insert into MUNICIPIO (IDMUNICIPIO, NIT_M, NOMBRE, IDDEPARTAMENTO, IDCONCESIONARIO, CORREO, INDRETROACTIVIDAD, IDBANCO, TIPOCUENTA, CUENTA, NIT_CTA, INDLIQ_S_EXT, INDLIQ_S_LOCAL, INDLIQ_P_EXT, INDLIQ_P_LOCAL, INDACUERDOPAGO_2002)
values ('41524000', '8001150053', 'PALERMO', '41', '04', 'alcaldia@palermo-huila.gov.co', 0, '50', 'AHO', '287592257', '8001150053', 1, 1, 1, 1, 0);
insert into MUNICIPIO (IDMUNICIPIO, NIT_M, NOMBRE, IDDEPARTAMENTO, IDCONCESIONARIO, CORREO, INDRETROACTIVIDAD, IDBANCO, TIPOCUENTA, CUENTA, NIT_CTA, INDLIQ_S_EXT, INDLIQ_S_LOCAL, INDLIQ_P_EXT, INDLIQ_P_LOCAL, INDACUERDOPAGO_2002)
values ('41551000', '8911800770', 'PITALITO', '41', '04', 'alcaldia@pitalito-huila.gov.co', 0, '07', 'AHO', '45316309627', '8911800770', 1, 1, 1, 1, 0);
insert into MUNICIPIO (IDMUNICIPIO, NIT_M, NOMBRE, IDDEPARTAMENTO, IDCONCESIONARIO, CORREO, INDRETROACTIVIDAD, IDBANCO, TIPOCUENTA, CUENTA, NIT_CTA, INDLIQ_S_EXT, INDLIQ_S_LOCAL, INDLIQ_P_EXT, INDLIQ_P_LOCAL, INDACUERDOPAGO_2002)
values ('41791000', '8001150053', 'TARQUI', '41', '04', 'alcaldia@tarqui-huila.gov.co', 0, '50', 'AHO', '287592257', '8001150053', 1, 1, 1, 1, 0);
insert into MUNICIPIO (IDMUNICIPIO, NIT_M, NOMBRE, IDDEPARTAMENTO, IDCONCESIONARIO, CORREO, INDRETROACTIVIDAD, IDBANCO, TIPOCUENTA, CUENTA, NIT_CTA, INDLIQ_S_EXT, INDLIQ_S_LOCAL, INDLIQ_P_EXT, INDLIQ_P_LOCAL, INDACUERDOPAGO_2002)
values ('41807000', '8001150053', 'TIMANA', '41', '04', 'alcaldia@timana-huila.gov.co', 0, '50', 'AHO', '287592257', '8001150053', 1, 1, 1, 1, 0);
insert into MUNICIPIO (IDMUNICIPIO, NIT_M, NOMBRE, IDDEPARTAMENTO, IDCONCESIONARIO, CORREO, INDRETROACTIVIDAD, IDBANCO, TIPOCUENTA, CUENTA, NIT_CTA, INDLIQ_S_EXT, INDLIQ_S_LOCAL, INDLIQ_P_EXT, INDLIQ_P_LOCAL, INDACUERDOPAGO_2002)
values ('44000000', '8921150151', 'DPTAL GUAJIRA', '44', '04', 'alcaldia@dptalguajira-la guajira.gov.co', 0, '52', 'CTE', '861060853', '8921150151', 1, 1, 1, 1, 0);
insert into MUNICIPIO (IDMUNICIPIO, NIT_M, NOMBRE, IDDEPARTAMENTO, IDCONCESIONARIO, CORREO, INDRETROACTIVIDAD, IDBANCO, TIPOCUENTA, CUENTA, NIT_CTA, INDLIQ_S_EXT, INDLIQ_S_LOCAL, INDLIQ_P_EXT, INDLIQ_P_LOCAL, INDACUERDOPAGO_2002)
values ('44001000', '8250035663', 'RIOHACHA', '44', '04', 'alcaldia@riohacha-la guajira.gov.co', 0, '52', 'CTE', '861059921', '8250035663', 1, 1, 1, 1, 0);
insert into MUNICIPIO (IDMUNICIPIO, NIT_M, NOMBRE, IDDEPARTAMENTO, IDCONCESIONARIO, CORREO, INDRETROACTIVIDAD, IDBANCO, TIPOCUENTA, CUENTA, NIT_CTA, INDLIQ_S_EXT, INDLIQ_S_LOCAL, INDLIQ_P_EXT, INDLIQ_P_LOCAL, INDACUERDOPAGO_2002)
values ('47001000', '8917800094', 'SANTA MARTA', '47', '04', 'alcaldia@santamarta-magdalena.gov.co', 1, '23', 'CTE', '870047404', '8300540762', 1, 1, 1, 1, 0);
insert into MUNICIPIO (IDMUNICIPIO, NIT_M, NOMBRE, IDDEPARTAMENTO, IDCONCESIONARIO, CORREO, INDRETROACTIVIDAD, IDBANCO, TIPOCUENTA, CUENTA, NIT_CTA, INDLIQ_S_EXT, INDLIQ_S_LOCAL, INDLIQ_P_EXT, INDLIQ_P_LOCAL, INDACUERDOPAGO_2002)
values ('47053000', '8917800410', 'ARACATACA', '47', '04', 'alcaldia@aracataca-magdalena.gov.co', 0, '23', 'CTE', '870046810', '8300540762', 1, 1, 1, 1, 0);
insert into MUNICIPIO (IDMUNICIPIO, NIT_M, NOMBRE, IDDEPARTAMENTO, IDCONCESIONARIO, CORREO, INDRETROACTIVIDAD, IDBANCO, TIPOCUENTA, CUENTA, NIT_CTA, INDLIQ_S_EXT, INDLIQ_S_LOCAL, INDLIQ_P_EXT, INDLIQ_P_LOCAL, INDACUERDOPAGO_2002)
values ('47189000', '8190046467', 'CIENAGA', '47', '04', 'alcaldia@cienaga-magdalena.gov.co', 1, '40', 'AHO', '442090017351', '8190046467', 1, 1, 1, 1, 0);
insert into MUNICIPIO (IDMUNICIPIO, NIT_M, NOMBRE, IDDEPARTAMENTO, IDCONCESIONARIO, CORREO, INDRETROACTIVIDAD, IDBANCO, TIPOCUENTA, CUENTA, NIT_CTA, INDLIQ_S_EXT, INDLIQ_S_LOCAL, INDLIQ_P_EXT, INDLIQ_P_LOCAL, INDACUERDOPAGO_2002)
values ('47245000', '8917800442', 'EL BANCO', '47', '04', 'alcaldia@elbanco-magdalena.gov.co', 0, '40', 'CTE', '342200001010', '9001653387', 1, 1, 1, 1, 0);
insert into MUNICIPIO (IDMUNICIPIO, NIT_M, NOMBRE, IDDEPARTAMENTO, IDCONCESIONARIO, CORREO, INDRETROACTIVIDAD, IDBANCO, TIPOCUENTA, CUENTA, NIT_CTA, INDLIQ_S_EXT, INDLIQ_S_LOCAL, INDLIQ_P_EXT, INDLIQ_P_LOCAL, INDACUERDOPAGO_2002)
values ('47288000', '8917800451', 'FUNDACION', '47', '04', 'alcaldia@fundacion-magdalena.gov.co', 0, '50', 'AHO', '342574688', '8190057033', 1, 1, 1, 1, 0);
insert into MUNICIPIO (IDMUNICIPIO, NIT_M, NOMBRE, IDDEPARTAMENTO, IDCONCESIONARIO, CORREO, INDRETROACTIVIDAD, IDBANCO, TIPOCUENTA, CUENTA, NIT_CTA, INDLIQ_S_EXT, INDLIQ_S_LOCAL, INDLIQ_P_EXT, INDLIQ_P_LOCAL, INDACUERDOPAGO_2002)
values ('47555000', '8917800514', 'PLATO', '47', '04', 'alcaldia@plato-magdalena.gov.co', 0, '13', 'AHO', '719069510', '8001412350', 1, 1, 1, 1, 0);
insert into MUNICIPIO (IDMUNICIPIO, NIT_M, NOMBRE, IDDEPARTAMENTO, IDCONCESIONARIO, CORREO, INDRETROACTIVIDAD, IDBANCO, TIPOCUENTA, CUENTA, NIT_CTA, INDLIQ_S_EXT, INDLIQ_S_LOCAL, INDLIQ_P_EXT, INDLIQ_P_LOCAL, INDACUERDOPAGO_2002)
values ('50000000', '8000476351', 'DPTAL META', '50', '04', 'alcaldia@dptalmeta-meta.gov.co', 0, '13', 'AHO', '957162910', '8000476351', 1, 1, 1, 1, 0);
insert into MUNICIPIO (IDMUNICIPIO, NIT_M, NOMBRE, IDDEPARTAMENTO, IDCONCESIONARIO, CORREO, INDRETROACTIVIDAD, IDBANCO, TIPOCUENTA, CUENTA, NIT_CTA, INDLIQ_S_EXT, INDLIQ_S_LOCAL, INDLIQ_P_EXT, INDLIQ_P_LOCAL, INDACUERDOPAGO_2002)
values ('50001000', '8920993243', 'VILLAVICENCIO', '50', '04', 'alcaldia@villavicencio-meta.gov.co', 0, '51', 'AHO', '096080425562', '8920993243', 1, 1, 1, 1, 0);
insert into MUNICIPIO (IDMUNICIPIO, NIT_M, NOMBRE, IDDEPARTAMENTO, IDCONCESIONARIO, CORREO, INDRETROACTIVIDAD, IDBANCO, TIPOCUENTA, CUENTA, NIT_CTA, INDLIQ_S_EXT, INDLIQ_S_LOCAL, INDLIQ_P_EXT, INDLIQ_P_LOCAL, INDACUERDOPAGO_2002)
values ('50006000', '9000813314', 'ACACIAS', '50', '04', 'alcaldia@acacias-meta.gov.co', 0, '02', 'CTE', '110411021207', '9000813314', 1, 1, 1, 1, 0);
insert into MUNICIPIO (IDMUNICIPIO, NIT_M, NOMBRE, IDDEPARTAMENTO, IDCONCESIONARIO, CORREO, INDRETROACTIVIDAD, IDBANCO, TIPOCUENTA, CUENTA, NIT_CTA, INDLIQ_S_EXT, INDLIQ_S_LOCAL, INDLIQ_P_EXT, INDLIQ_P_LOCAL, INDACUERDOPAGO_2002)
values ('50313000', '8920992435', 'GRANADA', '50', '04', 'alcaldia@granada-meta.gov.co', 0, '57', 'AHO', '24507812957', '8920992435', 1, 1, 1, 1, 0);
insert into MUNICIPIO (IDMUNICIPIO, NIT_M, NOMBRE, IDDEPARTAMENTO, IDCONCESIONARIO, CORREO, INDRETROACTIVIDAD, IDBANCO, TIPOCUENTA, CUENTA, NIT_CTA, INDLIQ_S_EXT, INDLIQ_S_LOCAL, INDLIQ_P_EXT, INDLIQ_P_LOCAL, INDACUERDOPAGO_2002)
values ('50606000', '8000476351', 'RESTREPO META', '50', '04', 'alcaldia@restrepometa-meta.gov.co', 0, '01', 'CTE', '7352950321', '8000476351', 1, 1, 1, 1, 0);
insert into MUNICIPIO (IDMUNICIPIO, NIT_M, NOMBRE, IDDEPARTAMENTO, IDCONCESIONARIO, CORREO, INDRETROACTIVIDAD, IDBANCO, TIPOCUENTA, CUENTA, NIT_CTA, INDLIQ_S_EXT, INDLIQ_S_LOCAL, INDLIQ_P_EXT, INDLIQ_P_LOCAL, INDACUERDOPAGO_2002)
values ('52000000', '8001149733', 'DPTAL NARInO', '52', '02', 'alcaldia@dptalnarino-nario.gov.co', 0, '01', 'CTE', '466074994', '8001149733', 1, 1, 1, 1, 0);
insert into MUNICIPIO (IDMUNICIPIO, NIT_M, NOMBRE, IDDEPARTAMENTO, IDCONCESIONARIO, CORREO, INDRETROACTIVIDAD, IDBANCO, TIPOCUENTA, CUENTA, NIT_CTA, INDLIQ_S_EXT, INDLIQ_S_LOCAL, INDLIQ_P_EXT, INDLIQ_P_LOCAL, INDACUERDOPAGO_2002)
values ('52001000', '8912800003', 'PASTO', '52', '02', 'alcaldia@pasto-nario.gov.co', 0, '19', 'AHO', '1612011113', '8002236965', 1, 1, 1, 1, 0);
insert into MUNICIPIO (IDMUNICIPIO, NIT_M, NOMBRE, IDDEPARTAMENTO, IDCONCESIONARIO, CORREO, INDRETROACTIVIDAD, IDBANCO, TIPOCUENTA, CUENTA, NIT_CTA, INDLIQ_S_EXT, INDLIQ_S_LOCAL, INDLIQ_P_EXT, INDLIQ_P_LOCAL, INDACUERDOPAGO_2002)
values ('52356000', '8000990957', 'IPIALES', '52', '02', 'alcaldia@ipiales-nario.gov.co', 0, '57', 'AHO', '24512227753', '8000990957', 1, 1, 1, 1, 0);
insert into MUNICIPIO (IDMUNICIPIO, NIT_M, NOMBRE, IDDEPARTAMENTO, IDCONCESIONARIO, CORREO, INDRETROACTIVIDAD, IDBANCO, TIPOCUENTA, CUENTA, NIT_CTA, INDLIQ_S_EXT, INDLIQ_S_LOCAL, INDLIQ_P_EXT, INDLIQ_P_LOCAL, INDACUERDOPAGO_2002)
values ('52480000', '8001149733', 'NARInO NARInO', '52', '02', 'alcaldia@narinonarino-nario.gov.co', 0, '01', 'CTE', '466074994', '8001149733', 1, 1, 1, 1, 0);
insert into MUNICIPIO (IDMUNICIPIO, NIT_M, NOMBRE, IDDEPARTAMENTO, IDCONCESIONARIO, CORREO, INDRETROACTIVIDAD, IDBANCO, TIPOCUENTA, CUENTA, NIT_CTA, INDLIQ_S_EXT, INDLIQ_S_LOCAL, INDLIQ_P_EXT, INDLIQ_P_LOCAL, INDACUERDOPAGO_2002)
values ('52835000', '8912009162', 'TUMACO', '52', '02', 'alcaldia@tumaco-nario.gov.co', 0, '02', 'AHO', '440720993', '8001412350', 1, 1, 1, 1, 0);
insert into MUNICIPIO (IDMUNICIPIO, NIT_M, NOMBRE, IDDEPARTAMENTO, IDCONCESIONARIO, CORREO, INDRETROACTIVIDAD, IDBANCO, TIPOCUENTA, CUENTA, NIT_CTA, INDLIQ_S_EXT, INDLIQ_S_LOCAL, INDLIQ_P_EXT, INDLIQ_P_LOCAL, INDACUERDOPAGO_2002)
values ('52838000', '8000991529', 'TUQUERRES', '52', '02', 'alcaldia@tuquerres-nario.gov.co', 0, '07', 'CTE', '88507477805', '8000991529', 1, 1, 1, 1, 0);
insert into MUNICIPIO (IDMUNICIPIO, NIT_M, NOMBRE, IDDEPARTAMENTO, IDCONCESIONARIO, CORREO, INDRETROACTIVIDAD, IDBANCO, TIPOCUENTA, CUENTA, NIT_CTA, INDLIQ_S_EXT, INDLIQ_S_LOCAL, INDLIQ_P_EXT, INDLIQ_P_LOCAL, INDACUERDOPAGO_2002)
values ('54001000', '8905014342', 'CUCUTA', '54', '01', 'alcaldia@cucuta-norte de santander.gov.co', 0, '01', 'CTE', '260759402', '8905014342', 1, 1, 1, 1, 0);
insert into MUNICIPIO (IDMUNICIPIO, NIT_M, NOMBRE, IDDEPARTAMENTO, IDCONCESIONARIO, CORREO, INDRETROACTIVIDAD, IDBANCO, TIPOCUENTA, CUENTA, NIT_CTA, INDLIQ_S_EXT, INDLIQ_S_LOCAL, INDLIQ_P_EXT, INDLIQ_P_LOCAL, INDACUERDOPAGO_2002)
values ('54003000', '8905046120', 'ABREGO', '54', '01', 'alcaldia@abrego-norte de santander.gov.co', 0, '40', 'AHO', '451112003081', '8905046120', 1, 1, 1, 1, 0);
insert into MUNICIPIO (IDMUNICIPIO, NIT_M, NOMBRE, IDDEPARTAMENTO, IDCONCESIONARIO, CORREO, INDRETROACTIVIDAD, IDBANCO, TIPOCUENTA, CUENTA, NIT_CTA, INDLIQ_S_EXT, INDLIQ_S_LOCAL, INDLIQ_P_EXT, INDLIQ_P_LOCAL, INDACUERDOPAGO_2002)
values ('54206000', '8000992369', 'CONVENCIN', '54', '01', 'alcaldia@convencion-norte de santander.gov.co', 0, '40', 'CTE', '51166000389', '8000992369', 1, 1, 1, 1, 0);
insert into MUNICIPIO (IDMUNICIPIO, NIT_M, NOMBRE, IDDEPARTAMENTO, IDCONCESIONARIO, CORREO, INDRETROACTIVIDAD, IDBANCO, TIPOCUENTA, CUENTA, NIT_CTA, INDLIQ_S_EXT, INDLIQ_S_LOCAL, INDLIQ_P_EXT, INDLIQ_P_LOCAL, INDACUERDOPAGO_2002)
values ('54261000', '8001039277', 'EL ZULIA', '54', '01', 'alcaldia@elzulia-norte de santander.gov.co', 0, '40', 'CTE', '351100000170', '8001039277', 1, 1, 1, 1, 0);
insert into MUNICIPIO (IDMUNICIPIO, NIT_M, NOMBRE, IDDEPARTAMENTO, IDCONCESIONARIO, CORREO, INDRETROACTIVIDAD, IDBANCO, TIPOCUENTA, CUENTA, NIT_CTA, INDLIQ_S_EXT, INDLIQ_S_LOCAL, INDLIQ_P_EXT, INDLIQ_P_LOCAL, INDACUERDOPAGO_2002)
values ('54405000', '8070036594', 'LOS PATIOS', '54', '01', 'alcaldia@lospatios-norte de santander.gov.co', 0, '23', 'AHO', '600861108', '8070036594', 1, 1, 1, 1, 0);
insert into MUNICIPIO (IDMUNICIPIO, NIT_M, NOMBRE, IDDEPARTAMENTO, IDCONCESIONARIO, CORREO, INDRETROACTIVIDAD, IDBANCO, TIPOCUENTA, CUENTA, NIT_CTA, INDLIQ_S_EXT, INDLIQ_S_LOCAL, INDLIQ_P_EXT, INDLIQ_P_LOCAL, INDACUERDOPAGO_2002)
values ('54498000', '8905011022', 'OCAA', '54', '01', 'alcaldia@ocana-norte de santander.gov.co', 0, '50', 'CTE', '291039790', '8905011022', 1, 1, 1, 1, 0);
insert into MUNICIPIO (IDMUNICIPIO, NIT_M, NOMBRE, IDDEPARTAMENTO, IDCONCESIONARIO, CORREO, INDRETROACTIVIDAD, IDBANCO, TIPOCUENTA, CUENTA, NIT_CTA, INDLIQ_S_EXT, INDLIQ_S_LOCAL, INDLIQ_P_EXT, INDLIQ_P_LOCAL, INDACUERDOPAGO_2002)
values ('68861000', '8902056776', 'VELEZ', '68', '01', 'alcaldia@velez-santander.gov.co', 0, '07', 'CTE', '32917340559', '8902056776', 1, 1, 1, 1, 0);
insert into MUNICIPIO (IDMUNICIPIO, NIT_M, NOMBRE, IDDEPARTAMENTO, IDCONCESIONARIO, CORREO, INDRETROACTIVIDAD, IDBANCO, TIPOCUENTA, CUENTA, NIT_CTA, INDLIQ_S_EXT, INDLIQ_S_LOCAL, INDLIQ_P_EXT, INDLIQ_P_LOCAL, INDACUERDOPAGO_2002)
values ('70001000', '8001040626', 'SINCELEJO', '70', '01', 'alcaldia@sincelejo-sucre.gov.co', 0, '02', 'AHO', '650101579', '8001040626', 1, 1, 1, 1, 0);
insert into MUNICIPIO (IDMUNICIPIO, NIT_M, NOMBRE, IDDEPARTAMENTO, IDCONCESIONARIO, CORREO, INDRETROACTIVIDAD, IDBANCO, TIPOCUENTA, CUENTA, NIT_CTA, INDLIQ_S_EXT, INDLIQ_S_LOCAL, INDLIQ_P_EXT, INDLIQ_P_LOCAL, INDACUERDOPAGO_2002)
values ('70215000', '8922800322', 'COROZAL', '70', '01', 'alcaldia@corozal-sucre.gov.co', 0, '01', 'AHO', '240134411', '8230019321', 1, 1, 1, 1, 0);
insert into MUNICIPIO (IDMUNICIPIO, NIT_M, NOMBRE, IDDEPARTAMENTO, IDCONCESIONARIO, CORREO, INDRETROACTIVIDAD, IDBANCO, TIPOCUENTA, CUENTA, NIT_CTA, INDLIQ_S_EXT, INDLIQ_S_LOCAL, INDLIQ_P_EXT, INDLIQ_P_LOCAL, INDACUERDOPAGO_2002)
values ('70670000', '8922800211', 'SAMPUES', '70', '01', 'alcaldia@sampues-sucre.gov.co', 0, '40', 'CTE', '63600010555', '8922800211', 1, 1, 1, 1, 0);
insert into MUNICIPIO (IDMUNICIPIO, NIT_M, NOMBRE, IDDEPARTAMENTO, IDCONCESIONARIO, CORREO, INDRETROACTIVIDAD, IDBANCO, TIPOCUENTA, CUENTA, NIT_CTA, INDLIQ_S_EXT, INDLIQ_S_LOCAL, INDLIQ_P_EXT, INDLIQ_P_LOCAL, INDACUERDOPAGO_2002)
values ('73000000', '8001136727', 'DPTAL TOLIMA', '73', '04', 'alcaldia@dptaltolima-tolima.gov.co', 0, '01', 'AHO', '370328833', '8001136727', 1, 1, 1, 1, 0);
insert into MUNICIPIO (IDMUNICIPIO, NIT_M, NOMBRE, IDDEPARTAMENTO, IDCONCESIONARIO, CORREO, INDRETROACTIVIDAD, IDBANCO, TIPOCUENTA, CUENTA, NIT_CTA, INDLIQ_S_EXT, INDLIQ_S_LOCAL, INDLIQ_P_EXT, INDLIQ_P_LOCAL, INDACUERDOPAGO_2002)
values ('73001000', '8001133897', 'IBAGUE', '73', '04', 'alcaldia@ibague-tolima.gov.co', 0, '02', 'AHO', '220550095111', '8090072114', 1, 1, 1, 1, 0);
insert into MUNICIPIO (IDMUNICIPIO, NIT_M, NOMBRE, IDDEPARTAMENTO, IDCONCESIONARIO, CORREO, INDRETROACTIVIDAD, IDBANCO, TIPOCUENTA, CUENTA, NIT_CTA, INDLIQ_S_EXT, INDLIQ_S_LOCAL, INDLIQ_P_EXT, INDLIQ_P_LOCAL, INDACUERDOPAGO_2002)
values ('73026000', '8001136727', 'ALVARADO', '73', '04', 'alcaldia@alvarado-tolima.gov.co', 0, '01', 'AHO', '370328833', '8001136727', 1, 1, 1, 1, 0);
insert into MUNICIPIO (IDMUNICIPIO, NIT_M, NOMBRE, IDDEPARTAMENTO, IDCONCESIONARIO, CORREO, INDRETROACTIVIDAD, IDBANCO, TIPOCUENTA, CUENTA, NIT_CTA, INDLIQ_S_EXT, INDLIQ_S_LOCAL, INDLIQ_P_EXT, INDLIQ_P_LOCAL, INDACUERDOPAGO_2002)
values ('73055000', '8001136727', 'GUAYABAL', '73', '04', 'alcaldia@guayabal-tolima.gov.co', 0, '01', 'AHO', '370328833', '8001136727', 1, 1, 1, 1, 0);
insert into MUNICIPIO (IDMUNICIPIO, NIT_M, NOMBRE, IDDEPARTAMENTO, IDCONCESIONARIO, CORREO, INDRETROACTIVIDAD, IDBANCO, TIPOCUENTA, CUENTA, NIT_CTA, INDLIQ_S_EXT, INDLIQ_S_LOCAL, INDLIQ_P_EXT, INDLIQ_P_LOCAL, INDACUERDOPAGO_2002)
values ('73124000', '8907008592', 'CAJAMARCA', '73', '04', 'alcaldia@cajamarca-tolima.gov.co', 0, '40', 'CTE', '066070015269', '8907008592', 1, 1, 1, 1, 0);
insert into MUNICIPIO (IDMUNICIPIO, NIT_M, NOMBRE, IDDEPARTAMENTO, IDCONCESIONARIO, CORREO, INDRETROACTIVIDAD, IDBANCO, TIPOCUENTA, CUENTA, NIT_CTA, INDLIQ_S_EXT, INDLIQ_S_LOCAL, INDLIQ_P_EXT, INDLIQ_P_LOCAL, INDACUERDOPAGO_2002)
values ('73168000', '8001136727', 'CHAPARRAL', '73', '04', 'alcaldia@chaparral-tolima.gov.co', 0, '01', 'AHO', '370328833', '8001136727', 1, 1, 1, 1, 0);
insert into MUNICIPIO (IDMUNICIPIO, NIT_M, NOMBRE, IDDEPARTAMENTO, IDCONCESIONARIO, CORREO, INDRETROACTIVIDAD, IDBANCO, TIPOCUENTA, CUENTA, NIT_CTA, INDLIQ_S_EXT, INDLIQ_S_LOCAL, INDLIQ_P_EXT, INDLIQ_P_LOCAL, INDACUERDOPAGO_2002)
values ('73268000', '8907020270', 'ESPINAL', '73', '04', 'alcaldia@espinal-tolima.gov.co', 0, '50', 'AHO', '184580082', '8907020270', 1, 1, 1, 1, 0);
insert into MUNICIPIO (IDMUNICIPIO, NIT_M, NOMBRE, IDDEPARTAMENTO, IDCONCESIONARIO, CORREO, INDRETROACTIVIDAD, IDBANCO, TIPOCUENTA, CUENTA, NIT_CTA, INDLIQ_S_EXT, INDLIQ_S_LOCAL, INDLIQ_P_EXT, INDLIQ_P_LOCAL, INDACUERDOPAGO_2002)
values ('73283000', '8001000563', 'FRESNO', '73', '04', 'alcaldia@fresno-tolima.gov.co', 0, '50', 'AHO', '195559612', '8001000563', 1, 1, 1, 1, 0);
insert into MUNICIPIO (IDMUNICIPIO, NIT_M, NOMBRE, IDDEPARTAMENTO, IDCONCESIONARIO, CORREO, INDRETROACTIVIDAD, IDBANCO, TIPOCUENTA, CUENTA, NIT_CTA, INDLIQ_S_EXT, INDLIQ_S_LOCAL, INDLIQ_P_EXT, INDLIQ_P_LOCAL, INDACUERDOPAGO_2002)
values ('73319000', '8001136727', 'GUAMO TOLIMA', '73', '04', 'alcaldia@guamotolima-tolima.gov.co', 0, '01', 'AHO', '370328833', '8001136727', 1, 1, 1, 1, 0);
insert into MUNICIPIO (IDMUNICIPIO, NIT_M, NOMBRE, IDDEPARTAMENTO, IDCONCESIONARIO, CORREO, INDRETROACTIVIDAD, IDBANCO, TIPOCUENTA, CUENTA, NIT_CTA, INDLIQ_S_EXT, INDLIQ_S_LOCAL, INDLIQ_P_EXT, INDLIQ_P_LOCAL, INDACUERDOPAGO_2002)
values ('73349000', '8001000588', 'HONDA', '73', '04', 'alcaldia@honda-tolima.gov.co', 0, '02', 'AHO', '391017845', '8001000588', 1, 1, 1, 1, 0);
insert into MUNICIPIO (IDMUNICIPIO, NIT_M, NOMBRE, IDDEPARTAMENTO, IDCONCESIONARIO, CORREO, INDRETROACTIVIDAD, IDBANCO, TIPOCUENTA, CUENTA, NIT_CTA, INDLIQ_S_EXT, INDLIQ_S_LOCAL, INDLIQ_P_EXT, INDLIQ_P_LOCAL, INDACUERDOPAGO_2002)
values ('73411000', '8001000610', 'LIBANO', '73', '04', 'alcaldia@libano-tolima.gov.co', 0, '01', 'AHO', '3269004575', '8001000610', 1, 1, 1, 1, 0);
insert into MUNICIPIO (IDMUNICIPIO, NIT_M, NOMBRE, IDDEPARTAMENTO, IDCONCESIONARIO, CORREO, INDRETROACTIVIDAD, IDBANCO, TIPOCUENTA, CUENTA, NIT_CTA, INDLIQ_S_EXT, INDLIQ_S_LOCAL, INDLIQ_P_EXT, INDLIQ_P_LOCAL, INDACUERDOPAGO_2002)
values ('73443000', '8001136727', 'MARIQUITA', '73', '04', 'alcaldia@mariquita-tolima.gov.co', 0, '01', 'AHO', '370328833', '8001136727', 1, 1, 1, 1, 0);
insert into MUNICIPIO (IDMUNICIPIO, NIT_M, NOMBRE, IDDEPARTAMENTO, IDCONCESIONARIO, CORREO, INDRETROACTIVIDAD, IDBANCO, TIPOCUENTA, CUENTA, NIT_CTA, INDLIQ_S_EXT, INDLIQ_S_LOCAL, INDLIQ_P_EXT, INDLIQ_P_LOCAL, INDACUERDOPAGO_2002)
values ('73449000', '8907019334', 'MELGAR', '73', '04', 'alcaldia@melgar-tolima.gov.co', 0, '51', 'AHO', '446000125331', '8907019334', 1, 1, 1, 1, 0);
insert into MUNICIPIO (IDMUNICIPIO, NIT_M, NOMBRE, IDDEPARTAMENTO, IDCONCESIONARIO, CORREO, INDRETROACTIVIDAD, IDBANCO, TIPOCUENTA, CUENTA, NIT_CTA, INDLIQ_S_EXT, INDLIQ_S_LOCAL, INDLIQ_P_EXT, INDLIQ_P_LOCAL, INDACUERDOPAGO_2002)
values ('73585000', '8001136727', 'PURIFICACIN', '73', '04', 'alcaldia@purificacion-tolima.gov.co', 0, '01', 'AHO', '370328833', '8001136727', 1, 1, 1, 1, 0);
insert into MUNICIPIO (IDMUNICIPIO, NIT_M, NOMBRE, IDDEPARTAMENTO, IDCONCESIONARIO, CORREO, INDRETROACTIVIDAD, IDBANCO, TIPOCUENTA, CUENTA, NIT_CTA, INDLIQ_S_EXT, INDLIQ_S_LOCAL, INDLIQ_P_EXT, INDLIQ_P_LOCAL, INDACUERDOPAGO_2002)
values ('73873000', '8001001475', 'VILLARICA TOLIMA', '73', '04', 'alcaldia@villaricatolima-tolima.gov.co', 0, '40', 'CTE', '366320000057', '8001001475', 1, 1, 1, 1, 0);
insert into MUNICIPIO (IDMUNICIPIO, NIT_M, NOMBRE, IDDEPARTAMENTO, IDCONCESIONARIO, CORREO, INDRETROACTIVIDAD, IDBANCO, TIPOCUENTA, CUENTA, NIT_CTA, INDLIQ_S_EXT, INDLIQ_S_LOCAL, INDLIQ_P_EXT, INDLIQ_P_LOCAL, INDACUERDOPAGO_2002)
values ('76001000', '8903114250', 'CALI', '76', '02', 'alcaldia@cali-valle del cauca.gov.co', 0, '01', 'AHO', '484945381', '8903114250', 1, 1, 1, 1, 0);
insert into MUNICIPIO (IDMUNICIPIO, NIT_M, NOMBRE, IDDEPARTAMENTO, IDCONCESIONARIO, CORREO, INDRETROACTIVIDAD, IDBANCO, TIPOCUENTA, CUENTA, NIT_CTA, INDLIQ_S_EXT, INDLIQ_S_LOCAL, INDLIQ_P_EXT, INDLIQ_P_LOCAL, INDACUERDOPAGO_2002)
values ('76036000', '8919004434', 'ANDALUCIA', '76', '02', 'alcaldia@andalucia-valle del cauca.gov.co', 0, '23', 'CTE', '040008260', '8919004434', 1, 1, 1, 1, 0);
commit;
prompt 200 records committed...
insert into MUNICIPIO (IDMUNICIPIO, NIT_M, NOMBRE, IDDEPARTAMENTO, IDCONCESIONARIO, CORREO, INDRETROACTIVIDAD, IDBANCO, TIPOCUENTA, CUENTA, NIT_CTA, INDLIQ_S_EXT, INDLIQ_S_LOCAL, INDLIQ_P_EXT, INDLIQ_P_LOCAL, INDACUERDOPAGO_2002)
values ('76041000', '8001005328', 'ANSERMANUEVA', '76', '02', 'alcaldia@ansermanueva-valle del cauca.gov.co', 0, '07', 'AHO', '72827022021', '8001005328', 1, 1, 1, 1, 0);
insert into MUNICIPIO (IDMUNICIPIO, NIT_M, NOMBRE, IDDEPARTAMENTO, IDCONCESIONARIO, CORREO, INDRETROACTIVIDAD, IDBANCO, TIPOCUENTA, CUENTA, NIT_CTA, INDLIQ_S_EXT, INDLIQ_S_LOCAL, INDLIQ_P_EXT, INDLIQ_P_LOCAL, INDACUERDOPAGO_2002)
values ('76109000', '8903990453', 'BUENAVENTURA', '76', '02', 'alcaldia@buenaventura-valle del cauca.gov.co', 0, '23', 'CTE', '030215719', '8001148466', 1, 1, 1, 1, 0);
insert into MUNICIPIO (IDMUNICIPIO, NIT_M, NOMBRE, IDDEPARTAMENTO, IDCONCESIONARIO, CORREO, INDRETROACTIVIDAD, IDBANCO, TIPOCUENTA, CUENTA, NIT_CTA, INDLIQ_S_EXT, INDLIQ_S_LOCAL, INDLIQ_P_EXT, INDLIQ_P_LOCAL, INDACUERDOPAGO_2002)
values ('76111000', '8913800335', 'BUGA', '76', '02', 'alcaldia@buga-valle del cauca.gov.co', 0, '07', 'CTE', '12614500325', '8300536309', 1, 1, 1, 1, 0);
insert into MUNICIPIO (IDMUNICIPIO, NIT_M, NOMBRE, IDDEPARTAMENTO, IDCONCESIONARIO, CORREO, INDRETROACTIVIDAD, IDBANCO, TIPOCUENTA, CUENTA, NIT_CTA, INDLIQ_S_EXT, INDLIQ_S_LOCAL, INDLIQ_P_EXT, INDLIQ_P_LOCAL, INDACUERDOPAGO_2002)
values ('76113000', '8919003531', 'BUGALAGRANDE', '76', '02', 'alcaldia@bugalagrande-valle del cauca.gov.co', 0, '07', 'AHO', '85427458241', '8919003531', 1, 1, 1, 1, 0);
insert into MUNICIPIO (IDMUNICIPIO, NIT_M, NOMBRE, IDDEPARTAMENTO, IDCONCESIONARIO, CORREO, INDRETROACTIVIDAD, IDBANCO, TIPOCUENTA, CUENTA, NIT_CTA, INDLIQ_S_EXT, INDLIQ_S_LOCAL, INDLIQ_P_EXT, INDLIQ_P_LOCAL, INDACUERDOPAGO_2002)
values ('76122000', '8919006606', 'CAICEDONIA', '76', '02', 'alcaldia@caicedonia-valle del cauca.gov.co', 0, '50', 'AHO', '119552271', '8001148480', 1, 1, 1, 1, 0);
insert into MUNICIPIO (IDMUNICIPIO, NIT_M, NOMBRE, IDDEPARTAMENTO, IDCONCESIONARIO, CORREO, INDRETROACTIVIDAD, IDBANCO, TIPOCUENTA, CUENTA, NIT_CTA, INDLIQ_S_EXT, INDLIQ_S_LOCAL, INDLIQ_P_EXT, INDLIQ_P_LOCAL, INDACUERDOPAGO_2002)
values ('76130000', '8913800381', 'CANDELARIA VALLE', '76', '02', 'alcaldia@candelariavalle-valle del cauca.gov.co', 0, '01', 'AHO', '289162208', '8913800381', 1, 1, 1, 1, 0);
insert into MUNICIPIO (IDMUNICIPIO, NIT_M, NOMBRE, IDDEPARTAMENTO, IDCONCESIONARIO, CORREO, INDRETROACTIVIDAD, IDBANCO, TIPOCUENTA, CUENTA, NIT_CTA, INDLIQ_S_EXT, INDLIQ_S_LOCAL, INDLIQ_P_EXT, INDLIQ_P_LOCAL, INDACUERDOPAGO_2002)
values ('76147000', '8919004932', 'CARTAGO', '76', '02', 'alcaldia@cartago-valle del cauca.gov.co', 0, '23', 'CTE', '055047161', '8919004932', 1, 1, 1, 1, 0);
insert into MUNICIPIO (IDMUNICIPIO, NIT_M, NOMBRE, IDDEPARTAMENTO, IDCONCESIONARIO, CORREO, INDRETROACTIVIDAD, IDBANCO, TIPOCUENTA, CUENTA, NIT_CTA, INDLIQ_S_EXT, INDLIQ_S_LOCAL, INDLIQ_P_EXT, INDLIQ_P_LOCAL, INDACUERDOPAGO_2002)
values ('76223000', '8001005145', 'DAGUA', '76', '02', 'alcaldia@dagua-valle del cauca.gov.co', 0, '01', 'AHO', '180114183', '8001780141', 1, 1, 1, 1, 0);
insert into MUNICIPIO (IDMUNICIPIO, NIT_M, NOMBRE, IDDEPARTAMENTO, IDCONCESIONARIO, CORREO, INDRETROACTIVIDAD, IDBANCO, TIPOCUENTA, CUENTA, NIT_CTA, INDLIQ_S_EXT, INDLIQ_S_LOCAL, INDLIQ_P_EXT, INDLIQ_P_LOCAL, INDACUERDOPAGO_2002)
values ('76248000', '8001005335', 'EL CERRITO', '76', '02', 'alcaldia@elcerrito-valle del cauca.gov.co', 0, '01', 'CTE', '287020275', '8001005335', 1, 1, 1, 1, 0);
insert into MUNICIPIO (IDMUNICIPIO, NIT_M, NOMBRE, IDDEPARTAMENTO, IDCONCESIONARIO, CORREO, INDRETROACTIVIDAD, IDBANCO, TIPOCUENTA, CUENTA, NIT_CTA, INDLIQ_S_EXT, INDLIQ_S_LOCAL, INDLIQ_P_EXT, INDLIQ_P_LOCAL, INDACUERDOPAGO_2002)
values ('76275000', '8001005191', 'FLORIDA', '76', '02', 'alcaldia@florida-valle del cauca.gov.co', 0, '01', 'AHO', '3110368282', '8002071032', 1, 1, 1, 1, 0);
insert into MUNICIPIO (IDMUNICIPIO, NIT_M, NOMBRE, IDDEPARTAMENTO, IDCONCESIONARIO, CORREO, INDRETROACTIVIDAD, IDBANCO, TIPOCUENTA, CUENTA, NIT_CTA, INDLIQ_S_EXT, INDLIQ_S_LOCAL, INDLIQ_P_EXT, INDLIQ_P_LOCAL, INDACUERDOPAGO_2002)
values ('76306000', '8001005201', 'GINEBRA', '76', '02', 'alcaldia@ginebra-valle del cauca.gov.co', 0, '01', 'CTE', '346023385', '8001005201', 1, 1, 1, 1, 0);
insert into MUNICIPIO (IDMUNICIPIO, NIT_M, NOMBRE, IDDEPARTAMENTO, IDCONCESIONARIO, CORREO, INDRETROACTIVIDAD, IDBANCO, TIPOCUENTA, CUENTA, NIT_CTA, INDLIQ_S_EXT, INDLIQ_S_LOCAL, INDLIQ_P_EXT, INDLIQ_P_LOCAL, INDACUERDOPAGO_2002)
values ('76318000', '8913800897', 'GUACARI', '76', '02', 'alcaldia@guacari-valle del cauca.gov.co', 0, '01', 'CTE', '352020127', '8913800897', 1, 1, 1, 1, 0);
insert into MUNICIPIO (IDMUNICIPIO, NIT_M, NOMBRE, IDDEPARTAMENTO, IDCONCESIONARIO, CORREO, INDRETROACTIVIDAD, IDBANCO, TIPOCUENTA, CUENTA, NIT_CTA, INDLIQ_S_EXT, INDLIQ_S_LOCAL, INDLIQ_P_EXT, INDLIQ_P_LOCAL, INDACUERDOPAGO_2002)
values ('76364000', '8903990460', 'JAMUNDI', '76', '02', 'alcaldia@jamundi-valle del cauca.gov.co', 0, '23', 'CTE', '045026101', '8903990460', 1, 1, 1, 1, 0);
insert into MUNICIPIO (IDMUNICIPIO, NIT_M, NOMBRE, IDDEPARTAMENTO, IDCONCESIONARIO, CORREO, INDRETROACTIVIDAD, IDBANCO, TIPOCUENTA, CUENTA, NIT_CTA, INDLIQ_S_EXT, INDLIQ_S_LOCAL, INDLIQ_P_EXT, INDLIQ_P_LOCAL, INDACUERDOPAGO_2002)
values ('76377000', '8001005217', 'LA CUMBRE', '76', '02', 'alcaldia@lacumbre-valle del cauca.gov.co', 0, '01', 'CTE', '648043370', '8001005217', 1, 1, 1, 1, 0);
insert into MUNICIPIO (IDMUNICIPIO, NIT_M, NOMBRE, IDDEPARTAMENTO, IDCONCESIONARIO, CORREO, INDRETROACTIVIDAD, IDBANCO, TIPOCUENTA, CUENTA, NIT_CTA, INDLIQ_S_EXT, INDLIQ_S_LOCAL, INDLIQ_P_EXT, INDLIQ_P_LOCAL, INDACUERDOPAGO_2002)
values ('76400000', '8919011093', 'LA UNION VALLE', '76', '02', 'alcaldia@launionvalle-valle del cauca.gov.co', 0, '07', 'AHO', '73320788134', '8919011093', 1, 1, 1, 1, 0);
insert into MUNICIPIO (IDMUNICIPIO, NIT_M, NOMBRE, IDDEPARTAMENTO, IDCONCESIONARIO, CORREO, INDRETROACTIVIDAD, IDBANCO, TIPOCUENTA, CUENTA, NIT_CTA, INDLIQ_S_EXT, INDLIQ_S_LOCAL, INDLIQ_P_EXT, INDLIQ_P_LOCAL, INDACUERDOPAGO_2002)
values ('76520000', '8913800073', 'PALMIRA', '76', '02', 'alcaldia@palmira-valle del cauca.gov.co', 0, '01', 'CTE', '454054446', '8913800073', 1, 1, 1, 1, 0);
insert into MUNICIPIO (IDMUNICIPIO, NIT_M, NOMBRE, IDDEPARTAMENTO, IDCONCESIONARIO, CORREO, INDRETROACTIVIDAD, IDBANCO, TIPOCUENTA, CUENTA, NIT_CTA, INDLIQ_S_EXT, INDLIQ_S_LOCAL, INDLIQ_P_EXT, INDLIQ_P_LOCAL, INDACUERDOPAGO_2002)
values ('76563000', '8913801150', 'PRADERA', '76', '02', 'alcaldia@pradera-valle del cauca.gov.co', 0, '07', 'AHO', '86420074214', '8001431573', 1, 1, 1, 1, 0);
insert into MUNICIPIO (IDMUNICIPIO, NIT_M, NOMBRE, IDDEPARTAMENTO, IDCONCESIONARIO, CORREO, INDRETROACTIVIDAD, IDBANCO, TIPOCUENTA, CUENTA, NIT_CTA, INDLIQ_S_EXT, INDLIQ_S_LOCAL, INDLIQ_P_EXT, INDLIQ_P_LOCAL, INDACUERDOPAGO_2002)
values ('76616000', '8919003579', 'RIOFRO', '76', '02', 'alcaldia@riofrio-valle del cauca.gov.co', 0, '02', 'CTE', '600021745', '8919003579', 1, 1, 1, 1, 0);
insert into MUNICIPIO (IDMUNICIPIO, NIT_M, NOMBRE, IDDEPARTAMENTO, IDCONCESIONARIO, CORREO, INDRETROACTIVIDAD, IDBANCO, TIPOCUENTA, CUENTA, NIT_CTA, INDLIQ_S_EXT, INDLIQ_S_LOCAL, INDLIQ_P_EXT, INDLIQ_P_LOCAL, INDACUERDOPAGO_2002)
values ('76622000', '8919002896', 'ROLDANILLO', '76', '02', 'alcaldia@roldanillo-valle del cauca.gov.co', 0, '50', 'CTE', '324022094', '8919002896', 1, 1, 1, 1, 0);
insert into MUNICIPIO (IDMUNICIPIO, NIT_M, NOMBRE, IDDEPARTAMENTO, IDCONCESIONARIO, CORREO, INDRETROACTIVIDAD, IDBANCO, TIPOCUENTA, CUENTA, NIT_CTA, INDLIQ_S_EXT, INDLIQ_S_LOCAL, INDLIQ_P_EXT, INDLIQ_P_LOCAL, INDACUERDOPAGO_2002)
values ('76670000', '8001005263', 'SAN PEDRO VALLE', '76', '02', 'alcaldia@sanpedrovalle-valle del cauca.gov.co', 0, '02', 'CTE', '600021844', '8001005263', 1, 1, 1, 1, 0);
insert into MUNICIPIO (IDMUNICIPIO, NIT_M, NOMBRE, IDDEPARTAMENTO, IDCONCESIONARIO, CORREO, INDRETROACTIVIDAD, IDBANCO, TIPOCUENTA, CUENTA, NIT_CTA, INDLIQ_S_EXT, INDLIQ_S_LOCAL, INDLIQ_P_EXT, INDLIQ_P_LOCAL, INDACUERDOPAGO_2002)
values ('76736000', '8001005270', 'SEVILLA ', '76', '02', 'alcaldia@sevilla-valle del cauca.gov.co', 0, '01', 'CTE', '588028522', '8001005270', 1, 1, 1, 1, 0);
insert into MUNICIPIO (IDMUNICIPIO, NIT_M, NOMBRE, IDDEPARTAMENTO, IDCONCESIONARIO, CORREO, INDRETROACTIVIDAD, IDBANCO, TIPOCUENTA, CUENTA, NIT_CTA, INDLIQ_S_EXT, INDLIQ_S_LOCAL, INDLIQ_P_EXT, INDLIQ_P_LOCAL, INDACUERDOPAGO_2002)
values ('76823000', '8919009854', 'TORO', '76', '02', 'alcaldia@toro-valle del cauca.gov.co', 0, '40', 'CTE', '369740000459', '8919009854', 1, 1, 1, 1, 0);
insert into MUNICIPIO (IDMUNICIPIO, NIT_M, NOMBRE, IDDEPARTAMENTO, IDCONCESIONARIO, CORREO, INDRETROACTIVIDAD, IDBANCO, TIPOCUENTA, CUENTA, NIT_CTA, INDLIQ_S_EXT, INDLIQ_S_LOCAL, INDLIQ_P_EXT, INDLIQ_P_LOCAL, INDACUERDOPAGO_2002)
values ('68255000', '8902081990', 'EL PLAYON', '68', '01', 'alcaldia@elplayon-santander.gov.co', 0, '50', 'CTE', '108020157', '8902081990', 1, 1, 1, 1, 0);
insert into MUNICIPIO (IDMUNICIPIO, NIT_M, NOMBRE, IDDEPARTAMENTO, IDCONCESIONARIO, CORREO, INDRETROACTIVIDAD, IDBANCO, TIPOCUENTA, CUENTA, NIT_CTA, INDLIQ_S_EXT, INDLIQ_S_LOCAL, INDLIQ_P_EXT, INDLIQ_P_LOCAL, INDACUERDOPAGO_2002)
values ('68276000', '8001151718', 'FLORIDABLANCA', '68', '01', 'alcaldia@floridablanca-santander.gov.co', 0, '51', 'CTE', '3046314127', '8001151718', 1, 1, 1, 1, 0);
insert into MUNICIPIO (IDMUNICIPIO, NIT_M, NOMBRE, IDDEPARTAMENTO, IDCONCESIONARIO, CORREO, INDRETROACTIVIDAD, IDBANCO, TIPOCUENTA, CUENTA, NIT_CTA, INDLIQ_S_EXT, INDLIQ_S_LOCAL, INDLIQ_P_EXT, INDLIQ_P_LOCAL, INDACUERDOPAGO_2002)
values ('68307000', '8902048026', 'GIRON', '68', '01', 'alcaldia@giron-santander.gov.co', 0, '02', 'CTE', '481021509', '8902048026', 1, 1, 1, 1, 0);
insert into MUNICIPIO (IDMUNICIPIO, NIT_M, NOMBRE, IDDEPARTAMENTO, IDCONCESIONARIO, CORREO, INDRETROACTIVIDAD, IDBANCO, TIPOCUENTA, CUENTA, NIT_CTA, INDLIQ_S_EXT, INDLIQ_S_LOCAL, INDLIQ_P_EXT, INDLIQ_P_LOCAL, INDACUERDOPAGO_2002)
values ('68397000', '8000966051', 'LA PAZ SANTANDER', '68', '01', 'alcaldia@lapazsantander-santander.gov.co', 0, '40', 'CTE', '24120008636', '8000966051', 1, 1, 1, 1, 0);
insert into MUNICIPIO (IDMUNICIPIO, NIT_M, NOMBRE, IDDEPARTAMENTO, IDCONCESIONARIO, CORREO, INDRETROACTIVIDAD, IDBANCO, TIPOCUENTA, CUENTA, NIT_CTA, INDLIQ_S_EXT, INDLIQ_S_LOCAL, INDLIQ_P_EXT, INDLIQ_P_LOCAL, INDACUERDOPAGO_2002)
values ('68406000', '8902061107', 'LEBRIJA', '68', '01', 'alcaldia@lebrija-santander.gov.co', 0, '50', 'CTE', '105014815', '8902061107', 1, 1, 1, 1, 0);
insert into MUNICIPIO (IDMUNICIPIO, NIT_M, NOMBRE, IDDEPARTAMENTO, IDCONCESIONARIO, CORREO, INDRETROACTIVIDAD, IDBANCO, TIPOCUENTA, CUENTA, NIT_CTA, INDLIQ_S_EXT, INDLIQ_S_LOCAL, INDLIQ_P_EXT, INDLIQ_P_LOCAL, INDACUERDOPAGO_2002)
values ('68432000', '8902052291', 'MALAGA', '68', '01', 'alcaldia@malaga-santander.gov.co', 0, '07', 'CTE', '31217995900', '8902052291', 1, 1, 1, 1, 0);
insert into MUNICIPIO (IDMUNICIPIO, NIT_M, NOMBRE, IDDEPARTAMENTO, IDCONCESIONARIO, CORREO, INDRETROACTIVIDAD, IDBANCO, TIPOCUENTA, CUENTA, NIT_CTA, INDLIQ_S_EXT, INDLIQ_S_LOCAL, INDLIQ_P_EXT, INDLIQ_P_LOCAL, INDACUERDOPAGO_2002)
values ('68500000', '8902100483', 'OIBA', '68', '01', 'alcaldia@oiba-santander.gov.co', 0, '50', 'CTE', '356007476', '8902109487', 1, 1, 1, 1, 0);
insert into MUNICIPIO (IDMUNICIPIO, NIT_M, NOMBRE, IDDEPARTAMENTO, IDCONCESIONARIO, CORREO, INDRETROACTIVIDAD, IDBANCO, TIPOCUENTA, CUENTA, NIT_CTA, INDLIQ_S_EXT, INDLIQ_S_LOCAL, INDLIQ_P_EXT, INDLIQ_P_LOCAL, INDACUERDOPAGO_2002)
values ('68547000', '8902053836', 'PIEDECUESTA', '68', '01', 'alcaldia@piedecuesta-santander.gov.co', 0, '40', 'CTE', '360170000432', '8902053836', 1, 1, 1, 1, 0);
insert into MUNICIPIO (IDMUNICIPIO, NIT_M, NOMBRE, IDDEPARTAMENTO, IDCONCESIONARIO, CORREO, INDRETROACTIVIDAD, IDBANCO, TIPOCUENTA, CUENTA, NIT_CTA, INDLIQ_S_EXT, INDLIQ_S_LOCAL, INDLIQ_P_EXT, INDLIQ_P_LOCAL, INDACUERDOPAGO_2002)
values ('68572000', '8902092993', 'PUENTE NACIONAL', '68', '01', 'alcaldia@puentenacional-santander.gov.co', 0, '02', 'CTE', '110491024758', '8902092993', 1, 1, 1, 1, 0);
insert into MUNICIPIO (IDMUNICIPIO, NIT_M, NOMBRE, IDDEPARTAMENTO, IDCONCESIONARIO, CORREO, INDRETROACTIVIDAD, IDBANCO, TIPOCUENTA, CUENTA, NIT_CTA, INDLIQ_S_EXT, INDLIQ_S_LOCAL, INDLIQ_P_EXT, INDLIQ_P_LOCAL, INDACUERDOPAGO_2002)
values ('68615000', '8902046463', 'RIONEGRO SANTANDER', '68', '01', 'alcaldia@rionegrosantander-santander.gov.co', 0, '50', 'CTE', '108019845', '8902046463', 1, 1, 1, 1, 0);
insert into MUNICIPIO (IDMUNICIPIO, NIT_M, NOMBRE, IDDEPARTAMENTO, IDCONCESIONARIO, CORREO, INDRETROACTIVIDAD, IDBANCO, TIPOCUENTA, CUENTA, NIT_CTA, INDLIQ_S_EXT, INDLIQ_S_LOCAL, INDLIQ_P_EXT, INDLIQ_P_LOCAL, INDACUERDOPAGO_2002)
values ('68655000', '8902046431', 'SABANA DE TORRES', '68', '01', 'alcaldia@sabanadetorres-santander.gov.co', 0, '01', 'CTE', '184162535', '8902046431', 1, 1, 1, 1, 0);
insert into MUNICIPIO (IDMUNICIPIO, NIT_M, NOMBRE, IDDEPARTAMENTO, IDCONCESIONARIO, CORREO, INDRETROACTIVIDAD, IDBANCO, TIPOCUENTA, CUENTA, NIT_CTA, INDLIQ_S_EXT, INDLIQ_S_LOCAL, INDLIQ_P_EXT, INDLIQ_P_LOCAL, INDACUERDOPAGO_2002)
values ('68679000', '8000998241', 'SAN GIL', '68', '01', 'alcaldia@sangil-santander.gov.co', 0, '40', 'CTE', '060420031662', '8000998241', 1, 1, 1, 1, 0);
insert into MUNICIPIO (IDMUNICIPIO, NIT_M, NOMBRE, IDDEPARTAMENTO, IDCONCESIONARIO, CORREO, INDRETROACTIVIDAD, IDBANCO, TIPOCUENTA, CUENTA, NIT_CTA, INDLIQ_S_EXT, INDLIQ_S_LOCAL, INDLIQ_P_EXT, INDLIQ_P_LOCAL, INDACUERDOPAGO_2002)
values ('68689000', '8000998296', 'SAN VICENTE DE CHUCURI', '68', '01', 'alcaldia@sanvicentedechucuri-santander.gov.co', 0, '50', 'CTE', '339035628', '8000998296', 1, 1, 1, 1, 0);
insert into MUNICIPIO (IDMUNICIPIO, NIT_M, NOMBRE, IDDEPARTAMENTO, IDCONCESIONARIO, CORREO, INDRETROACTIVIDAD, IDBANCO, TIPOCUENTA, CUENTA, NIT_CTA, INDLIQ_S_EXT, INDLIQ_S_LOCAL, INDLIQ_P_EXT, INDLIQ_P_LOCAL, INDACUERDOPAGO_2002)
values ('68755000', '8902036888', 'SOCORRO', '68', '01', 'alcaldia@socorro-santander.gov.co', 0, '50', 'CTE', '355027285', '8902036888', 1, 1, 1, 1, 0);
insert into MUNICIPIO (IDMUNICIPIO, NIT_M, NOMBRE, IDDEPARTAMENTO, IDCONCESIONARIO, CORREO, INDRETROACTIVIDAD, IDBANCO, TIPOCUENTA, CUENTA, NIT_CTA, INDLIQ_S_EXT, INDLIQ_S_LOCAL, INDLIQ_P_EXT, INDLIQ_P_LOCAL, INDACUERDOPAGO_2002)
values ('68770000', '8902049855', 'SUAITA', '68', '01', 'alcaldia@suaita-santander.gov.co', 0, '52', 'AHO', '086044807', '8000826650', 1, 1, 1, 1, 0);
insert into MUNICIPIO (IDMUNICIPIO, NIT_M, NOMBRE, IDDEPARTAMENTO, IDCONCESIONARIO, CORREO, INDRETROACTIVIDAD, IDBANCO, TIPOCUENTA, CUENTA, NIT_CTA, INDLIQ_S_EXT, INDLIQ_S_LOCAL, INDLIQ_P_EXT, INDLIQ_P_LOCAL, INDACUERDOPAGO_2002)
values ('05001000', '8909052111', 'MEDELLIN', '05', '01', 'alcaldia@medellin-antioquia.gov.co', 0, '54', 'CTE', '00000006', '9876543216', 1, 1, 1, 1, 0);
insert into MUNICIPIO (IDMUNICIPIO, NIT_M, NOMBRE, IDDEPARTAMENTO, IDCONCESIONARIO, CORREO, INDRETROACTIVIDAD, IDBANCO, TIPOCUENTA, CUENTA, NIT_CTA, INDLIQ_S_EXT, INDLIQ_S_LOCAL, INDLIQ_P_EXT, INDLIQ_P_LOCAL, INDACUERDOPAGO_2002)
values ('08832000', '8000535523', 'TUBARA', '08', '04', 'alcaldia@tubara.gov.co', 0, '01', 'AHO', '173451436', '8000535523', 1, 1, 1, 1, 0);
insert into MUNICIPIO (IDMUNICIPIO, NIT_M, NOMBRE, IDDEPARTAMENTO, IDCONCESIONARIO, CORREO, INDRETROACTIVIDAD, IDBANCO, TIPOCUENTA, CUENTA, NIT_CTA, INDLIQ_S_EXT, INDLIQ_S_LOCAL, INDLIQ_P_EXT, INDLIQ_P_LOCAL, INDACUERDOPAGO_2002)
values ('05002000', '8909811955', 'ABEJORRAL', '05', '01', 'alcaldia@abejorral-antioquia.gov.co', 0, '01', 'AHO', '104112917', '8909811955', 1, 1, 1, 1, 0);
insert into MUNICIPIO (IDMUNICIPIO, NIT_M, NOMBRE, IDDEPARTAMENTO, IDCONCESIONARIO, CORREO, INDRETROACTIVIDAD, IDBANCO, TIPOCUENTA, CUENTA, NIT_CTA, INDLIQ_S_EXT, INDLIQ_S_LOCAL, INDLIQ_P_EXT, INDLIQ_P_LOCAL, INDACUERDOPAGO_2002)
values ('05030000', '8909817320', 'AMAGA', '05', '01', 'alcaldia@amaga-antioquia.gov.co', 0, '50', 'CTE', '279012421', '8909817320', 1, 1, 1, 1, 0);
insert into MUNICIPIO (IDMUNICIPIO, NIT_M, NOMBRE, IDDEPARTAMENTO, IDCONCESIONARIO, CORREO, INDRETROACTIVIDAD, IDBANCO, TIPOCUENTA, CUENTA, NIT_CTA, INDLIQ_S_EXT, INDLIQ_S_LOCAL, INDLIQ_P_EXT, INDLIQ_P_LOCAL, INDACUERDOPAGO_2002)
values ('05031000', '8909815180', 'AMALFI', '05', '01', 'alcaldia@amalfi-antioquia.gov.co', 0, '50', 'CTE', '074008996', '8909815180', 1, 1, 1, 1, 0);
insert into MUNICIPIO (IDMUNICIPIO, NIT_M, NOMBRE, IDDEPARTAMENTO, IDCONCESIONARIO, CORREO, INDRETROACTIVIDAD, IDBANCO, TIPOCUENTA, CUENTA, NIT_CTA, INDLIQ_S_EXT, INDLIQ_S_LOCAL, INDLIQ_P_EXT, INDLIQ_P_LOCAL, INDACUERDOPAGO_2002)
values ('05034000', '8909803427', 'ANDES', '05', '01', 'alcaldia@andes-antioquia.gov.co', 0, '50', 'CTE', '075002139', '8909803427', 1, 1, 1, 1, 0);
insert into MUNICIPIO (IDMUNICIPIO, NIT_M, NOMBRE, IDDEPARTAMENTO, IDCONCESIONARIO, CORREO, INDRETROACTIVIDAD, IDBANCO, TIPOCUENTA, CUENTA, NIT_CTA, INDLIQ_S_EXT, INDLIQ_S_LOCAL, INDLIQ_P_EXT, INDLIQ_P_LOCAL, INDACUERDOPAGO_2002)
values ('05042000', '8909075691', 'SANTA FE DE ANTIOQUIA', '05', '01', 'alcaldia@santafedeantioquia-antioquia.gov.co', 0, '40', 'CTE', '313890000091', '8909075691', 1, 1, 1, 1, 0);
insert into MUNICIPIO (IDMUNICIPIO, NIT_M, NOMBRE, IDDEPARTAMENTO, IDCONCESIONARIO, CORREO, INDRETROACTIVIDAD, IDBANCO, TIPOCUENTA, CUENTA, NIT_CTA, INDLIQ_S_EXT, INDLIQ_S_LOCAL, INDLIQ_P_EXT, INDLIQ_P_LOCAL, INDACUERDOPAGO_2002)
values ('05045000', '8909800952', 'APARTADO', '05', '01', 'alcaldia@apartado-antioquia.gov.co', 0, '02', 'AHO', '220205864986', '8909800952', 1, 1, 1, 1, 0);
insert into MUNICIPIO (IDMUNICIPIO, NIT_M, NOMBRE, IDDEPARTAMENTO, IDCONCESIONARIO, CORREO, INDRETROACTIVIDAD, IDBANCO, TIPOCUENTA, CUENTA, NIT_CTA, INDLIQ_S_EXT, INDLIQ_S_LOCAL, INDLIQ_P_EXT, INDLIQ_P_LOCAL, INDACUERDOPAGO_2002)
values ('05051000', '8909856234', 'ARBOLETES', '05', '01', 'alcaldia@arboletes-antioquia.gov.co', 0, '40', 'CTE', '313180001064', '8909856234', 1, 1, 1, 1, 0);
insert into MUNICIPIO (IDMUNICIPIO, NIT_M, NOMBRE, IDDEPARTAMENTO, IDCONCESIONARIO, CORREO, INDRETROACTIVIDAD, IDBANCO, TIPOCUENTA, CUENTA, NIT_CTA, INDLIQ_S_EXT, INDLIQ_S_LOCAL, INDLIQ_P_EXT, INDLIQ_P_LOCAL, INDACUERDOPAGO_2002)
values ('05079000', '8909804457', 'BARBOSA ANTIOQUIA', '05', '01', 'alcaldia@barbosaantioquia-antioquia.gov.co', 0, '07', 'AHO', '65110742333', '8909804457', 0, 1, 0, 1, 0);
insert into MUNICIPIO (IDMUNICIPIO, NIT_M, NOMBRE, IDDEPARTAMENTO, IDCONCESIONARIO, CORREO, INDRETROACTIVIDAD, IDBANCO, TIPOCUENTA, CUENTA, NIT_CTA, INDLIQ_S_EXT, INDLIQ_S_LOCAL, INDLIQ_P_EXT, INDLIQ_P_LOCAL, INDACUERDOPAGO_2002)
values ('05088000', '8909801121', 'BELLO', '05', '01', 'alcaldia@bello-antioquia.gov.co', 0, '52', 'AHO', '512120106', '8909801121', 1, 1, 1, 1, 0);
insert into MUNICIPIO (IDMUNICIPIO, NIT_M, NOMBRE, IDDEPARTAMENTO, IDCONCESIONARIO, CORREO, INDRETROACTIVIDAD, IDBANCO, TIPOCUENTA, CUENTA, NIT_CTA, INDLIQ_S_EXT, INDLIQ_S_LOCAL, INDLIQ_P_EXT, INDLIQ_P_LOCAL, INDACUERDOPAGO_2002)
values ('05101000', '8909803309', 'CIUDAD BOLIVAR', '05', '01', 'alcaldia@ciudadbolivar-antioquia.gov.co', 0, '50', 'AHO', '102083581', '8909803309', 1, 1, 1, 1, 0);
insert into MUNICIPIO (IDMUNICIPIO, NIT_M, NOMBRE, IDDEPARTAMENTO, IDCONCESIONARIO, CORREO, INDRETROACTIVIDAD, IDBANCO, TIPOCUENTA, CUENTA, NIT_CTA, INDLIQ_S_EXT, INDLIQ_S_LOCAL, INDLIQ_P_EXT, INDLIQ_P_LOCAL, INDACUERDOPAGO_2002)
values ('05120000', '8909815671', 'CACERES', '05', '01', 'alcaldia@caceres-antioquia.gov.co', 0, '40', 'CTE', '313210000623', '8909815671', 1, 1, 1, 1, 0);
insert into MUNICIPIO (IDMUNICIPIO, NIT_M, NOMBRE, IDDEPARTAMENTO, IDCONCESIONARIO, CORREO, INDRETROACTIVIDAD, IDBANCO, TIPOCUENTA, CUENTA, NIT_CTA, INDLIQ_S_EXT, INDLIQ_S_LOCAL, INDLIQ_P_EXT, INDLIQ_P_LOCAL, INDACUERDOPAGO_2002)
values ('05129000', '8909804471', 'CALDAS ANTIOQUIA', '05', '01', 'alcaldia@caldasantioquia-antioquia.gov.co', 0, '07', 'CTE', '65520428041', '8909804471', 1, 1, 1, 1, 0);
insert into MUNICIPIO (IDMUNICIPIO, NIT_M, NOMBRE, IDDEPARTAMENTO, IDCONCESIONARIO, CORREO, INDRETROACTIVIDAD, IDBANCO, TIPOCUENTA, CUENTA, NIT_CTA, INDLIQ_S_EXT, INDLIQ_S_LOCAL, INDLIQ_P_EXT, INDLIQ_P_LOCAL, INDACUERDOPAGO_2002)
values ('05138000', '8909822388', 'CAASGORDAS', '05', '01', 'alcaldia@canasgordas-antioquia.gov.co', 0, '40', 'CTE', '013620005713', '8909822388', 1, 1, 1, 1, 0);
insert into MUNICIPIO (IDMUNICIPIO, NIT_M, NOMBRE, IDDEPARTAMENTO, IDCONCESIONARIO, CORREO, INDRETROACTIVIDAD, IDBANCO, TIPOCUENTA, CUENTA, NIT_CTA, INDLIQ_S_EXT, INDLIQ_S_LOCAL, INDLIQ_P_EXT, INDLIQ_P_LOCAL, INDACUERDOPAGO_2002)
values ('05147000', '8909853168', 'CAREPA', '05', '01', 'alcaldia@carepa-antioquia.gov.co', 0, '02', 'AHO', '2050720055', '8909853168', 1, 1, 1, 1, 0);
insert into MUNICIPIO (IDMUNICIPIO, NIT_M, NOMBRE, IDDEPARTAMENTO, IDCONCESIONARIO, CORREO, INDRETROACTIVIDAD, IDBANCO, TIPOCUENTA, CUENTA, NIT_CTA, INDLIQ_S_EXT, INDLIQ_S_LOCAL, INDLIQ_P_EXT, INDLIQ_P_LOCAL, INDACUERDOPAGO_2002)
values ('05148000', '8909826169', 'CARMEN DEL VIBORAL', '05', '01', 'alcaldia@carmendelviboral-antioquia.gov.co', 0, '01', 'CTE', '285007555', '8909826169', 1, 1, 1, 1, 0);
insert into MUNICIPIO (IDMUNICIPIO, NIT_M, NOMBRE, IDDEPARTAMENTO, IDCONCESIONARIO, CORREO, INDRETROACTIVIDAD, IDBANCO, TIPOCUENTA, CUENTA, NIT_CTA, INDLIQ_S_EXT, INDLIQ_S_LOCAL, INDLIQ_P_EXT, INDLIQ_P_LOCAL, INDACUERDOPAGO_2002)
values ('05154000', '8909064452', 'CAUCASIA', '05', '01', 'alcaldia@caucasia-antioquia.gov.co', 0, '13', 'CTE', '271012817', '8909064452', 1, 1, 1, 1, 0);
insert into MUNICIPIO (IDMUNICIPIO, NIT_M, NOMBRE, IDDEPARTAMENTO, IDCONCESIONARIO, CORREO, INDRETROACTIVIDAD, IDBANCO, TIPOCUENTA, CUENTA, NIT_CTA, INDLIQ_S_EXT, INDLIQ_S_LOCAL, INDLIQ_P_EXT, INDLIQ_P_LOCAL, INDACUERDOPAGO_2002)
values ('05172000', '8909809988', 'CHIGORODO', '05', '01', 'alcaldia@chigorodo-antioquia.gov.co', 0, '02', 'CTE', '110205020100', '8909809988', 1, 1, 1, 1, 0);
insert into MUNICIPIO (IDMUNICIPIO, NIT_M, NOMBRE, IDDEPARTAMENTO, IDCONCESIONARIO, CORREO, INDRETROACTIVIDAD, IDBANCO, TIPOCUENTA, CUENTA, NIT_CTA, INDLIQ_S_EXT, INDLIQ_S_LOCAL, INDLIQ_P_EXT, INDLIQ_P_LOCAL, INDACUERDOPAGO_2002)
values ('05190000', '8909109133', 'CISNEROS', '05', '01', 'alcaldia@cisneros-antioquia.gov.co', 0, '50', 'CTE', '416027704', '8909109133', 1, 1, 1, 1, 0);
insert into MUNICIPIO (IDMUNICIPIO, NIT_M, NOMBRE, IDDEPARTAMENTO, IDCONCESIONARIO, CORREO, INDRETROACTIVIDAD, IDBANCO, TIPOCUENTA, CUENTA, NIT_CTA, INDLIQ_S_EXT, INDLIQ_S_LOCAL, INDLIQ_P_EXT, INDLIQ_P_LOCAL, INDACUERDOPAGO_2002)
values ('05197000', '8909846340', 'COCORNA', '05', '01', 'alcaldia@cocorna-antioquia.gov.co', 0, '40', 'CTE', '013720004624', '8909846340', 1, 1, 1, 1, 0);
insert into MUNICIPIO (IDMUNICIPIO, NIT_M, NOMBRE, IDDEPARTAMENTO, IDCONCESIONARIO, CORREO, INDRETROACTIVIDAD, IDBANCO, TIPOCUENTA, CUENTA, NIT_CTA, INDLIQ_S_EXT, INDLIQ_S_LOCAL, INDLIQ_P_EXT, INDLIQ_P_LOCAL, INDACUERDOPAGO_2002)
values ('05212000', '8909807673', 'COPACABANA', '05', '01', 'alcaldia@copacabana-antioquia.gov.co', 0, '51', 'AHO', '039100025434', '8909807673', 1, 1, 1, 1, 0);
insert into MUNICIPIO (IDMUNICIPIO, NIT_M, NOMBRE, IDDEPARTAMENTO, IDCONCESIONARIO, CORREO, INDRETROACTIVIDAD, IDBANCO, TIPOCUENTA, CUENTA, NIT_CTA, INDLIQ_S_EXT, INDLIQ_S_LOCAL, INDLIQ_P_EXT, INDLIQ_P_LOCAL, INDACUERDOPAGO_2002)
values ('05237000', '8909840438', 'DON MATIAS', '05', '01', 'alcaldia@donmatias-antioquia.gov.co', 0, '07', 'CTE', '91402249388', '8909840438', 1, 1, 1, 1, 0);
insert into MUNICIPIO (IDMUNICIPIO, NIT_M, NOMBRE, IDDEPARTAMENTO, IDCONCESIONARIO, CORREO, INDRETROACTIVIDAD, IDBANCO, TIPOCUENTA, CUENTA, NIT_CTA, INDLIQ_S_EXT, INDLIQ_S_LOCAL, INDLIQ_P_EXT, INDLIQ_P_LOCAL, INDACUERDOPAGO_2002)
values ('05266000', '8909071065', 'ENVIGADO', '05', '01', 'alcaldia@envigado-antioquia.gov.co', 0, '01', 'AHO', '550008999', '8909071065', 1, 1, 1, 1, 0);
insert into MUNICIPIO (IDMUNICIPIO, NIT_M, NOMBRE, IDDEPARTAMENTO, IDCONCESIONARIO, CORREO, INDRETROACTIVIDAD, IDBANCO, TIPOCUENTA, CUENTA, NIT_CTA, INDLIQ_S_EXT, INDLIQ_S_LOCAL, INDLIQ_P_EXT, INDLIQ_P_LOCAL, INDACUERDOPAGO_2002)
values ('05284000', '8909837068', 'FRONTINO', '05', '01', 'alcaldia@frontino-antioquia.gov.co', 0, '40', 'CTE', '14200006857', '8909837068', 1, 1, 1, 1, 0);
insert into MUNICIPIO (IDMUNICIPIO, NIT_M, NOMBRE, IDDEPARTAMENTO, IDCONCESIONARIO, CORREO, INDRETROACTIVIDAD, IDBANCO, TIPOCUENTA, CUENTA, NIT_CTA, INDLIQ_S_EXT, INDLIQ_S_LOCAL, INDLIQ_P_EXT, INDLIQ_P_LOCAL, INDACUERDOPAGO_2002)
values ('05306000', '8909837867', 'GIRALDO', '05', '01', 'alcaldia@giraldo-antioquia.gov.co', 0, '50', 'CTE', '416010536', '8909837867', 1, 1, 1, 1, 0);
insert into MUNICIPIO (IDMUNICIPIO, NIT_M, NOMBRE, IDDEPARTAMENTO, IDCONCESIONARIO, CORREO, INDRETROACTIVIDAD, IDBANCO, TIPOCUENTA, CUENTA, NIT_CTA, INDLIQ_S_EXT, INDLIQ_S_LOCAL, INDLIQ_P_EXT, INDLIQ_P_LOCAL, INDACUERDOPAGO_2002)
values ('05308000', '8909808071', 'GIRARDOTA', '05', '01', 'alcaldia@girardota-antioquia.gov.co', 0, '07', 'AHO', '10437039524', '8909808071', 1, 1, 1, 1, 0);
insert into MUNICIPIO (IDMUNICIPIO, NIT_M, NOMBRE, IDDEPARTAMENTO, IDCONCESIONARIO, CORREO, INDRETROACTIVIDAD, IDBANCO, TIPOCUENTA, CUENTA, NIT_CTA, INDLIQ_S_EXT, INDLIQ_S_LOCAL, INDLIQ_P_EXT, INDLIQ_P_LOCAL, INDACUERDOPAGO_2002)
values ('05318000', '8909820557', 'GUARNE', '05', '06', 'alcaldia@guarne-antioquia.gov.co', 0, '07', 'AHO', '16142730948', '8909820557', 1, 1, 1, 1, 0);
insert into MUNICIPIO (IDMUNICIPIO, NIT_M, NOMBRE, IDDEPARTAMENTO, IDCONCESIONARIO, CORREO, INDRETROACTIVIDAD, IDBANCO, TIPOCUENTA, CUENTA, NIT_CTA, INDLIQ_S_EXT, INDLIQ_S_LOCAL, INDLIQ_P_EXT, INDLIQ_P_LOCAL, INDACUERDOPAGO_2002)
values ('05321000', '8909838303', 'GUATAPE', '05', '01', 'alcaldia@guatape-antioquia.gov.co', 0, '23', 'CTE', '490021318', '8909838303', 1, 1, 1, 1, 0);
insert into MUNICIPIO (IDMUNICIPIO, NIT_M, NOMBRE, IDDEPARTAMENTO, IDCONCESIONARIO, CORREO, INDRETROACTIVIDAD, IDBANCO, TIPOCUENTA, CUENTA, NIT_CTA, INDLIQ_S_EXT, INDLIQ_S_LOCAL, INDLIQ_P_EXT, INDLIQ_P_LOCAL, INDACUERDOPAGO_2002)
values ('05360000', '8909800938', 'ITAGUI', '05', '01', 'alcaldia@itagui-antioquia.gov.co', 0, '02', 'AHO', '192015535', '8909800938', 1, 1, 1, 1, 0);
insert into MUNICIPIO (IDMUNICIPIO, NIT_M, NOMBRE, IDDEPARTAMENTO, IDCONCESIONARIO, CORREO, INDRETROACTIVIDAD, IDBANCO, TIPOCUENTA, CUENTA, NIT_CTA, INDLIQ_S_EXT, INDLIQ_S_LOCAL, INDLIQ_P_EXT, INDLIQ_P_LOCAL, INDACUERDOPAGO_2002)
values ('05368000', '8909810695', 'JERICO ANTIOQUIA', '05', '01', 'alcaldia@jericoantioquia-antioquia.gov.co', 0, '07', 'AHO', '37648757353', '8909810695', 1, 1, 1, 1, 0);
insert into MUNICIPIO (IDMUNICIPIO, NIT_M, NOMBRE, IDDEPARTAMENTO, IDCONCESIONARIO, CORREO, INDRETROACTIVIDAD, IDBANCO, TIPOCUENTA, CUENTA, NIT_CTA, INDLIQ_S_EXT, INDLIQ_S_LOCAL, INDLIQ_P_EXT, INDLIQ_P_LOCAL, INDACUERDOPAGO_2002)
values ('05376000', '8909812075', 'LA CEJA', '05', '01', 'alcaldia@laceja-antioquia.gov.co', 0, '13', 'AHO', '450058771', '8909812075', 1, 1, 1, 1, 0);
insert into MUNICIPIO (IDMUNICIPIO, NIT_M, NOMBRE, IDDEPARTAMENTO, IDCONCESIONARIO, CORREO, INDRETROACTIVIDAD, IDBANCO, TIPOCUENTA, CUENTA, NIT_CTA, INDLIQ_S_EXT, INDLIQ_S_LOCAL, INDLIQ_P_EXT, INDLIQ_P_LOCAL, INDACUERDOPAGO_2002)
values ('05390000', '8110090178', 'LA PINTADA', '05', '01', 'alcaldia@lapintada-antioquia.gov.co', 0, '07', 'CTE', '65519503503', '8110090178', 1, 1, 1, 1, 0);
insert into MUNICIPIO (IDMUNICIPIO, NIT_M, NOMBRE, IDDEPARTAMENTO, IDCONCESIONARIO, CORREO, INDRETROACTIVIDAD, IDBANCO, TIPOCUENTA, CUENTA, NIT_CTA, INDLIQ_S_EXT, INDLIQ_S_LOCAL, INDLIQ_P_EXT, INDLIQ_P_LOCAL, INDACUERDOPAGO_2002)
values ('05400000', '8909819950', 'LA UNION ANTIOQUIA', '05', '01', 'alcaldia@launionantioquia-antioquia.gov.co', 0, '07', 'CTE', '55722118485', '8909819950', 1, 1, 1, 1, 0);
insert into MUNICIPIO (IDMUNICIPIO, NIT_M, NOMBRE, IDDEPARTAMENTO, IDCONCESIONARIO, CORREO, INDRETROACTIVIDAD, IDBANCO, TIPOCUENTA, CUENTA, NIT_CTA, INDLIQ_S_EXT, INDLIQ_S_LOCAL, INDLIQ_P_EXT, INDLIQ_P_LOCAL, INDACUERDOPAGO_2002)
values ('05425000', '8909809583', 'MACEO', '05', '01', 'alcaldia@maceo-antioquia.gov.co', 0, '23', 'CTE', '415041623', '8909809583', 1, 1, 1, 1, 0);
insert into MUNICIPIO (IDMUNICIPIO, NIT_M, NOMBRE, IDDEPARTAMENTO, IDCONCESIONARIO, CORREO, INDRETROACTIVIDAD, IDBANCO, TIPOCUENTA, CUENTA, NIT_CTA, INDLIQ_S_EXT, INDLIQ_S_LOCAL, INDLIQ_P_EXT, INDLIQ_P_LOCAL, INDACUERDOPAGO_2002)
values ('05440000', '8909837161', 'MARINILLA', '05', '01', 'alcaldia@marinilla-antioquia.gov.co', 0, '07', 'AHO', '64767044489', '8909837161', 1, 1, 1, 1, 0);
insert into MUNICIPIO (IDMUNICIPIO, NIT_M, NOMBRE, IDDEPARTAMENTO, IDCONCESIONARIO, CORREO, INDRETROACTIVIDAD, IDBANCO, TIPOCUENTA, CUENTA, NIT_CTA, INDLIQ_S_EXT, INDLIQ_S_LOCAL, INDLIQ_P_EXT, INDLIQ_P_LOCAL, INDACUERDOPAGO_2002)
values ('05541000', '8909809171', 'PEnOL', '05', '01', 'alcaldia@penol-antioquia.gov.co', 0, '40', 'CTE', '14480000018', '8909809171', 1, 1, 1, 1, 0);
insert into MUNICIPIO (IDMUNICIPIO, NIT_M, NOMBRE, IDDEPARTAMENTO, IDCONCESIONARIO, CORREO, INDRETROACTIVIDAD, IDBANCO, TIPOCUENTA, CUENTA, NIT_CTA, INDLIQ_S_EXT, INDLIQ_S_LOCAL, INDLIQ_P_EXT, INDLIQ_P_LOCAL, INDACUERDOPAGO_2002)
values ('05579000', '8909800493', 'PUERTO BERRIO', '05', '01', 'alcaldia@puertoberrio-antioquia.gov.co', 0, '01', 'AHO', '514226810', '8909800493', 1, 1, 1, 1, 0);
insert into MUNICIPIO (IDMUNICIPIO, NIT_M, NOMBRE, IDDEPARTAMENTO, IDCONCESIONARIO, CORREO, INDRETROACTIVIDAD, IDBANCO, TIPOCUENTA, CUENTA, NIT_CTA, INDLIQ_S_EXT, INDLIQ_S_LOCAL, INDLIQ_P_EXT, INDLIQ_P_LOCAL, INDACUERDOPAGO_2002)
values ('05591000', '8909839064', 'PUERTO TRIUNFO', '05', '01', 'alcaldia@puertotriunfo-antioquia.gov.co', 0, '40', 'CTE', '313660000180', '8909839064', 1, 1, 1, 1, 0);
insert into MUNICIPIO (IDMUNICIPIO, NIT_M, NOMBRE, IDDEPARTAMENTO, IDCONCESIONARIO, CORREO, INDRETROACTIVIDAD, IDBANCO, TIPOCUENTA, CUENTA, NIT_CTA, INDLIQ_S_EXT, INDLIQ_S_LOCAL, INDLIQ_P_EXT, INDLIQ_P_LOCAL, INDACUERDOPAGO_2002)
values ('05607000', '8909836740', 'RETIRO', '05', '01', 'alcaldia@retiro-antioquia.gov.co', 0, '40', 'AHO', '413483000467', '8909836740', 1, 1, 1, 1, 0);
insert into MUNICIPIO (IDMUNICIPIO, NIT_M, NOMBRE, IDDEPARTAMENTO, IDCONCESIONARIO, CORREO, INDRETROACTIVIDAD, IDBANCO, TIPOCUENTA, CUENTA, NIT_CTA, INDLIQ_S_EXT, INDLIQ_S_LOCAL, INDLIQ_P_EXT, INDLIQ_P_LOCAL, INDACUERDOPAGO_2002)
values ('05615000', '8909073172', 'RIONEGRO ANTIOQUIA', '05', '01', 'alcaldia@rionegroantioquia-antioquia.gov.co', 0, '01', 'CTE', '532015765', '8001431573', 1, 1, 1, 1, 0);
insert into MUNICIPIO (IDMUNICIPIO, NIT_M, NOMBRE, IDDEPARTAMENTO, IDCONCESIONARIO, CORREO, INDRETROACTIVIDAD, IDBANCO, TIPOCUENTA, CUENTA, NIT_CTA, INDLIQ_S_EXT, INDLIQ_S_LOCAL, INDLIQ_P_EXT, INDLIQ_P_LOCAL, INDACUERDOPAGO_2002)
values ('05631000', '8909803316', 'SABANETA', '05', '01', 'alcaldia@sabaneta-antioquia.gov.co', 0, '07', 'AHO', '1701919111', '8909803316', 1, 1, 1, 1, 0);
insert into MUNICIPIO (IDMUNICIPIO, NIT_M, NOMBRE, IDDEPARTAMENTO, IDCONCESIONARIO, CORREO, INDRETROACTIVIDAD, IDBANCO, TIPOCUENTA, CUENTA, NIT_CTA, INDLIQ_S_EXT, INDLIQ_S_LOCAL, INDLIQ_P_EXT, INDLIQ_P_LOCAL, INDACUERDOPAGO_2002)
values ('05656000', '8909208145', 'SAN JERNIMO', '05', '01', 'alcaldia@sanjeronimo-antioquia.gov.co', 0, '40', 'CTE', '13860004368', '8909208145', 1, 1, 1, 1, 0);
insert into MUNICIPIO (IDMUNICIPIO, NIT_M, NOMBRE, IDDEPARTAMENTO, IDCONCESIONARIO, CORREO, INDRETROACTIVIDAD, IDBANCO, TIPOCUENTA, CUENTA, NIT_CTA, INDLIQ_S_EXT, INDLIQ_S_LOCAL, INDLIQ_P_EXT, INDLIQ_P_LOCAL, INDACUERDOPAGO_2002)
values ('05660000', '8909843765', 'SAN LUIS ANTIOQUIA', '05', '01', 'alcaldia@sanluisantioquia-antioquia.gov.co', 0, '40', 'CTE', '313450000259', '8909843765', 1, 1, 1, 1, 0);
insert into MUNICIPIO (IDMUNICIPIO, NIT_M, NOMBRE, IDDEPARTAMENTO, IDCONCESIONARIO, CORREO, INDRETROACTIVIDAD, IDBANCO, TIPOCUENTA, CUENTA, NIT_CTA, INDLIQ_S_EXT, INDLIQ_S_LOCAL, INDLIQ_P_EXT, INDLIQ_P_LOCAL, INDACUERDOPAGO_2002)
values ('05664000', '8909839222', 'SAN PEDRO DE LOS MILAGROS. ANT', '05', '01', 'alcaldia@sanpedrodelosm.ant-antioquia.gov.co', 0, '07', 'CTE', '91406151265', '8909839222', 1, 1, 1, 1, 0);
insert into MUNICIPIO (IDMUNICIPIO, NIT_M, NOMBRE, IDDEPARTAMENTO, IDCONCESIONARIO, CORREO, INDRETROACTIVIDAD, IDBANCO, TIPOCUENTA, CUENTA, NIT_CTA, INDLIQ_S_EXT, INDLIQ_S_LOCAL, INDLIQ_P_EXT, INDLIQ_P_LOCAL, INDACUERDOPAGO_2002)
values ('05670000', '8909808507', 'SAN ROQUE', '05', '01', 'alcaldia@sanroque-antioquia.gov.co', 0, '13', 'CTE', '299072462', '8909808507', 1, 1, 1, 1, 0);
insert into MUNICIPIO (IDMUNICIPIO, NIT_M, NOMBRE, IDDEPARTAMENTO, IDCONCESIONARIO, CORREO, INDRETROACTIVIDAD, IDBANCO, TIPOCUENTA, CUENTA, NIT_CTA, INDLIQ_S_EXT, INDLIQ_S_LOCAL, INDLIQ_P_EXT, INDLIQ_P_LOCAL, INDACUERDOPAGO_2002)
values ('05674000', '8909825067', 'SAN VICENTE', '05', '01', 'alcaldia@sanvicente-antioquia.gov.co', 0, '40', 'CTE', '013880000057', '8909825067', 1, 1, 1, 1, 0);
insert into MUNICIPIO (IDMUNICIPIO, NIT_M, NOMBRE, IDDEPARTAMENTO, IDCONCESIONARIO, CORREO, INDRETROACTIVIDAD, IDBANCO, TIPOCUENTA, CUENTA, NIT_CTA, INDLIQ_S_EXT, INDLIQ_S_LOCAL, INDLIQ_P_EXT, INDLIQ_P_LOCAL, INDACUERDOPAGO_2002)
values ('05679000', '8909803441', 'SANTA BARBARA ANTIOQUIA', '05', '01', 'alcaldia@santabarbaraantioquia-antioquia.gov.co', 0, '50', 'CTE', '278006762', '8909803441', 1, 1, 1, 1, 0);
insert into MUNICIPIO (IDMUNICIPIO, NIT_M, NOMBRE, IDDEPARTAMENTO, IDCONCESIONARIO, CORREO, INDRETROACTIVIDAD, IDBANCO, TIPOCUENTA, CUENTA, NIT_CTA, INDLIQ_S_EXT, INDLIQ_S_LOCAL, INDLIQ_P_EXT, INDLIQ_P_LOCAL, INDACUERDOPAGO_2002)
values ('05686000', '8909815546', 'SANTA ROSA DE OSOS', '05', '01', 'alcaldia@santarosadeosos-antioquia.gov.co', 0, '07', 'CTE', '64204491326', '8909815546', 1, 1, 1, 1, 0);
insert into MUNICIPIO (IDMUNICIPIO, NIT_M, NOMBRE, IDDEPARTAMENTO, IDCONCESIONARIO, CORREO, INDRETROACTIVIDAD, IDBANCO, TIPOCUENTA, CUENTA, NIT_CTA, INDLIQ_S_EXT, INDLIQ_S_LOCAL, INDLIQ_P_EXT, INDLIQ_P_LOCAL, INDACUERDOPAGO_2002)
values ('05690000', '8909838034', 'SANTO DOMINGO', '05', '01', 'alcaldia@santodomingo-antioquia.gov.co', 0, '50', 'AHO', '331506097', '8909838034', 1, 1, 1, 1, 0);
insert into MUNICIPIO (IDMUNICIPIO, NIT_M, NOMBRE, IDDEPARTAMENTO, IDCONCESIONARIO, CORREO, INDRETROACTIVIDAD, IDBANCO, TIPOCUENTA, CUENTA, NIT_CTA, INDLIQ_S_EXT, INDLIQ_S_LOCAL, INDLIQ_P_EXT, INDLIQ_P_LOCAL, INDACUERDOPAGO_2002)
values ('05697000', '8909838138', 'SANTUARIO ANTIOQUIA', '05', '01', 'alcaldia@santuarioantioquia-antioquia.gov.co', 0, '07', 'AHO', '10212579525', '8909838138', 1, 1, 1, 1, 0);
insert into MUNICIPIO (IDMUNICIPIO, NIT_M, NOMBRE, IDDEPARTAMENTO, IDCONCESIONARIO, CORREO, INDRETROACTIVIDAD, IDBANCO, TIPOCUENTA, CUENTA, NIT_CTA, INDLIQ_S_EXT, INDLIQ_S_LOCAL, INDLIQ_P_EXT, INDLIQ_P_LOCAL, INDACUERDOPAGO_2002)
values ('05761000', '8909810807', 'SOPETRAN', '05', '01', 'alcaldia@sopetran-antioquia.gov.co', 0, '40', 'CTE', '013970008929', '8909810807', 1, 1, 1, 1, 0);
insert into MUNICIPIO (IDMUNICIPIO, NIT_M, NOMBRE, IDDEPARTAMENTO, IDCONCESIONARIO, CORREO, INDRETROACTIVIDAD, IDBANCO, TIPOCUENTA, CUENTA, NIT_CTA, INDLIQ_S_EXT, INDLIQ_S_LOCAL, INDLIQ_P_EXT, INDLIQ_P_LOCAL, INDACUERDOPAGO_2002)
values ('05756000', '8909803577', 'SONSON', '05', '01', 'alcaldia@sonson-antioquia.gov.co', 0, '50', 'AHO', '358532125', '8909803577', 1, 1, 1, 1, 0);
insert into MUNICIPIO (IDMUNICIPIO, NIT_M, NOMBRE, IDDEPARTAMENTO, IDCONCESIONARIO, CORREO, INDRETROACTIVIDAD, IDBANCO, TIPOCUENTA, CUENTA, NIT_CTA, INDLIQ_S_EXT, INDLIQ_S_LOCAL, INDLIQ_P_EXT, INDLIQ_P_LOCAL, INDACUERDOPAGO_2002)
values ('05790000', '8909842957', 'TARAZA', '05', '01', 'alcaldia@taraza-antioquia.gov.co', 0, '40', 'CTE', '14780007796', '8909842957', 1, 1, 1, 1, 0);
insert into MUNICIPIO (IDMUNICIPIO, NIT_M, NOMBRE, IDDEPARTAMENTO, IDCONCESIONARIO, CORREO, INDRETROACTIVIDAD, IDBANCO, TIPOCUENTA, CUENTA, NIT_CTA, INDLIQ_S_EXT, INDLIQ_S_LOCAL, INDLIQ_P_EXT, INDLIQ_P_LOCAL, INDACUERDOPAGO_2002)
values ('05792000', '8909825834', 'TARSO', '05', '01', 'alcaldia@tarso-antioquia.gov.co', 0, '07', 'CTE', '65518817981', '8909825834', 1, 1, 1, 1, 0);
insert into MUNICIPIO (IDMUNICIPIO, NIT_M, NOMBRE, IDDEPARTAMENTO, IDCONCESIONARIO, CORREO, INDRETROACTIVIDAD, IDBANCO, TIPOCUENTA, CUENTA, NIT_CTA, INDLIQ_S_EXT, INDLIQ_S_LOCAL, INDLIQ_P_EXT, INDLIQ_P_LOCAL, INDACUERDOPAGO_2002)
values ('05809000', '8909807817', 'TITIRIBI', '05', '01', 'alcaldia@titiribi-antioquia.gov.co', 0, '40', 'CTE', '013920000034', '8909807817', 1, 1, 1, 1, 0);
insert into MUNICIPIO (IDMUNICIPIO, NIT_M, NOMBRE, IDDEPARTAMENTO, IDCONCESIONARIO, CORREO, INDRETROACTIVIDAD, IDBANCO, TIPOCUENTA, CUENTA, NIT_CTA, INDLIQ_S_EXT, INDLIQ_S_LOCAL, INDLIQ_P_EXT, INDLIQ_P_LOCAL, INDACUERDOPAGO_2002)
values ('05837000', '8909811385', 'TURBO', '05', '01', 'alcaldia@turbo-antioquia.gov.co', 0, '01', 'CTE', '620046383', '8909811385', 1, 1, 1, 1, 0);
insert into MUNICIPIO (IDMUNICIPIO, NIT_M, NOMBRE, IDDEPARTAMENTO, IDCONCESIONARIO, CORREO, INDRETROACTIVIDAD, IDBANCO, TIPOCUENTA, CUENTA, NIT_CTA, INDLIQ_S_EXT, INDLIQ_S_LOCAL, INDLIQ_P_EXT, INDLIQ_P_LOCAL, INDACUERDOPAGO_2002)
values ('05842000', '8909845754', 'URAMITA', '05', '01', 'alcaldia@uramita-antioquia.gov.co', 0, '01', 'CTE', '322015918', '8909845754', 1, 1, 1, 1, 0);
insert into MUNICIPIO (IDMUNICIPIO, NIT_M, NOMBRE, IDDEPARTAMENTO, IDCONCESIONARIO, CORREO, INDRETROACTIVIDAD, IDBANCO, TIPOCUENTA, CUENTA, NIT_CTA, INDLIQ_S_EXT, INDLIQ_S_LOCAL, INDLIQ_P_EXT, INDLIQ_P_LOCAL, INDACUERDOPAGO_2002)
values ('05380000', '8909807824', 'LA ESTRELLA', '05', '01', 'alcaldia@laestrella-antioquia.gov.co', 0, '02', 'CTE', '192020691', '8909807824', 1, 1, 1, 1, 0);
insert into MUNICIPIO (IDMUNICIPIO, NIT_M, NOMBRE, IDDEPARTAMENTO, IDCONCESIONARIO, CORREO, INDRETROACTIVIDAD, IDBANCO, TIPOCUENTA, CUENTA, NIT_CTA, INDLIQ_S_EXT, INDLIQ_S_LOCAL, INDLIQ_P_EXT, INDLIQ_P_LOCAL, INDACUERDOPAGO_2002)
values ('54518000', '8000076526', 'PAMPLONA', '54', '01', 'alcaldia@pamplona-norte de santander.gov.co', 0, '13', 'AHO', '0324490200001486', '8001423837', 1, 1, 1, 1, 0);
insert into MUNICIPIO (IDMUNICIPIO, NIT_M, NOMBRE, IDDEPARTAMENTO, IDCONCESIONARIO, CORREO, INDRETROACTIVIDAD, IDBANCO, TIPOCUENTA, CUENTA, NIT_CTA, INDLIQ_S_EXT, INDLIQ_S_LOCAL, INDLIQ_P_EXT, INDLIQ_P_LOCAL, INDACUERDOPAGO_2002)
values ('54874000', '9000048111', 'VILLA ROSARIO', '54', '01', 'alcaldia@villarosario-norte de santander.gov.co', 0, '01', 'AHO', '619000821', '9000048111', 1, 1, 1, 1, 0);
insert into MUNICIPIO (IDMUNICIPIO, NIT_M, NOMBRE, IDDEPARTAMENTO, IDCONCESIONARIO, CORREO, INDRETROACTIVIDAD, IDBANCO, TIPOCUENTA, CUENTA, NIT_CTA, INDLIQ_S_EXT, INDLIQ_S_LOCAL, INDLIQ_P_EXT, INDLIQ_P_LOCAL, INDACUERDOPAGO_2002)
values ('63001000', '8900004643', 'ARMENIA QUINDIO', '63', '02', 'alcaldia@armeniaquindio-quindio.gov.co', 0, '07', 'CTE', '06912953444', '8900004643', 1, 1, 1, 1, 0);
insert into MUNICIPIO (IDMUNICIPIO, NIT_M, NOMBRE, IDDEPARTAMENTO, IDCONCESIONARIO, CORREO, INDRETROACTIVIDAD, IDBANCO, TIPOCUENTA, CUENTA, NIT_CTA, INDLIQ_S_EXT, INDLIQ_S_LOCAL, INDLIQ_P_EXT, INDLIQ_P_LOCAL, INDACUERDOPAGO_2002)
values ('63130000', '8900004414', 'CALARCA', '63', '02', 'alcaldia@calarca-quindio.gov.co', 0, '50', 'AHO', '121096366', '8900004414', 1, 1, 1, 1, 0);
commit;
prompt 300 records committed...
insert into MUNICIPIO (IDMUNICIPIO, NIT_M, NOMBRE, IDDEPARTAMENTO, IDCONCESIONARIO, CORREO, INDRETROACTIVIDAD, IDBANCO, TIPOCUENTA, CUENTA, NIT_CTA, INDLIQ_S_EXT, INDLIQ_S_LOCAL, INDLIQ_P_EXT, INDLIQ_P_LOCAL, INDACUERDOPAGO_2002)
values ('63190000', '8900015361', 'CIRCASIA', '63', '02', 'alcaldia@circasia-quindio.gov.co', 0, '50', 'CTE', '523019420', '8900015361', 1, 1, 1, 1, 0);
insert into MUNICIPIO (IDMUNICIPIO, NIT_M, NOMBRE, IDDEPARTAMENTO, IDCONCESIONARIO, CORREO, INDRETROACTIVIDAD, IDBANCO, TIPOCUENTA, CUENTA, NIT_CTA, INDLIQ_S_EXT, INDLIQ_S_LOCAL, INDLIQ_P_EXT, INDLIQ_P_LOCAL, INDACUERDOPAGO_2002)
values ('63272000', '8900013395', 'FILANDIA', '63', '02', 'alcaldia@finlandia-quindio.gov.co', 0, '40', 'CTE', '354450001301', '8900013395', 1, 1, 1, 1, 0);
insert into MUNICIPIO (IDMUNICIPIO, NIT_M, NOMBRE, IDDEPARTAMENTO, IDCONCESIONARIO, CORREO, INDRETROACTIVIDAD, IDBANCO, TIPOCUENTA, CUENTA, NIT_CTA, INDLIQ_S_EXT, INDLIQ_S_LOCAL, INDLIQ_P_EXT, INDLIQ_P_LOCAL, INDACUERDOPAGO_2002)
values ('63401000', '8900005641', 'LA TEBAIDA', '63', '02', 'alcaldia@latebaida-quindio.gov.co', 0, '40', 'CTE', '054250005060', '8900005641', 1, 1, 1, 1, 0);
insert into MUNICIPIO (IDMUNICIPIO, NIT_M, NOMBRE, IDDEPARTAMENTO, IDCONCESIONARIO, CORREO, INDRETROACTIVIDAD, IDBANCO, TIPOCUENTA, CUENTA, NIT_CTA, INDLIQ_S_EXT, INDLIQ_S_LOCAL, INDLIQ_P_EXT, INDLIQ_P_LOCAL, INDACUERDOPAGO_2002)
values ('63470000', '8900008581', 'MONTENEGRO', '63', '02', 'alcaldia@montenegro-quindio.gov.co', 0, '07', 'CTE', '76102262275', '8900008581', 1, 1, 1, 1, 0);
insert into MUNICIPIO (IDMUNICIPIO, NIT_M, NOMBRE, IDDEPARTAMENTO, IDCONCESIONARIO, CORREO, INDRETROACTIVIDAD, IDBANCO, TIPOCUENTA, CUENTA, NIT_CTA, INDLIQ_S_EXT, INDLIQ_S_LOCAL, INDLIQ_P_EXT, INDLIQ_P_LOCAL, INDACUERDOPAGO_2002)
values ('63594000', '8900006134', 'QUIMBAYA', '63', '02', 'alcaldia@quimbaya-quindio.gov.co', 0, '50', 'CTE', '084013101', '8900006134', 1, 1, 1, 1, 0);
insert into MUNICIPIO (IDMUNICIPIO, NIT_M, NOMBRE, IDDEPARTAMENTO, IDCONCESIONARIO, CORREO, INDRETROACTIVIDAD, IDBANCO, TIPOCUENTA, CUENTA, NIT_CTA, INDLIQ_S_EXT, INDLIQ_S_LOCAL, INDLIQ_P_EXT, INDLIQ_P_LOCAL, INDACUERDOPAGO_2002)
values ('63690000', '8900011270', 'SALENTO', '63', '02', 'alcaldia@salento-risaralda.gov.co', 0, '40', 'CTE', '354500000469', '8900011270', 1, 1, 1, 1, 0);
insert into MUNICIPIO (IDMUNICIPIO, NIT_M, NOMBRE, IDDEPARTAMENTO, IDCONCESIONARIO, CORREO, INDRETROACTIVIDAD, IDBANCO, TIPOCUENTA, CUENTA, NIT_CTA, INDLIQ_S_EXT, INDLIQ_S_LOCAL, INDLIQ_P_EXT, INDLIQ_P_LOCAL, INDACUERDOPAGO_2002)
values ('66001000', '8160005588', 'PEREIRA', '66', '02', 'alcaldia@pereira-risaralda.gov.co', 0, '52', 'AHO', '303061535', '8160005588', 1, 1, 1, 1, 0);
insert into MUNICIPIO (IDMUNICIPIO, NIT_M, NOMBRE, IDDEPARTAMENTO, IDCONCESIONARIO, CORREO, INDRETROACTIVIDAD, IDBANCO, TIPOCUENTA, CUENTA, NIT_CTA, INDLIQ_S_EXT, INDLIQ_S_LOCAL, INDLIQ_P_EXT, INDLIQ_P_LOCAL, INDACUERDOPAGO_2002)
values ('66045000', '8914800223', 'APIA', '66', '02', 'alcaldia@apia-risaralda.gov.co', 0, '51', 'CTE', '242001824', '8914800223', 1, 1, 1, 1, 0);
insert into MUNICIPIO (IDMUNICIPIO, NIT_M, NOMBRE, IDDEPARTAMENTO, IDCONCESIONARIO, CORREO, INDRETROACTIVIDAD, IDBANCO, TIPOCUENTA, CUENTA, NIT_CTA, INDLIQ_S_EXT, INDLIQ_S_LOCAL, INDLIQ_P_EXT, INDLIQ_P_LOCAL, INDACUERDOPAGO_2002)
values ('66075000', '8908011431', 'BALBOA RISARALDA', '66', '02', 'alcaldia@balboarisaralda-risaralda.gov.co', 0, '40', 'CTE', '57250000023', '8908011431', 1, 1, 1, 1, 0);
insert into MUNICIPIO (IDMUNICIPIO, NIT_M, NOMBRE, IDDEPARTAMENTO, IDCONCESIONARIO, CORREO, INDRETROACTIVIDAD, IDBANCO, TIPOCUENTA, CUENTA, NIT_CTA, INDLIQ_S_EXT, INDLIQ_S_LOCAL, INDLIQ_P_EXT, INDLIQ_P_LOCAL, INDACUERDOPAGO_2002)
values ('66088000', '8914800248', 'BELEN DE UMBRIA', '66', '02', 'alcaldia@belendeumbria-risaralda.gov.co', 0, '07', 'CTE', '71923115314', '8914800248', 1, 1, 1, 1, 0);
insert into MUNICIPIO (IDMUNICIPIO, NIT_M, NOMBRE, IDDEPARTAMENTO, IDCONCESIONARIO, CORREO, INDRETROACTIVIDAD, IDBANCO, TIPOCUENTA, CUENTA, NIT_CTA, INDLIQ_S_EXT, INDLIQ_S_LOCAL, INDLIQ_P_EXT, INDLIQ_P_LOCAL, INDACUERDOPAGO_2002)
values ('66170000', '8000993106', 'DOSQUEBRADAS', '66', '02', 'alcaldia@dosquebradas-risaralda.gov.co', 0, '01', 'AHO', '3279379518', '8000993106', 1, 1, 1, 1, 0);
insert into MUNICIPIO (IDMUNICIPIO, NIT_M, NOMBRE, IDDEPARTAMENTO, IDCONCESIONARIO, CORREO, INDRETROACTIVIDAD, IDBANCO, TIPOCUENTA, CUENTA, NIT_CTA, INDLIQ_S_EXT, INDLIQ_S_LOCAL, INDLIQ_P_EXT, INDLIQ_P_LOCAL, INDACUERDOPAGO_2002)
values ('66400000', '8914800271', 'LA VIRGINIA', '66', '02', 'alcaldia@lavirginia-risaralda.gov.co', 0, '50', 'CTE', '241030287', '8914800271', 1, 1, 1, 1, 0);
insert into MUNICIPIO (IDMUNICIPIO, NIT_M, NOMBRE, IDDEPARTAMENTO, IDCONCESIONARIO, CORREO, INDRETROACTIVIDAD, IDBANCO, TIPOCUENTA, CUENTA, NIT_CTA, INDLIQ_S_EXT, INDLIQ_S_LOCAL, INDLIQ_P_EXT, INDLIQ_P_LOCAL, INDACUERDOPAGO_2002)
values ('66594000', '8914800327', 'QUINCHIA', '66', '02', 'alcaldia@quinchia-risaralda.gov.co', 0, '50', 'CTE', '320009715', '8914800327', 1, 1, 1, 1, 0);
insert into MUNICIPIO (IDMUNICIPIO, NIT_M, NOMBRE, IDDEPARTAMENTO, IDCONCESIONARIO, CORREO, INDRETROACTIVIDAD, IDBANCO, TIPOCUENTA, CUENTA, NIT_CTA, INDLIQ_S_EXT, INDLIQ_S_LOCAL, INDLIQ_P_EXT, INDLIQ_P_LOCAL, INDACUERDOPAGO_2002)
values ('66682000', '8914800334', 'SANTA ROSA DE CABAL', '66', '02', 'alcaldia@santarosadecabal-risaralda.gov.co', 0, '50', 'CTE', '344041728', '8914800334', 1, 1, 1, 1, 0);
insert into MUNICIPIO (IDMUNICIPIO, NIT_M, NOMBRE, IDDEPARTAMENTO, IDCONCESIONARIO, CORREO, INDRETROACTIVIDAD, IDBANCO, TIPOCUENTA, CUENTA, NIT_CTA, INDLIQ_S_EXT, INDLIQ_S_LOCAL, INDLIQ_P_EXT, INDLIQ_P_LOCAL, INDACUERDOPAGO_2002)
values ('68001000', '8902041091', 'BUCARAMANGA', '68', '01', 'alcaldia@bucaramanga-santander.gov.co', 0, '51', 'CTE', '3012257770', '8902041091', 1, 1, 1, 1, 0);
insert into MUNICIPIO (IDMUNICIPIO, NIT_M, NOMBRE, IDDEPARTAMENTO, IDCONCESIONARIO, CORREO, INDRETROACTIVIDAD, IDBANCO, TIPOCUENTA, CUENTA, NIT_CTA, INDLIQ_S_EXT, INDLIQ_S_LOCAL, INDLIQ_P_EXT, INDLIQ_P_LOCAL, INDACUERDOPAGO_2002)
values ('68051000', '8902053345', 'ARATOCA', '68', '01', 'alcaldia@aratoca-santander.gov.co', 0, '40', 'CTE', '060100000086', '8902053345', 1, 1, 1, 1, 0);
insert into MUNICIPIO (IDMUNICIPIO, NIT_M, NOMBRE, IDDEPARTAMENTO, IDCONCESIONARIO, CORREO, INDRETROACTIVIDAD, IDBANCO, TIPOCUENTA, CUENTA, NIT_CTA, INDLIQ_S_EXT, INDLIQ_S_LOCAL, INDLIQ_P_EXT, INDLIQ_P_LOCAL, INDACUERDOPAGO_2002)
values ('68077000', '8001149385', 'BARBOSA SANTANDER', '68', '01', 'alcaldia@barbosasantander-santander.gov.co', 0, '13', 'AHO', '334089844', '8001149385', 1, 1, 1, 1, 0);
insert into MUNICIPIO (IDMUNICIPIO, NIT_M, NOMBRE, IDDEPARTAMENTO, IDCONCESIONARIO, CORREO, INDRETROACTIVIDAD, IDBANCO, TIPOCUENTA, CUENTA, NIT_CTA, INDLIQ_S_EXT, INDLIQ_S_LOCAL, INDLIQ_P_EXT, INDLIQ_P_LOCAL, INDACUERDOPAGO_2002)
values ('68081000', '8902709483', 'BARRANCABERMEJA', '68', '01', 'alcaldia@barrancabermeja-santander.gov.co', 0, '13', 'AHO', '084139351', '8902709483', 1, 1, 1, 1, 0);
insert into MUNICIPIO (IDMUNICIPIO, NIT_M, NOMBRE, IDDEPARTAMENTO, IDCONCESIONARIO, CORREO, INDRETROACTIVIDAD, IDBANCO, TIPOCUENTA, CUENTA, NIT_CTA, INDLIQ_S_EXT, INDLIQ_S_LOCAL, INDLIQ_P_EXT, INDLIQ_P_LOCAL, INDACUERDOPAGO_2002)
values ('68167000', '8040159930', 'CHARALA', '68', '01', 'alcaldia@charala-santander.gov.co', 0, '50', 'AHO', '406095695', '8040159930', 1, 1, 1, 1, 0);
insert into MUNICIPIO (IDMUNICIPIO, NIT_M, NOMBRE, IDDEPARTAMENTO, IDCONCESIONARIO, CORREO, INDRETROACTIVIDAD, IDBANCO, TIPOCUENTA, CUENTA, NIT_CTA, INDLIQ_S_EXT, INDLIQ_S_LOCAL, INDLIQ_P_EXT, INDLIQ_P_LOCAL, INDACUERDOPAGO_2002)
values ('68190000', '8902083632', 'CIMITARRA', '68', '01', 'alcaldia@cimitarra-santander.gov.co', 0, '40', 'CTE', '360260000532', '8902083632', 1, 1, 1, 1, 0);
insert into MUNICIPIO (IDMUNICIPIO, NIT_M, NOMBRE, IDDEPARTAMENTO, IDCONCESIONARIO, CORREO, INDRETROACTIVIDAD, IDBANCO, TIPOCUENTA, CUENTA, NIT_CTA, INDLIQ_S_EXT, INDLIQ_S_LOCAL, INDLIQ_P_EXT, INDLIQ_P_LOCAL, INDACUERDOPAGO_2002)
values ('68229000', '8000994895', 'CURITI', '68', '01', 'alcaldia@curiti-santander.gov.co', 0, '40', 'CTE', '060300002726', '8000994895', 1, 1, 1, 1, 0);
insert into MUNICIPIO (IDMUNICIPIO, NIT_M, NOMBRE, IDDEPARTAMENTO, IDCONCESIONARIO, CORREO, INDRETROACTIVIDAD, IDBANCO, TIPOCUENTA, CUENTA, NIT_CTA, INDLIQ_S_EXT, INDLIQ_S_LOCAL, INDLIQ_P_EXT, INDLIQ_P_LOCAL, INDACUERDOPAGO_2002)
values ('41001000', '8911800091', 'NEIVA', '41', '04', 'alcaldia@neiva-huila.gov.co', 0, '23', 'CTE', '380078006', '8911800091', 1, 1, 1, 1, 0);
insert into MUNICIPIO (IDMUNICIPIO, NIT_M, NOMBRE, IDDEPARTAMENTO, IDCONCESIONARIO, CORREO, INDRETROACTIVIDAD, IDBANCO, TIPOCUENTA, CUENTA, NIT_CTA, INDLIQ_S_EXT, INDLIQ_S_LOCAL, INDLIQ_P_EXT, INDLIQ_P_LOCAL, INDACUERDOPAGO_2002)
values ('27361000', '8916800103', 'ITSMINA', '27', '01', 'itsmina@hotmail.com', 0, '01', 'CTE', '578338162', '8916800103', 1, 1, 1, 1, 0);
insert into MUNICIPIO (IDMUNICIPIO, NIT_M, NOMBRE, IDDEPARTAMENTO, IDCONCESIONARIO, CORREO, INDRETROACTIVIDAD, IDBANCO, TIPOCUENTA, CUENTA, NIT_CTA, INDLIQ_S_EXT, INDLIQ_S_LOCAL, INDLIQ_P_EXT, INDLIQ_P_LOCAL, INDACUERDOPAGO_2002)
values ('76100000', '8919009451', 'BOLIVAR VALLE', '76', '02', 'alcaldia@bolivar-valle.org.co', 0, '52', 'AHO', '999999999', '8000826650', 1, 1, 1, 1, 0);
insert into MUNICIPIO (IDMUNICIPIO, NIT_M, NOMBRE, IDDEPARTAMENTO, IDCONCESIONARIO, CORREO, INDRETROACTIVIDAD, IDBANCO, TIPOCUENTA, CUENTA, NIT_CTA, INDLIQ_S_EXT, INDLIQ_S_LOCAL, INDLIQ_P_EXT, INDLIQ_P_LOCAL, INDACUERDOPAGO_2002)
values ('05091000', '8909808023', 'BETANIA', '05', '01', 'alcaldia@betania-antioquia.gov.co', 0, '40', 'CTE', '013410010048', '8909808023', 1, 1, 1, 1, 0);
insert into MUNICIPIO (IDMUNICIPIO, NIT_M, NOMBRE, IDDEPARTAMENTO, IDCONCESIONARIO, CORREO, INDRETROACTIVIDAD, IDBANCO, TIPOCUENTA, CUENTA, NIT_CTA, INDLIQ_S_EXT, INDLIQ_S_LOCAL, INDLIQ_P_EXT, INDLIQ_P_LOCAL, INDACUERDOPAGO_2002)
values ('05209000', '8909822618', 'CONCORDIA', '05', '01', 'alcaldia@concordia-antioquia.gov.co', 0, '50', 'CTE', '101008464', '8909822618', 1, 1, 1, 1, 0);
insert into MUNICIPIO (IDMUNICIPIO, NIT_M, NOMBRE, IDDEPARTAMENTO, IDCONCESIONARIO, CORREO, INDRETROACTIVIDAD, IDBANCO, TIPOCUENTA, CUENTA, NIT_CTA, INDLIQ_S_EXT, INDLIQ_S_LOCAL, INDLIQ_P_EXT, INDLIQ_P_LOCAL, INDACUERDOPAGO_2002)
values ('08141000', '8000944663', 'CANDELARIA ATLANTICO', '08', '04', 'alcaldia@candelaria-atlantico.gov.co', 0, '40', 'AHO', '016540027890', '8000944663', 1, 1, 1, 1, 0);
insert into MUNICIPIO (IDMUNICIPIO, NIT_M, NOMBRE, IDDEPARTAMENTO, IDCONCESIONARIO, CORREO, INDRETROACTIVIDAD, IDBANCO, TIPOCUENTA, CUENTA, NIT_CTA, INDLIQ_S_EXT, INDLIQ_S_LOCAL, INDLIQ_P_EXT, INDLIQ_P_LOCAL, INDACUERDOPAGO_2002)
values ('13248000', '8904812958', 'GUAMO BOLIVAR', '13', '04', 'alcaldia@guamo-bolivar.gov.co', 0, '01', 'CTE', '182054205', '8904812958', 1, 1, 1, 1, 0);
insert into MUNICIPIO (IDMUNICIPIO, NIT_M, NOMBRE, IDDEPARTAMENTO, IDCONCESIONARIO, CORREO, INDRETROACTIVIDAD, IDBANCO, TIPOCUENTA, CUENTA, NIT_CTA, INDLIQ_S_EXT, INDLIQ_S_LOCAL, INDLIQ_P_EXT, INDLIQ_P_LOCAL, INDACUERDOPAGO_2002)
values ('17442000', '8908011456', 'MARMATO', '17', '02', 'alcaldia@marmato-caldas.gov.co', 0, '40', 'CTE', '018320003942', '8908011456', 1, 1, 1, 1, 0);
insert into MUNICIPIO (IDMUNICIPIO, NIT_M, NOMBRE, IDDEPARTAMENTO, IDCONCESIONARIO, CORREO, INDRETROACTIVIDAD, IDBANCO, TIPOCUENTA, CUENTA, NIT_CTA, INDLIQ_S_EXT, INDLIQ_S_LOCAL, INDLIQ_P_EXT, INDLIQ_P_LOCAL, INDACUERDOPAGO_2002)
values ('15469000', '8000996623', 'MONIQUIRA', '15', '03', 'alcaldia@moniquira-boyaca.gov.co', 0, '01', 'AHO', '616387189', '8918010698', 1, 1, 1, 1, 0);
insert into MUNICIPIO (IDMUNICIPIO, NIT_M, NOMBRE, IDDEPARTAMENTO, IDCONCESIONARIO, CORREO, INDRETROACTIVIDAD, IDBANCO, TIPOCUENTA, CUENTA, NIT_CTA, INDLIQ_S_EXT, INDLIQ_S_LOCAL, INDLIQ_P_EXT, INDLIQ_P_LOCAL, INDACUERDOPAGO_2002)
values ('66440000', '8000993177', 'Marsella', '66', '02', 'alcaldia@marsella-risaralda.gov.co', 0, '52', 'AHO', '999999999', '8000826650', 1, 1, 1, 1, 0);
insert into MUNICIPIO (IDMUNICIPIO, NIT_M, NOMBRE, IDDEPARTAMENTO, IDCONCESIONARIO, CORREO, INDRETROACTIVIDAD, IDBANCO, TIPOCUENTA, CUENTA, NIT_CTA, INDLIQ_S_EXT, INDLIQ_S_LOCAL, INDLIQ_P_EXT, INDLIQ_P_LOCAL, INDACUERDOPAGO_2002)
values ('19212000', '8915012830', 'Corinto', '19', '02', 'alcaldia@corinto-cauca.gov.co', 0, '40', 'CTE', '021140011335', '8915012830', 1, 1, 1, 1, 0);
insert into MUNICIPIO (IDMUNICIPIO, NIT_M, NOMBRE, IDDEPARTAMENTO, IDCONCESIONARIO, CORREO, INDRETROACTIVIDAD, IDBANCO, TIPOCUENTA, CUENTA, NIT_CTA, INDLIQ_S_EXT, INDLIQ_S_LOCAL, INDLIQ_P_EXT, INDLIQ_P_LOCAL, INDACUERDOPAGO_2002)
values ('66318000', '8914800255', 'GUATICA', '66', '02', 'alcaldia@guatica-cauca.gov.co', 0, '52', 'AHO', '999999999', '8000826650', 1, 1, 1, 1, 0);
insert into MUNICIPIO (IDMUNICIPIO, NIT_M, NOMBRE, IDDEPARTAMENTO, IDCONCESIONARIO, CORREO, INDRETROACTIVIDAD, IDBANCO, TIPOCUENTA, CUENTA, NIT_CTA, INDLIQ_S_EXT, INDLIQ_S_LOCAL, INDLIQ_P_EXT, INDLIQ_P_LOCAL, INDACUERDOPAGO_2002)
values ('08001001', '8901020181', 'BARRANQUILLA METROTRANSITO', '08', '04', 'metrotransito@barranquilla-atlantico.org.co', 1, '51', 'AHO', '026600162924', '8305092691', 1, 1, 1, 1, 0);
insert into MUNICIPIO (IDMUNICIPIO, NIT_M, NOMBRE, IDDEPARTAMENTO, IDCONCESIONARIO, CORREO, INDRETROACTIVIDAD, IDBANCO, TIPOCUENTA, CUENTA, NIT_CTA, INDLIQ_S_EXT, INDLIQ_S_LOCAL, INDLIQ_P_EXT, INDLIQ_P_LOCAL, INDACUERDOPAGO_2002)
values ('25286000', '8999994335', 'FUNZA', '25', '03', 'alcaldia@funza-cundinamarca.gov.co', 0, '01', 'CTE', '011061512', '9002780198', 1, 1, 1, 1, 0);
insert into MUNICIPIO (IDMUNICIPIO, NIT_M, NOMBRE, IDDEPARTAMENTO, IDCONCESIONARIO, CORREO, INDRETROACTIVIDAD, IDBANCO, TIPOCUENTA, CUENTA, NIT_CTA, INDLIQ_S_EXT, INDLIQ_S_LOCAL, INDLIQ_P_EXT, INDLIQ_P_LOCAL, INDACUERDOPAGO_2002)
values ('95001000', '8001031802', 'SAN JOSE DEL GUAVIARE', '95', '06', 'alcaldia@sanjosedelguaviare-guaviare.gov.co', 0, '02', 'AHO', '220054210497', '8001031802', 1, 1, 1, 1, 0);
insert into MUNICIPIO (IDMUNICIPIO, NIT_M, NOMBRE, IDDEPARTAMENTO, IDCONCESIONARIO, CORREO, INDRETROACTIVIDAD, IDBANCO, TIPOCUENTA, CUENTA, NIT_CTA, INDLIQ_S_EXT, INDLIQ_S_LOCAL, INDLIQ_P_EXT, INDLIQ_P_LOCAL, INDACUERDOPAGO_2002)
values ('15131000', '8918017964', 'CALDAS BOYACA', '15', '03', 'alcaldia@caldas-boyaca.org.co', 0, '52', 'AHO', '999999999', '8000826650', 1, 1, 1, 1, 0);
insert into MUNICIPIO (IDMUNICIPIO, NIT_M, NOMBRE, IDDEPARTAMENTO, IDCONCESIONARIO, CORREO, INDRETROACTIVIDAD, IDBANCO, TIPOCUENTA, CUENTA, NIT_CTA, INDLIQ_S_EXT, INDLIQ_S_LOCAL, INDLIQ_P_EXT, INDLIQ_P_LOCAL, INDACUERDOPAGO_2002)
values ('05038000', '8909821412', 'ANGOSTURA', '05', '01', 'alcaldia@angostura.com.co', 0, '40', 'CTE', '013140000178', '8909821412', 1, 1, 1, 1, 0);
commit;
prompt 338 records loaded
prompt Loading DIAS_DISPERSION...
insert into DIAS_DISPERSION (IDMUNICIPIO, IDBANCO, DIAS_DISPERSION_SL, FREC_DISPERSION_SL, DIAS_DISPERSION_PL, FREC_DISPERSION_PL, DIAS_DISPERSION_SE, FREC_DISPERSION_SE, DIAS_DISPERSION_PE, FREC_DISPERSION_PE)
values ('76122000', '52', 0, 2, 0, 2, 20, 0, 5, 0);
insert into DIAS_DISPERSION (IDMUNICIPIO, IDBANCO, DIAS_DISPERSION_SL, FREC_DISPERSION_SL, DIAS_DISPERSION_PL, FREC_DISPERSION_PL, DIAS_DISPERSION_SE, FREC_DISPERSION_SE, DIAS_DISPERSION_PE, FREC_DISPERSION_PE)
values ('76130000', '52', 0, 2, 0, 2, 20, 0, 5, 0);
insert into DIAS_DISPERSION (IDMUNICIPIO, IDBANCO, DIAS_DISPERSION_SL, FREC_DISPERSION_SL, DIAS_DISPERSION_PL, FREC_DISPERSION_PL, DIAS_DISPERSION_SE, FREC_DISPERSION_SE, DIAS_DISPERSION_PE, FREC_DISPERSION_PE)
values ('76147000', '52', 0, 2, 0, 2, 20, 0, 5, 0);
insert into DIAS_DISPERSION (IDMUNICIPIO, IDBANCO, DIAS_DISPERSION_SL, FREC_DISPERSION_SL, DIAS_DISPERSION_PL, FREC_DISPERSION_PL, DIAS_DISPERSION_SE, FREC_DISPERSION_SE, DIAS_DISPERSION_PE, FREC_DISPERSION_PE)
values ('76223000', '52', 0, 2, 0, 2, 20, 0, 5, 0);
insert into DIAS_DISPERSION (IDMUNICIPIO, IDBANCO, DIAS_DISPERSION_SL, FREC_DISPERSION_SL, DIAS_DISPERSION_PL, FREC_DISPERSION_PL, DIAS_DISPERSION_SE, FREC_DISPERSION_SE, DIAS_DISPERSION_PE, FREC_DISPERSION_PE)
values ('76248000', '52', 0, 2, 0, 2, 20, 0, 5, 0);
insert into DIAS_DISPERSION (IDMUNICIPIO, IDBANCO, DIAS_DISPERSION_SL, FREC_DISPERSION_SL, DIAS_DISPERSION_PL, FREC_DISPERSION_PL, DIAS_DISPERSION_SE, FREC_DISPERSION_SE, DIAS_DISPERSION_PE, FREC_DISPERSION_PE)
values ('76275000', '52', 0, 2, 0, 2, 20, 0, 5, 0);
insert into DIAS_DISPERSION (IDMUNICIPIO, IDBANCO, DIAS_DISPERSION_SL, FREC_DISPERSION_SL, DIAS_DISPERSION_PL, FREC_DISPERSION_PL, DIAS_DISPERSION_SE, FREC_DISPERSION_SE, DIAS_DISPERSION_PE, FREC_DISPERSION_PE)
values ('76306000', '52', 0, 2, 0, 2, 20, 0, 5, 0);
insert into DIAS_DISPERSION (IDMUNICIPIO, IDBANCO, DIAS_DISPERSION_SL, FREC_DISPERSION_SL, DIAS_DISPERSION_PL, FREC_DISPERSION_PL, DIAS_DISPERSION_SE, FREC_DISPERSION_SE, DIAS_DISPERSION_PE, FREC_DISPERSION_PE)
values ('76318000', '52', 0, 2, 0, 2, 20, 0, 5, 0);
insert into DIAS_DISPERSION (IDMUNICIPIO, IDBANCO, DIAS_DISPERSION_SL, FREC_DISPERSION_SL, DIAS_DISPERSION_PL, FREC_DISPERSION_PL, DIAS_DISPERSION_SE, FREC_DISPERSION_SE, DIAS_DISPERSION_PE, FREC_DISPERSION_PE)
values ('76364000', '52', 0, 2, 0, 2, 20, 0, 5, 0);
insert into DIAS_DISPERSION (IDMUNICIPIO, IDBANCO, DIAS_DISPERSION_SL, FREC_DISPERSION_SL, DIAS_DISPERSION_PL, FREC_DISPERSION_PL, DIAS_DISPERSION_SE, FREC_DISPERSION_SE, DIAS_DISPERSION_PE, FREC_DISPERSION_PE)
values ('76377000', '52', 0, 2, 0, 2, 20, 0, 5, 0);
insert into DIAS_DISPERSION (IDMUNICIPIO, IDBANCO, DIAS_DISPERSION_SL, FREC_DISPERSION_SL, DIAS_DISPERSION_PL, FREC_DISPERSION_PL, DIAS_DISPERSION_SE, FREC_DISPERSION_SE, DIAS_DISPERSION_PE, FREC_DISPERSION_PE)
values ('76400000', '52', 0, 2, 0, 2, 20, 0, 5, 0);
insert into DIAS_DISPERSION (IDMUNICIPIO, IDBANCO, DIAS_DISPERSION_SL, FREC_DISPERSION_SL, DIAS_DISPERSION_PL, FREC_DISPERSION_PL, DIAS_DISPERSION_SE, FREC_DISPERSION_SE, DIAS_DISPERSION_PE, FREC_DISPERSION_PE)
values ('76520000', '52', 0, 2, 0, 2, 20, 0, 5, 0);
insert into DIAS_DISPERSION (IDMUNICIPIO, IDBANCO, DIAS_DISPERSION_SL, FREC_DISPERSION_SL, DIAS_DISPERSION_PL, FREC_DISPERSION_PL, DIAS_DISPERSION_SE, FREC_DISPERSION_SE, DIAS_DISPERSION_PE, FREC_DISPERSION_PE)
values ('76563000', '52', 0, 2, 0, 2, 20, 0, 5, 0);
insert into DIAS_DISPERSION (IDMUNICIPIO, IDBANCO, DIAS_DISPERSION_SL, FREC_DISPERSION_SL, DIAS_DISPERSION_PL, FREC_DISPERSION_PL, DIAS_DISPERSION_SE, FREC_DISPERSION_SE, DIAS_DISPERSION_PE, FREC_DISPERSION_PE)
values ('76616000', '52', 0, 2, 0, 2, 20, 0, 5, 0);
insert into DIAS_DISPERSION (IDMUNICIPIO, IDBANCO, DIAS_DISPERSION_SL, FREC_DISPERSION_SL, DIAS_DISPERSION_PL, FREC_DISPERSION_PL, DIAS_DISPERSION_SE, FREC_DISPERSION_SE, DIAS_DISPERSION_PE, FREC_DISPERSION_PE)
values ('76622000', '52', 0, 2, 0, 2, 20, 0, 5, 0);
insert into DIAS_DISPERSION (IDMUNICIPIO, IDBANCO, DIAS_DISPERSION_SL, FREC_DISPERSION_SL, DIAS_DISPERSION_PL, FREC_DISPERSION_PL, DIAS_DISPERSION_SE, FREC_DISPERSION_SE, DIAS_DISPERSION_PE, FREC_DISPERSION_PE)
values ('76670000', '52', 0, 2, 0, 2, 20, 0, 5, 0);
insert into DIAS_DISPERSION (IDMUNICIPIO, IDBANCO, DIAS_DISPERSION_SL, FREC_DISPERSION_SL, DIAS_DISPERSION_PL, FREC_DISPERSION_PL, DIAS_DISPERSION_SE, FREC_DISPERSION_SE, DIAS_DISPERSION_PE, FREC_DISPERSION_PE)
values ('76736000', '52', 0, 2, 0, 2, 20, 0, 5, 0);
insert into DIAS_DISPERSION (IDMUNICIPIO, IDBANCO, DIAS_DISPERSION_SL, FREC_DISPERSION_SL, DIAS_DISPERSION_PL, FREC_DISPERSION_PL, DIAS_DISPERSION_SE, FREC_DISPERSION_SE, DIAS_DISPERSION_PE, FREC_DISPERSION_PE)
values ('76823000', '52', 0, 2, 0, 2, 20, 0, 5, 0);
insert into DIAS_DISPERSION (IDMUNICIPIO, IDBANCO, DIAS_DISPERSION_SL, FREC_DISPERSION_SL, DIAS_DISPERSION_PL, FREC_DISPERSION_PL, DIAS_DISPERSION_SE, FREC_DISPERSION_SE, DIAS_DISPERSION_PE, FREC_DISPERSION_PE)
values ('76834000', '52', 0, 2, 0, 2, 20, 0, 5, 0);
insert into DIAS_DISPERSION (IDMUNICIPIO, IDBANCO, DIAS_DISPERSION_SL, FREC_DISPERSION_SL, DIAS_DISPERSION_PL, FREC_DISPERSION_PL, DIAS_DISPERSION_SE, FREC_DISPERSION_SE, DIAS_DISPERSION_PE, FREC_DISPERSION_PE)
values ('76869000', '52', 0, 2, 0, 2, 20, 0, 5, 0);
insert into DIAS_DISPERSION (IDMUNICIPIO, IDBANCO, DIAS_DISPERSION_SL, FREC_DISPERSION_SL, DIAS_DISPERSION_PL, FREC_DISPERSION_PL, DIAS_DISPERSION_SE, FREC_DISPERSION_SE, DIAS_DISPERSION_PE, FREC_DISPERSION_PE)
values ('76890000', '52', 0, 2, 0, 2, 20, 0, 5, 0);
insert into DIAS_DISPERSION (IDMUNICIPIO, IDBANCO, DIAS_DISPERSION_SL, FREC_DISPERSION_SL, DIAS_DISPERSION_PL, FREC_DISPERSION_PL, DIAS_DISPERSION_SE, FREC_DISPERSION_SE, DIAS_DISPERSION_PE, FREC_DISPERSION_PE)
values ('76892000', '52', 0, 2, 0, 2, 20, 0, 5, 0);
insert into DIAS_DISPERSION (IDMUNICIPIO, IDBANCO, DIAS_DISPERSION_SL, FREC_DISPERSION_SL, DIAS_DISPERSION_PL, FREC_DISPERSION_PL, DIAS_DISPERSION_SE, FREC_DISPERSION_SE, DIAS_DISPERSION_PE, FREC_DISPERSION_PE)
values ('76895000', '52', 0, 2, 0, 2, 20, 0, 5, 0);
insert into DIAS_DISPERSION (IDMUNICIPIO, IDBANCO, DIAS_DISPERSION_SL, FREC_DISPERSION_SL, DIAS_DISPERSION_PL, FREC_DISPERSION_PL, DIAS_DISPERSION_SE, FREC_DISPERSION_SE, DIAS_DISPERSION_PE, FREC_DISPERSION_PE)
values ('81001000', '52', 0, 2, 0, 2, 20, 0, 5, 0);
insert into DIAS_DISPERSION (IDMUNICIPIO, IDBANCO, DIAS_DISPERSION_SL, FREC_DISPERSION_SL, DIAS_DISPERSION_PL, FREC_DISPERSION_PL, DIAS_DISPERSION_SE, FREC_DISPERSION_SE, DIAS_DISPERSION_PE, FREC_DISPERSION_PE)
values ('81736000', '52', 0, 2, 0, 2, 20, 0, 5, 0);
insert into DIAS_DISPERSION (IDMUNICIPIO, IDBANCO, DIAS_DISPERSION_SL, FREC_DISPERSION_SL, DIAS_DISPERSION_PL, FREC_DISPERSION_PL, DIAS_DISPERSION_SE, FREC_DISPERSION_SE, DIAS_DISPERSION_PE, FREC_DISPERSION_PE)
values ('85001000', '52', 0, 2, 0, 2, 20, 0, 5, 0);
insert into DIAS_DISPERSION (IDMUNICIPIO, IDBANCO, DIAS_DISPERSION_SL, FREC_DISPERSION_SL, DIAS_DISPERSION_PL, FREC_DISPERSION_PL, DIAS_DISPERSION_SE, FREC_DISPERSION_SE, DIAS_DISPERSION_PE, FREC_DISPERSION_PE)
values ('85010000', '52', 0, 2, 0, 2, 20, 0, 5, 0);
insert into DIAS_DISPERSION (IDMUNICIPIO, IDBANCO, DIAS_DISPERSION_SL, FREC_DISPERSION_SL, DIAS_DISPERSION_PL, FREC_DISPERSION_PL, DIAS_DISPERSION_SE, FREC_DISPERSION_SE, DIAS_DISPERSION_PE, FREC_DISPERSION_PE)
values ('86001000', '52', 0, 2, 0, 2, 20, 0, 5, 0);
insert into DIAS_DISPERSION (IDMUNICIPIO, IDBANCO, DIAS_DISPERSION_SL, FREC_DISPERSION_SL, DIAS_DISPERSION_PL, FREC_DISPERSION_PL, DIAS_DISPERSION_SE, FREC_DISPERSION_SE, DIAS_DISPERSION_PE, FREC_DISPERSION_PE)
values ('86320000', '52', 0, 2, 0, 2, 20, 0, 5, 0);
insert into DIAS_DISPERSION (IDMUNICIPIO, IDBANCO, DIAS_DISPERSION_SL, FREC_DISPERSION_SL, DIAS_DISPERSION_PL, FREC_DISPERSION_PL, DIAS_DISPERSION_SE, FREC_DISPERSION_SE, DIAS_DISPERSION_PE, FREC_DISPERSION_PE)
values ('86568000', '52', 0, 2, 0, 2, 20, 0, 5, 0);
insert into DIAS_DISPERSION (IDMUNICIPIO, IDBANCO, DIAS_DISPERSION_SL, FREC_DISPERSION_SL, DIAS_DISPERSION_PL, FREC_DISPERSION_PL, DIAS_DISPERSION_SE, FREC_DISPERSION_SE, DIAS_DISPERSION_PE, FREC_DISPERSION_PE)
values ('86749000', '52', 0, 2, 0, 2, 20, 0, 5, 0);
insert into DIAS_DISPERSION (IDMUNICIPIO, IDBANCO, DIAS_DISPERSION_SL, FREC_DISPERSION_SL, DIAS_DISPERSION_PL, FREC_DISPERSION_PL, DIAS_DISPERSION_SE, FREC_DISPERSION_SE, DIAS_DISPERSION_PE, FREC_DISPERSION_PE)
values ('86865000', '52', 0, 2, 0, 2, 20, 0, 5, 0);
insert into DIAS_DISPERSION (IDMUNICIPIO, IDBANCO, DIAS_DISPERSION_SL, FREC_DISPERSION_SL, DIAS_DISPERSION_PL, FREC_DISPERSION_PL, DIAS_DISPERSION_SE, FREC_DISPERSION_SE, DIAS_DISPERSION_PE, FREC_DISPERSION_PE)
values ('88001000', '52', 0, 2, 0, 2, 20, 0, 5, 0);
insert into DIAS_DISPERSION (IDMUNICIPIO, IDBANCO, DIAS_DISPERSION_SL, FREC_DISPERSION_SL, DIAS_DISPERSION_PL, FREC_DISPERSION_PL, DIAS_DISPERSION_SE, FREC_DISPERSION_SE, DIAS_DISPERSION_PE, FREC_DISPERSION_PE)
values ('91001000', '52', 0, 2, 0, 2, 20, 0, 5, 0);
insert into DIAS_DISPERSION (IDMUNICIPIO, IDBANCO, DIAS_DISPERSION_SL, FREC_DISPERSION_SL, DIAS_DISPERSION_PL, FREC_DISPERSION_PL, DIAS_DISPERSION_SE, FREC_DISPERSION_SE, DIAS_DISPERSION_PE, FREC_DISPERSION_PE)
values ('94001000', '52', 0, 2, 0, 2, 20, 0, 5, 0);
insert into DIAS_DISPERSION (IDMUNICIPIO, IDBANCO, DIAS_DISPERSION_SL, FREC_DISPERSION_SL, DIAS_DISPERSION_PL, FREC_DISPERSION_PL, DIAS_DISPERSION_SE, FREC_DISPERSION_SE, DIAS_DISPERSION_PE, FREC_DISPERSION_PE)
values ('99001000', '52', 0, 2, 0, 2, 20, 0, 5, 0);
insert into DIAS_DISPERSION (IDMUNICIPIO, IDBANCO, DIAS_DISPERSION_SL, FREC_DISPERSION_SL, DIAS_DISPERSION_PL, FREC_DISPERSION_PL, DIAS_DISPERSION_SE, FREC_DISPERSION_SE, DIAS_DISPERSION_PE, FREC_DISPERSION_PE)
values ('05001000', '52', 0, 2, 0, 2, 20, 0, 5, 0);
insert into DIAS_DISPERSION (IDMUNICIPIO, IDBANCO, DIAS_DISPERSION_SL, FREC_DISPERSION_SL, DIAS_DISPERSION_PL, FREC_DISPERSION_PL, DIAS_DISPERSION_SE, FREC_DISPERSION_SE, DIAS_DISPERSION_PE, FREC_DISPERSION_PE)
values ('05030000', '52', 0, 2, 0, 2, 20, 0, 5, 0);
insert into DIAS_DISPERSION (IDMUNICIPIO, IDBANCO, DIAS_DISPERSION_SL, FREC_DISPERSION_SL, DIAS_DISPERSION_PL, FREC_DISPERSION_PL, DIAS_DISPERSION_SE, FREC_DISPERSION_SE, DIAS_DISPERSION_PE, FREC_DISPERSION_PE)
values ('05031000', '52', 0, 2, 0, 2, 20, 0, 5, 0);
insert into DIAS_DISPERSION (IDMUNICIPIO, IDBANCO, DIAS_DISPERSION_SL, FREC_DISPERSION_SL, DIAS_DISPERSION_PL, FREC_DISPERSION_PL, DIAS_DISPERSION_SE, FREC_DISPERSION_SE, DIAS_DISPERSION_PE, FREC_DISPERSION_PE)
values ('05034000', '52', 0, 2, 0, 2, 20, 0, 5, 0);
insert into DIAS_DISPERSION (IDMUNICIPIO, IDBANCO, DIAS_DISPERSION_SL, FREC_DISPERSION_SL, DIAS_DISPERSION_PL, FREC_DISPERSION_PL, DIAS_DISPERSION_SE, FREC_DISPERSION_SE, DIAS_DISPERSION_PE, FREC_DISPERSION_PE)
values ('05042000', '52', 0, 2, 0, 2, 20, 0, 5, 0);
insert into DIAS_DISPERSION (IDMUNICIPIO, IDBANCO, DIAS_DISPERSION_SL, FREC_DISPERSION_SL, DIAS_DISPERSION_PL, FREC_DISPERSION_PL, DIAS_DISPERSION_SE, FREC_DISPERSION_SE, DIAS_DISPERSION_PE, FREC_DISPERSION_PE)
values ('05045000', '52', 0, 2, 0, 2, 20, 0, 5, 0);
insert into DIAS_DISPERSION (IDMUNICIPIO, IDBANCO, DIAS_DISPERSION_SL, FREC_DISPERSION_SL, DIAS_DISPERSION_PL, FREC_DISPERSION_PL, DIAS_DISPERSION_SE, FREC_DISPERSION_SE, DIAS_DISPERSION_PE, FREC_DISPERSION_PE)
values ('05051000', '52', 0, 2, 0, 2, 20, 0, 5, 0);
insert into DIAS_DISPERSION (IDMUNICIPIO, IDBANCO, DIAS_DISPERSION_SL, FREC_DISPERSION_SL, DIAS_DISPERSION_PL, FREC_DISPERSION_PL, DIAS_DISPERSION_SE, FREC_DISPERSION_SE, DIAS_DISPERSION_PE, FREC_DISPERSION_PE)
values ('05079000', '52', 0, 2, 0, 2, 20, 0, 5, 0);
insert into DIAS_DISPERSION (IDMUNICIPIO, IDBANCO, DIAS_DISPERSION_SL, FREC_DISPERSION_SL, DIAS_DISPERSION_PL, FREC_DISPERSION_PL, DIAS_DISPERSION_SE, FREC_DISPERSION_SE, DIAS_DISPERSION_PE, FREC_DISPERSION_PE)
values ('05088000', '52', 0, 2, 0, 2, 20, 0, 5, 0);
insert into DIAS_DISPERSION (IDMUNICIPIO, IDBANCO, DIAS_DISPERSION_SL, FREC_DISPERSION_SL, DIAS_DISPERSION_PL, FREC_DISPERSION_PL, DIAS_DISPERSION_SE, FREC_DISPERSION_SE, DIAS_DISPERSION_PE, FREC_DISPERSION_PE)
values ('05101000', '52', 0, 2, 0, 2, 20, 0, 5, 0);
insert into DIAS_DISPERSION (IDMUNICIPIO, IDBANCO, DIAS_DISPERSION_SL, FREC_DISPERSION_SL, DIAS_DISPERSION_PL, FREC_DISPERSION_PL, DIAS_DISPERSION_SE, FREC_DISPERSION_SE, DIAS_DISPERSION_PE, FREC_DISPERSION_PE)
values ('05120000', '52', 0, 2, 0, 2, 20, 0, 5, 0);
insert into DIAS_DISPERSION (IDMUNICIPIO, IDBANCO, DIAS_DISPERSION_SL, FREC_DISPERSION_SL, DIAS_DISPERSION_PL, FREC_DISPERSION_PL, DIAS_DISPERSION_SE, FREC_DISPERSION_SE, DIAS_DISPERSION_PE, FREC_DISPERSION_PE)
values ('05129000', '52', 0, 2, 0, 2, 20, 0, 5, 0);
insert into DIAS_DISPERSION (IDMUNICIPIO, IDBANCO, DIAS_DISPERSION_SL, FREC_DISPERSION_SL, DIAS_DISPERSION_PL, FREC_DISPERSION_PL, DIAS_DISPERSION_SE, FREC_DISPERSION_SE, DIAS_DISPERSION_PE, FREC_DISPERSION_PE)
values ('05138000', '52', 0, 2, 0, 2, 20, 0, 5, 0);
insert into DIAS_DISPERSION (IDMUNICIPIO, IDBANCO, DIAS_DISPERSION_SL, FREC_DISPERSION_SL, DIAS_DISPERSION_PL, FREC_DISPERSION_PL, DIAS_DISPERSION_SE, FREC_DISPERSION_SE, DIAS_DISPERSION_PE, FREC_DISPERSION_PE)
values ('05147000', '52', 0, 2, 0, 2, 20, 0, 5, 0);
insert into DIAS_DISPERSION (IDMUNICIPIO, IDBANCO, DIAS_DISPERSION_SL, FREC_DISPERSION_SL, DIAS_DISPERSION_PL, FREC_DISPERSION_PL, DIAS_DISPERSION_SE, FREC_DISPERSION_SE, DIAS_DISPERSION_PE, FREC_DISPERSION_PE)
values ('05148000', '52', 0, 2, 0, 2, 20, 0, 5, 0);
insert into DIAS_DISPERSION (IDMUNICIPIO, IDBANCO, DIAS_DISPERSION_SL, FREC_DISPERSION_SL, DIAS_DISPERSION_PL, FREC_DISPERSION_PL, DIAS_DISPERSION_SE, FREC_DISPERSION_SE, DIAS_DISPERSION_PE, FREC_DISPERSION_PE)
values ('05154000', '52', 0, 2, 0, 2, 20, 0, 5, 0);
insert into DIAS_DISPERSION (IDMUNICIPIO, IDBANCO, DIAS_DISPERSION_SL, FREC_DISPERSION_SL, DIAS_DISPERSION_PL, FREC_DISPERSION_PL, DIAS_DISPERSION_SE, FREC_DISPERSION_SE, DIAS_DISPERSION_PE, FREC_DISPERSION_PE)
values ('05172000', '52', 0, 2, 0, 2, 20, 0, 5, 0);
insert into DIAS_DISPERSION (IDMUNICIPIO, IDBANCO, DIAS_DISPERSION_SL, FREC_DISPERSION_SL, DIAS_DISPERSION_PL, FREC_DISPERSION_PL, DIAS_DISPERSION_SE, FREC_DISPERSION_SE, DIAS_DISPERSION_PE, FREC_DISPERSION_PE)
values ('05190000', '52', 0, 2, 0, 2, 20, 0, 5, 0);
insert into DIAS_DISPERSION (IDMUNICIPIO, IDBANCO, DIAS_DISPERSION_SL, FREC_DISPERSION_SL, DIAS_DISPERSION_PL, FREC_DISPERSION_PL, DIAS_DISPERSION_SE, FREC_DISPERSION_SE, DIAS_DISPERSION_PE, FREC_DISPERSION_PE)
values ('05197000', '52', 0, 2, 0, 2, 20, 0, 5, 0);
insert into DIAS_DISPERSION (IDMUNICIPIO, IDBANCO, DIAS_DISPERSION_SL, FREC_DISPERSION_SL, DIAS_DISPERSION_PL, FREC_DISPERSION_PL, DIAS_DISPERSION_SE, FREC_DISPERSION_SE, DIAS_DISPERSION_PE, FREC_DISPERSION_PE)
values ('05212000', '52', 0, 2, 0, 2, 20, 0, 5, 0);
insert into DIAS_DISPERSION (IDMUNICIPIO, IDBANCO, DIAS_DISPERSION_SL, FREC_DISPERSION_SL, DIAS_DISPERSION_PL, FREC_DISPERSION_PL, DIAS_DISPERSION_SE, FREC_DISPERSION_SE, DIAS_DISPERSION_PE, FREC_DISPERSION_PE)
values ('05237000', '52', 0, 2, 0, 2, 20, 0, 5, 0);
insert into DIAS_DISPERSION (IDMUNICIPIO, IDBANCO, DIAS_DISPERSION_SL, FREC_DISPERSION_SL, DIAS_DISPERSION_PL, FREC_DISPERSION_PL, DIAS_DISPERSION_SE, FREC_DISPERSION_SE, DIAS_DISPERSION_PE, FREC_DISPERSION_PE)
values ('05264000', '52', 0, 2, 0, 2, 20, 0, 5, 0);
insert into DIAS_DISPERSION (IDMUNICIPIO, IDBANCO, DIAS_DISPERSION_SL, FREC_DISPERSION_SL, DIAS_DISPERSION_PL, FREC_DISPERSION_PL, DIAS_DISPERSION_SE, FREC_DISPERSION_SE, DIAS_DISPERSION_PE, FREC_DISPERSION_PE)
values ('05266000', '52', 0, 2, 0, 2, 20, 0, 5, 0);
insert into DIAS_DISPERSION (IDMUNICIPIO, IDBANCO, DIAS_DISPERSION_SL, FREC_DISPERSION_SL, DIAS_DISPERSION_PL, FREC_DISPERSION_PL, DIAS_DISPERSION_SE, FREC_DISPERSION_SE, DIAS_DISPERSION_PE, FREC_DISPERSION_PE)
values ('05282000', '52', 0, 2, 0, 2, 20, 0, 5, 0);
insert into DIAS_DISPERSION (IDMUNICIPIO, IDBANCO, DIAS_DISPERSION_SL, FREC_DISPERSION_SL, DIAS_DISPERSION_PL, FREC_DISPERSION_PL, DIAS_DISPERSION_SE, FREC_DISPERSION_SE, DIAS_DISPERSION_PE, FREC_DISPERSION_PE)
values ('05284000', '52', 0, 2, 0, 2, 20, 0, 5, 0);
insert into DIAS_DISPERSION (IDMUNICIPIO, IDBANCO, DIAS_DISPERSION_SL, FREC_DISPERSION_SL, DIAS_DISPERSION_PL, FREC_DISPERSION_PL, DIAS_DISPERSION_SE, FREC_DISPERSION_SE, DIAS_DISPERSION_PE, FREC_DISPERSION_PE)
values ('05306000', '52', 0, 2, 0, 2, 20, 0, 5, 0);
insert into DIAS_DISPERSION (IDMUNICIPIO, IDBANCO, DIAS_DISPERSION_SL, FREC_DISPERSION_SL, DIAS_DISPERSION_PL, FREC_DISPERSION_PL, DIAS_DISPERSION_SE, FREC_DISPERSION_SE, DIAS_DISPERSION_PE, FREC_DISPERSION_PE)
values ('05308000', '52', 0, 2, 0, 2, 20, 0, 5, 0);
insert into DIAS_DISPERSION (IDMUNICIPIO, IDBANCO, DIAS_DISPERSION_SL, FREC_DISPERSION_SL, DIAS_DISPERSION_PL, FREC_DISPERSION_PL, DIAS_DISPERSION_SE, FREC_DISPERSION_SE, DIAS_DISPERSION_PE, FREC_DISPERSION_PE)
values ('05318000', '52', 0, 2, 0, 2, 20, 0, 5, 0);
insert into DIAS_DISPERSION (IDMUNICIPIO, IDBANCO, DIAS_DISPERSION_SL, FREC_DISPERSION_SL, DIAS_DISPERSION_PL, FREC_DISPERSION_PL, DIAS_DISPERSION_SE, FREC_DISPERSION_SE, DIAS_DISPERSION_PE, FREC_DISPERSION_PE)
values ('05321000', '52', 0, 2, 0, 2, 20, 0, 5, 0);
insert into DIAS_DISPERSION (IDMUNICIPIO, IDBANCO, DIAS_DISPERSION_SL, FREC_DISPERSION_SL, DIAS_DISPERSION_PL, FREC_DISPERSION_PL, DIAS_DISPERSION_SE, FREC_DISPERSION_SE, DIAS_DISPERSION_PE, FREC_DISPERSION_PE)
values ('05360000', '52', 0, 2, 0, 2, 20, 0, 5, 0);
insert into DIAS_DISPERSION (IDMUNICIPIO, IDBANCO, DIAS_DISPERSION_SL, FREC_DISPERSION_SL, DIAS_DISPERSION_PL, FREC_DISPERSION_PL, DIAS_DISPERSION_SE, FREC_DISPERSION_SE, DIAS_DISPERSION_PE, FREC_DISPERSION_PE)
values ('05368000', '52', 0, 2, 0, 2, 20, 0, 5, 0);
insert into DIAS_DISPERSION (IDMUNICIPIO, IDBANCO, DIAS_DISPERSION_SL, FREC_DISPERSION_SL, DIAS_DISPERSION_PL, FREC_DISPERSION_PL, DIAS_DISPERSION_SE, FREC_DISPERSION_SE, DIAS_DISPERSION_PE, FREC_DISPERSION_PE)
values ('05376000', '52', 0, 2, 0, 2, 20, 0, 5, 0);
insert into DIAS_DISPERSION (IDMUNICIPIO, IDBANCO, DIAS_DISPERSION_SL, FREC_DISPERSION_SL, DIAS_DISPERSION_PL, FREC_DISPERSION_PL, DIAS_DISPERSION_SE, FREC_DISPERSION_SE, DIAS_DISPERSION_PE, FREC_DISPERSION_PE)
values ('05390000', '52', 0, 2, 0, 2, 20, 0, 5, 0);
insert into DIAS_DISPERSION (IDMUNICIPIO, IDBANCO, DIAS_DISPERSION_SL, FREC_DISPERSION_SL, DIAS_DISPERSION_PL, FREC_DISPERSION_PL, DIAS_DISPERSION_SE, FREC_DISPERSION_SE, DIAS_DISPERSION_PE, FREC_DISPERSION_PE)
values ('05400000', '52', 0, 2, 0, 2, 20, 0, 5, 0);
insert into DIAS_DISPERSION (IDMUNICIPIO, IDBANCO, DIAS_DISPERSION_SL, FREC_DISPERSION_SL, DIAS_DISPERSION_PL, FREC_DISPERSION_PL, DIAS_DISPERSION_SE, FREC_DISPERSION_SE, DIAS_DISPERSION_PE, FREC_DISPERSION_PE)
values ('05425000', '52', 0, 2, 0, 2, 20, 0, 5, 0);
insert into DIAS_DISPERSION (IDMUNICIPIO, IDBANCO, DIAS_DISPERSION_SL, FREC_DISPERSION_SL, DIAS_DISPERSION_PL, FREC_DISPERSION_PL, DIAS_DISPERSION_SE, FREC_DISPERSION_SE, DIAS_DISPERSION_PE, FREC_DISPERSION_PE)
values ('05440000', '52', 0, 2, 0, 2, 20, 0, 5, 0);
insert into DIAS_DISPERSION (IDMUNICIPIO, IDBANCO, DIAS_DISPERSION_SL, FREC_DISPERSION_SL, DIAS_DISPERSION_PL, FREC_DISPERSION_PL, DIAS_DISPERSION_SE, FREC_DISPERSION_SE, DIAS_DISPERSION_PE, FREC_DISPERSION_PE)
values ('05541000', '52', 0, 2, 0, 2, 20, 0, 5, 0);
insert into DIAS_DISPERSION (IDMUNICIPIO, IDBANCO, DIAS_DISPERSION_SL, FREC_DISPERSION_SL, DIAS_DISPERSION_PL, FREC_DISPERSION_PL, DIAS_DISPERSION_SE, FREC_DISPERSION_SE, DIAS_DISPERSION_PE, FREC_DISPERSION_PE)
values ('05579000', '52', 0, 2, 0, 2, 20, 0, 5, 0);
insert into DIAS_DISPERSION (IDMUNICIPIO, IDBANCO, DIAS_DISPERSION_SL, FREC_DISPERSION_SL, DIAS_DISPERSION_PL, FREC_DISPERSION_PL, DIAS_DISPERSION_SE, FREC_DISPERSION_SE, DIAS_DISPERSION_PE, FREC_DISPERSION_PE)
values ('05591000', '52', 0, 2, 0, 2, 20, 0, 5, 0);
insert into DIAS_DISPERSION (IDMUNICIPIO, IDBANCO, DIAS_DISPERSION_SL, FREC_DISPERSION_SL, DIAS_DISPERSION_PL, FREC_DISPERSION_PL, DIAS_DISPERSION_SE, FREC_DISPERSION_SE, DIAS_DISPERSION_PE, FREC_DISPERSION_PE)
values ('05607000', '52', 0, 2, 0, 2, 20, 0, 5, 0);
insert into DIAS_DISPERSION (IDMUNICIPIO, IDBANCO, DIAS_DISPERSION_SL, FREC_DISPERSION_SL, DIAS_DISPERSION_PL, FREC_DISPERSION_PL, DIAS_DISPERSION_SE, FREC_DISPERSION_SE, DIAS_DISPERSION_PE, FREC_DISPERSION_PE)
values ('05615000', '52', 0, 2, 0, 2, 20, 0, 5, 0);
insert into DIAS_DISPERSION (IDMUNICIPIO, IDBANCO, DIAS_DISPERSION_SL, FREC_DISPERSION_SL, DIAS_DISPERSION_PL, FREC_DISPERSION_PL, DIAS_DISPERSION_SE, FREC_DISPERSION_SE, DIAS_DISPERSION_PE, FREC_DISPERSION_PE)
values ('05631000', '52', 0, 2, 0, 2, 20, 0, 5, 0);
insert into DIAS_DISPERSION (IDMUNICIPIO, IDBANCO, DIAS_DISPERSION_SL, FREC_DISPERSION_SL, DIAS_DISPERSION_PL, FREC_DISPERSION_PL, DIAS_DISPERSION_SE, FREC_DISPERSION_SE, DIAS_DISPERSION_PE, FREC_DISPERSION_PE)
values ('05656000', '52', 0, 2, 0, 2, 20, 0, 5, 0);
insert into DIAS_DISPERSION (IDMUNICIPIO, IDBANCO, DIAS_DISPERSION_SL, FREC_DISPERSION_SL, DIAS_DISPERSION_PL, FREC_DISPERSION_PL, DIAS_DISPERSION_SE, FREC_DISPERSION_SE, DIAS_DISPERSION_PE, FREC_DISPERSION_PE)
values ('05660000', '52', 0, 2, 0, 2, 20, 0, 5, 0);
insert into DIAS_DISPERSION (IDMUNICIPIO, IDBANCO, DIAS_DISPERSION_SL, FREC_DISPERSION_SL, DIAS_DISPERSION_PL, FREC_DISPERSION_PL, DIAS_DISPERSION_SE, FREC_DISPERSION_SE, DIAS_DISPERSION_PE, FREC_DISPERSION_PE)
values ('05664000', '52', 0, 2, 0, 2, 20, 0, 5, 0);
insert into DIAS_DISPERSION (IDMUNICIPIO, IDBANCO, DIAS_DISPERSION_SL, FREC_DISPERSION_SL, DIAS_DISPERSION_PL, FREC_DISPERSION_PL, DIAS_DISPERSION_SE, FREC_DISPERSION_SE, DIAS_DISPERSION_PE, FREC_DISPERSION_PE)
values ('05670000', '52', 0, 2, 0, 2, 20, 0, 5, 0);
insert into DIAS_DISPERSION (IDMUNICIPIO, IDBANCO, DIAS_DISPERSION_SL, FREC_DISPERSION_SL, DIAS_DISPERSION_PL, FREC_DISPERSION_PL, DIAS_DISPERSION_SE, FREC_DISPERSION_SE, DIAS_DISPERSION_PE, FREC_DISPERSION_PE)
values ('05674000', '52', 0, 2, 0, 2, 20, 0, 5, 0);
insert into DIAS_DISPERSION (IDMUNICIPIO, IDBANCO, DIAS_DISPERSION_SL, FREC_DISPERSION_SL, DIAS_DISPERSION_PL, FREC_DISPERSION_PL, DIAS_DISPERSION_SE, FREC_DISPERSION_SE, DIAS_DISPERSION_PE, FREC_DISPERSION_PE)
values ('05679000', '52', 0, 2, 0, 2, 20, 0, 5, 0);
insert into DIAS_DISPERSION (IDMUNICIPIO, IDBANCO, DIAS_DISPERSION_SL, FREC_DISPERSION_SL, DIAS_DISPERSION_PL, FREC_DISPERSION_PL, DIAS_DISPERSION_SE, FREC_DISPERSION_SE, DIAS_DISPERSION_PE, FREC_DISPERSION_PE)
values ('05686000', '52', 0, 2, 0, 2, 20, 0, 5, 0);
insert into DIAS_DISPERSION (IDMUNICIPIO, IDBANCO, DIAS_DISPERSION_SL, FREC_DISPERSION_SL, DIAS_DISPERSION_PL, FREC_DISPERSION_PL, DIAS_DISPERSION_SE, FREC_DISPERSION_SE, DIAS_DISPERSION_PE, FREC_DISPERSION_PE)
values ('05690000', '52', 0, 2, 0, 2, 20, 0, 5, 0);
insert into DIAS_DISPERSION (IDMUNICIPIO, IDBANCO, DIAS_DISPERSION_SL, FREC_DISPERSION_SL, DIAS_DISPERSION_PL, FREC_DISPERSION_PL, DIAS_DISPERSION_SE, FREC_DISPERSION_SE, DIAS_DISPERSION_PE, FREC_DISPERSION_PE)
values ('05697000', '52', 0, 2, 0, 2, 20, 0, 5, 0);
insert into DIAS_DISPERSION (IDMUNICIPIO, IDBANCO, DIAS_DISPERSION_SL, FREC_DISPERSION_SL, DIAS_DISPERSION_PL, FREC_DISPERSION_PL, DIAS_DISPERSION_SE, FREC_DISPERSION_SE, DIAS_DISPERSION_PE, FREC_DISPERSION_PE)
values ('05756000', '52', 0, 2, 0, 2, 20, 0, 5, 0);
insert into DIAS_DISPERSION (IDMUNICIPIO, IDBANCO, DIAS_DISPERSION_SL, FREC_DISPERSION_SL, DIAS_DISPERSION_PL, FREC_DISPERSION_PL, DIAS_DISPERSION_SE, FREC_DISPERSION_SE, DIAS_DISPERSION_PE, FREC_DISPERSION_PE)
values ('05761000', '52', 0, 2, 0, 2, 20, 0, 5, 0);
insert into DIAS_DISPERSION (IDMUNICIPIO, IDBANCO, DIAS_DISPERSION_SL, FREC_DISPERSION_SL, DIAS_DISPERSION_PL, FREC_DISPERSION_PL, DIAS_DISPERSION_SE, FREC_DISPERSION_SE, DIAS_DISPERSION_PE, FREC_DISPERSION_PE)
values ('05790000', '52', 0, 2, 0, 2, 20, 0, 5, 0);
insert into DIAS_DISPERSION (IDMUNICIPIO, IDBANCO, DIAS_DISPERSION_SL, FREC_DISPERSION_SL, DIAS_DISPERSION_PL, FREC_DISPERSION_PL, DIAS_DISPERSION_SE, FREC_DISPERSION_SE, DIAS_DISPERSION_PE, FREC_DISPERSION_PE)
values ('05792000', '52', 0, 2, 0, 2, 20, 0, 5, 0);
insert into DIAS_DISPERSION (IDMUNICIPIO, IDBANCO, DIAS_DISPERSION_SL, FREC_DISPERSION_SL, DIAS_DISPERSION_PL, FREC_DISPERSION_PL, DIAS_DISPERSION_SE, FREC_DISPERSION_SE, DIAS_DISPERSION_PE, FREC_DISPERSION_PE)
values ('05809000', '52', 0, 2, 0, 2, 20, 0, 5, 0);
insert into DIAS_DISPERSION (IDMUNICIPIO, IDBANCO, DIAS_DISPERSION_SL, FREC_DISPERSION_SL, DIAS_DISPERSION_PL, FREC_DISPERSION_PL, DIAS_DISPERSION_SE, FREC_DISPERSION_SE, DIAS_DISPERSION_PE, FREC_DISPERSION_PE)
values ('05837000', '52', 0, 2, 0, 2, 20, 0, 5, 0);
insert into DIAS_DISPERSION (IDMUNICIPIO, IDBANCO, DIAS_DISPERSION_SL, FREC_DISPERSION_SL, DIAS_DISPERSION_PL, FREC_DISPERSION_PL, DIAS_DISPERSION_SE, FREC_DISPERSION_SE, DIAS_DISPERSION_PE, FREC_DISPERSION_PE)
values ('05842000', '52', 0, 2, 0, 2, 20, 0, 5, 0);
insert into DIAS_DISPERSION (IDMUNICIPIO, IDBANCO, DIAS_DISPERSION_SL, FREC_DISPERSION_SL, DIAS_DISPERSION_PL, FREC_DISPERSION_PL, DIAS_DISPERSION_SE, FREC_DISPERSION_SE, DIAS_DISPERSION_PE, FREC_DISPERSION_PE)
values ('05847000', '52', 0, 2, 0, 2, 20, 0, 5, 0);
insert into DIAS_DISPERSION (IDMUNICIPIO, IDBANCO, DIAS_DISPERSION_SL, FREC_DISPERSION_SL, DIAS_DISPERSION_PL, FREC_DISPERSION_PL, DIAS_DISPERSION_SE, FREC_DISPERSION_SE, DIAS_DISPERSION_PE, FREC_DISPERSION_PE)
values ('05854000', '52', 0, 2, 0, 2, 20, 0, 5, 0);
insert into DIAS_DISPERSION (IDMUNICIPIO, IDBANCO, DIAS_DISPERSION_SL, FREC_DISPERSION_SL, DIAS_DISPERSION_PL, FREC_DISPERSION_PL, DIAS_DISPERSION_SE, FREC_DISPERSION_SE, DIAS_DISPERSION_PE, FREC_DISPERSION_PE)
values ('05861000', '52', 0, 2, 0, 2, 20, 0, 5, 0);
insert into DIAS_DISPERSION (IDMUNICIPIO, IDBANCO, DIAS_DISPERSION_SL, FREC_DISPERSION_SL, DIAS_DISPERSION_PL, FREC_DISPERSION_PL, DIAS_DISPERSION_SE, FREC_DISPERSION_SE, DIAS_DISPERSION_PE, FREC_DISPERSION_PE)
values ('05887000', '52', 0, 2, 0, 2, 20, 0, 5, 0);
insert into DIAS_DISPERSION (IDMUNICIPIO, IDBANCO, DIAS_DISPERSION_SL, FREC_DISPERSION_SL, DIAS_DISPERSION_PL, FREC_DISPERSION_PL, DIAS_DISPERSION_SE, FREC_DISPERSION_SE, DIAS_DISPERSION_PE, FREC_DISPERSION_PE)
values ('08000000', '52', 0, 2, 0, 2, 20, 0, 5, 0);
insert into DIAS_DISPERSION (IDMUNICIPIO, IDBANCO, DIAS_DISPERSION_SL, FREC_DISPERSION_SL, DIAS_DISPERSION_PL, FREC_DISPERSION_PL, DIAS_DISPERSION_SE, FREC_DISPERSION_SE, DIAS_DISPERSION_PE, FREC_DISPERSION_PE)
values ('08001000', '52', 0, 3, 0, 3, 6, 0, 5, 0);
commit;
prompt 100 records committed...
insert into DIAS_DISPERSION (IDMUNICIPIO, IDBANCO, DIAS_DISPERSION_SL, FREC_DISPERSION_SL, DIAS_DISPERSION_PL, FREC_DISPERSION_PL, DIAS_DISPERSION_SE, FREC_DISPERSION_SE, DIAS_DISPERSION_PE, FREC_DISPERSION_PE)
values ('08078000', '52', 0, 2, 0, 2, 20, 0, 5, 0);
insert into DIAS_DISPERSION (IDMUNICIPIO, IDBANCO, DIAS_DISPERSION_SL, FREC_DISPERSION_SL, DIAS_DISPERSION_PL, FREC_DISPERSION_PL, DIAS_DISPERSION_SE, FREC_DISPERSION_SE, DIAS_DISPERSION_PE, FREC_DISPERSION_PE)
values ('08137000', '52', 0, 2, 0, 2, 20, 0, 5, 0);
insert into DIAS_DISPERSION (IDMUNICIPIO, IDBANCO, DIAS_DISPERSION_SL, FREC_DISPERSION_SL, DIAS_DISPERSION_PL, FREC_DISPERSION_PL, DIAS_DISPERSION_SE, FREC_DISPERSION_SE, DIAS_DISPERSION_PE, FREC_DISPERSION_PE)
values ('08296000', '52', 0, 2, 0, 2, 20, 0, 5, 0);
insert into DIAS_DISPERSION (IDMUNICIPIO, IDBANCO, DIAS_DISPERSION_SL, FREC_DISPERSION_SL, DIAS_DISPERSION_PL, FREC_DISPERSION_PL, DIAS_DISPERSION_SE, FREC_DISPERSION_SE, DIAS_DISPERSION_PE, FREC_DISPERSION_PE)
values ('08421000', '52', 0, 2, 0, 2, 20, 0, 5, 0);
insert into DIAS_DISPERSION (IDMUNICIPIO, IDBANCO, DIAS_DISPERSION_SL, FREC_DISPERSION_SL, DIAS_DISPERSION_PL, FREC_DISPERSION_PL, DIAS_DISPERSION_SE, FREC_DISPERSION_SE, DIAS_DISPERSION_PE, FREC_DISPERSION_PE)
values ('08433000', '52', 0, 2, 0, 2, 20, 0, 5, 0);
insert into DIAS_DISPERSION (IDMUNICIPIO, IDBANCO, DIAS_DISPERSION_SL, FREC_DISPERSION_SL, DIAS_DISPERSION_PL, FREC_DISPERSION_PL, DIAS_DISPERSION_SE, FREC_DISPERSION_SE, DIAS_DISPERSION_PE, FREC_DISPERSION_PE)
values ('08436000', '52', 0, 2, 0, 2, 20, 0, 5, 0);
insert into DIAS_DISPERSION (IDMUNICIPIO, IDBANCO, DIAS_DISPERSION_SL, FREC_DISPERSION_SL, DIAS_DISPERSION_PL, FREC_DISPERSION_PL, DIAS_DISPERSION_SE, FREC_DISPERSION_SE, DIAS_DISPERSION_PE, FREC_DISPERSION_PE)
values ('08520000', '52', 0, 2, 0, 2, 20, 0, 5, 0);
insert into DIAS_DISPERSION (IDMUNICIPIO, IDBANCO, DIAS_DISPERSION_SL, FREC_DISPERSION_SL, DIAS_DISPERSION_PL, FREC_DISPERSION_PL, DIAS_DISPERSION_SE, FREC_DISPERSION_SE, DIAS_DISPERSION_PE, FREC_DISPERSION_PE)
values ('08558000', '52', 0, 2, 0, 2, 20, 0, 5, 0);
insert into DIAS_DISPERSION (IDMUNICIPIO, IDBANCO, DIAS_DISPERSION_SL, FREC_DISPERSION_SL, DIAS_DISPERSION_PL, FREC_DISPERSION_PL, DIAS_DISPERSION_SE, FREC_DISPERSION_SE, DIAS_DISPERSION_PE, FREC_DISPERSION_PE)
values ('08560000', '52', 0, 2, 0, 2, 20, 0, 5, 0);
insert into DIAS_DISPERSION (IDMUNICIPIO, IDBANCO, DIAS_DISPERSION_SL, FREC_DISPERSION_SL, DIAS_DISPERSION_PL, FREC_DISPERSION_PL, DIAS_DISPERSION_SE, FREC_DISPERSION_SE, DIAS_DISPERSION_PE, FREC_DISPERSION_PE)
values ('08573000', '52', 0, 2, 0, 2, 20, 0, 5, 0);
insert into DIAS_DISPERSION (IDMUNICIPIO, IDBANCO, DIAS_DISPERSION_SL, FREC_DISPERSION_SL, DIAS_DISPERSION_PL, FREC_DISPERSION_PL, DIAS_DISPERSION_SE, FREC_DISPERSION_SE, DIAS_DISPERSION_PE, FREC_DISPERSION_PE)
values ('08634000', '52', 0, 2, 0, 2, 20, 0, 5, 0);
insert into DIAS_DISPERSION (IDMUNICIPIO, IDBANCO, DIAS_DISPERSION_SL, FREC_DISPERSION_SL, DIAS_DISPERSION_PL, FREC_DISPERSION_PL, DIAS_DISPERSION_SE, FREC_DISPERSION_SE, DIAS_DISPERSION_PE, FREC_DISPERSION_PE)
values ('13244000', '52', 0, 2, 0, 2, 20, 0, 5, 0);
insert into DIAS_DISPERSION (IDMUNICIPIO, IDBANCO, DIAS_DISPERSION_SL, FREC_DISPERSION_SL, DIAS_DISPERSION_PL, FREC_DISPERSION_PL, DIAS_DISPERSION_SE, FREC_DISPERSION_SE, DIAS_DISPERSION_PE, FREC_DISPERSION_PE)
values ('13468000', '52', 0, 2, 0, 2, 20, 0, 5, 0);
insert into DIAS_DISPERSION (IDMUNICIPIO, IDBANCO, DIAS_DISPERSION_SL, FREC_DISPERSION_SL, DIAS_DISPERSION_PL, FREC_DISPERSION_PL, DIAS_DISPERSION_SE, FREC_DISPERSION_SE, DIAS_DISPERSION_PE, FREC_DISPERSION_PE)
values ('13657000', '52', 0, 2, 0, 2, 20, 0, 5, 0);
insert into DIAS_DISPERSION (IDMUNICIPIO, IDBANCO, DIAS_DISPERSION_SL, FREC_DISPERSION_SL, DIAS_DISPERSION_PL, FREC_DISPERSION_PL, DIAS_DISPERSION_SE, FREC_DISPERSION_SE, DIAS_DISPERSION_PE, FREC_DISPERSION_PE)
values ('13836000', '52', 0, 2, 0, 2, 20, 0, 5, 0);
insert into DIAS_DISPERSION (IDMUNICIPIO, IDBANCO, DIAS_DISPERSION_SL, FREC_DISPERSION_SL, DIAS_DISPERSION_PL, FREC_DISPERSION_PL, DIAS_DISPERSION_SE, FREC_DISPERSION_SE, DIAS_DISPERSION_PE, FREC_DISPERSION_PE)
values ('15000000', '52', 0, 2, 0, 2, 20, 0, 5, 0);
insert into DIAS_DISPERSION (IDMUNICIPIO, IDBANCO, DIAS_DISPERSION_SL, FREC_DISPERSION_SL, DIAS_DISPERSION_PL, FREC_DISPERSION_PL, DIAS_DISPERSION_SE, FREC_DISPERSION_SE, DIAS_DISPERSION_PE, FREC_DISPERSION_PE)
values ('15001000', '52', 0, 2, 0, 2, 20, 0, 5, 0);
insert into DIAS_DISPERSION (IDMUNICIPIO, IDBANCO, DIAS_DISPERSION_SL, FREC_DISPERSION_SL, DIAS_DISPERSION_PL, FREC_DISPERSION_PL, DIAS_DISPERSION_SE, FREC_DISPERSION_SE, DIAS_DISPERSION_PE, FREC_DISPERSION_PE)
values ('15176000', '52', 0, 2, 0, 2, 20, 0, 5, 0);
insert into DIAS_DISPERSION (IDMUNICIPIO, IDBANCO, DIAS_DISPERSION_SL, FREC_DISPERSION_SL, DIAS_DISPERSION_PL, FREC_DISPERSION_PL, DIAS_DISPERSION_SE, FREC_DISPERSION_SE, DIAS_DISPERSION_PE, FREC_DISPERSION_PE)
values ('15204000', '52', 0, 2, 0, 2, 20, 0, 5, 0);
insert into DIAS_DISPERSION (IDMUNICIPIO, IDBANCO, DIAS_DISPERSION_SL, FREC_DISPERSION_SL, DIAS_DISPERSION_PL, FREC_DISPERSION_PL, DIAS_DISPERSION_SE, FREC_DISPERSION_SE, DIAS_DISPERSION_PE, FREC_DISPERSION_PE)
values ('15238000', '52', 0, 2, 0, 2, 20, 0, 5, 0);
insert into DIAS_DISPERSION (IDMUNICIPIO, IDBANCO, DIAS_DISPERSION_SL, FREC_DISPERSION_SL, DIAS_DISPERSION_PL, FREC_DISPERSION_PL, DIAS_DISPERSION_SE, FREC_DISPERSION_SE, DIAS_DISPERSION_PE, FREC_DISPERSION_PE)
values ('15299000', '52', 0, 2, 0, 2, 20, 0, 5, 0);
insert into DIAS_DISPERSION (IDMUNICIPIO, IDBANCO, DIAS_DISPERSION_SL, FREC_DISPERSION_SL, DIAS_DISPERSION_PL, FREC_DISPERSION_PL, DIAS_DISPERSION_SE, FREC_DISPERSION_SE, DIAS_DISPERSION_PE, FREC_DISPERSION_PE)
values ('15322000', '52', 0, 2, 0, 2, 20, 0, 5, 0);
insert into DIAS_DISPERSION (IDMUNICIPIO, IDBANCO, DIAS_DISPERSION_SL, FREC_DISPERSION_SL, DIAS_DISPERSION_PL, FREC_DISPERSION_PL, DIAS_DISPERSION_SE, FREC_DISPERSION_SE, DIAS_DISPERSION_PE, FREC_DISPERSION_PE)
values ('15491000', '52', 0, 2, 0, 2, 20, 0, 5, 0);
insert into DIAS_DISPERSION (IDMUNICIPIO, IDBANCO, DIAS_DISPERSION_SL, FREC_DISPERSION_SL, DIAS_DISPERSION_PL, FREC_DISPERSION_PL, DIAS_DISPERSION_SE, FREC_DISPERSION_SE, DIAS_DISPERSION_PE, FREC_DISPERSION_PE)
values ('15516000', '52', 0, 2, 0, 2, 20, 0, 5, 0);
insert into DIAS_DISPERSION (IDMUNICIPIO, IDBANCO, DIAS_DISPERSION_SL, FREC_DISPERSION_SL, DIAS_DISPERSION_PL, FREC_DISPERSION_PL, DIAS_DISPERSION_SE, FREC_DISPERSION_SE, DIAS_DISPERSION_PE, FREC_DISPERSION_PE)
values ('15572000', '52', 0, 2, 0, 2, 20, 0, 5, 0);
insert into DIAS_DISPERSION (IDMUNICIPIO, IDBANCO, DIAS_DISPERSION_SL, FREC_DISPERSION_SL, DIAS_DISPERSION_PL, FREC_DISPERSION_PL, DIAS_DISPERSION_SE, FREC_DISPERSION_SE, DIAS_DISPERSION_PE, FREC_DISPERSION_PE)
values ('15632000', '52', 0, 2, 0, 2, 20, 0, 5, 0);
insert into DIAS_DISPERSION (IDMUNICIPIO, IDBANCO, DIAS_DISPERSION_SL, FREC_DISPERSION_SL, DIAS_DISPERSION_PL, FREC_DISPERSION_PL, DIAS_DISPERSION_SE, FREC_DISPERSION_SE, DIAS_DISPERSION_PE, FREC_DISPERSION_PE)
values ('15693000', '52', 0, 2, 0, 2, 20, 0, 5, 0);
insert into DIAS_DISPERSION (IDMUNICIPIO, IDBANCO, DIAS_DISPERSION_SL, FREC_DISPERSION_SL, DIAS_DISPERSION_PL, FREC_DISPERSION_PL, DIAS_DISPERSION_SE, FREC_DISPERSION_SE, DIAS_DISPERSION_PE, FREC_DISPERSION_PE)
values ('15759000', '52', 0, 2, 0, 2, 20, 0, 5, 0);
insert into DIAS_DISPERSION (IDMUNICIPIO, IDBANCO, DIAS_DISPERSION_SL, FREC_DISPERSION_SL, DIAS_DISPERSION_PL, FREC_DISPERSION_PL, DIAS_DISPERSION_SE, FREC_DISPERSION_SE, DIAS_DISPERSION_PE, FREC_DISPERSION_PE)
values ('15806000', '52', 0, 2, 0, 2, 20, 0, 5, 0);
insert into DIAS_DISPERSION (IDMUNICIPIO, IDBANCO, DIAS_DISPERSION_SL, FREC_DISPERSION_SL, DIAS_DISPERSION_PL, FREC_DISPERSION_PL, DIAS_DISPERSION_SE, FREC_DISPERSION_SE, DIAS_DISPERSION_PE, FREC_DISPERSION_PE)
values ('17001000', '52', 0, 2, 0, 2, 20, 0, 5, 0);
insert into DIAS_DISPERSION (IDMUNICIPIO, IDBANCO, DIAS_DISPERSION_SL, FREC_DISPERSION_SL, DIAS_DISPERSION_PL, FREC_DISPERSION_PL, DIAS_DISPERSION_SE, FREC_DISPERSION_SE, DIAS_DISPERSION_PE, FREC_DISPERSION_PE)
values ('17013000', '52', 0, 2, 0, 2, 20, 0, 5, 0);
insert into DIAS_DISPERSION (IDMUNICIPIO, IDBANCO, DIAS_DISPERSION_SL, FREC_DISPERSION_SL, DIAS_DISPERSION_PL, FREC_DISPERSION_PL, DIAS_DISPERSION_SE, FREC_DISPERSION_SE, DIAS_DISPERSION_PE, FREC_DISPERSION_PE)
values ('17042000', '52', 0, 2, 0, 2, 20, 0, 5, 0);
insert into DIAS_DISPERSION (IDMUNICIPIO, IDBANCO, DIAS_DISPERSION_SL, FREC_DISPERSION_SL, DIAS_DISPERSION_PL, FREC_DISPERSION_PL, DIAS_DISPERSION_SE, FREC_DISPERSION_SE, DIAS_DISPERSION_PE, FREC_DISPERSION_PE)
values ('17050000', '52', 0, 2, 0, 2, 20, 0, 5, 0);
insert into DIAS_DISPERSION (IDMUNICIPIO, IDBANCO, DIAS_DISPERSION_SL, FREC_DISPERSION_SL, DIAS_DISPERSION_PL, FREC_DISPERSION_PL, DIAS_DISPERSION_SE, FREC_DISPERSION_SE, DIAS_DISPERSION_PE, FREC_DISPERSION_PE)
values ('17174000', '52', 0, 2, 0, 2, 20, 0, 5, 0);
insert into DIAS_DISPERSION (IDMUNICIPIO, IDBANCO, DIAS_DISPERSION_SL, FREC_DISPERSION_SL, DIAS_DISPERSION_PL, FREC_DISPERSION_PL, DIAS_DISPERSION_SE, FREC_DISPERSION_SE, DIAS_DISPERSION_PE, FREC_DISPERSION_PE)
values ('17380000', '52', 0, 2, 0, 2, 20, 0, 5, 0);
insert into DIAS_DISPERSION (IDMUNICIPIO, IDBANCO, DIAS_DISPERSION_SL, FREC_DISPERSION_SL, DIAS_DISPERSION_PL, FREC_DISPERSION_PL, DIAS_DISPERSION_SE, FREC_DISPERSION_SE, DIAS_DISPERSION_PE, FREC_DISPERSION_PE)
values ('17433000', '52', 0, 2, 0, 2, 20, 0, 5, 0);
insert into DIAS_DISPERSION (IDMUNICIPIO, IDBANCO, DIAS_DISPERSION_SL, FREC_DISPERSION_SL, DIAS_DISPERSION_PL, FREC_DISPERSION_PL, DIAS_DISPERSION_SE, FREC_DISPERSION_SE, DIAS_DISPERSION_PE, FREC_DISPERSION_PE)
values ('17486000', '52', 0, 2, 0, 2, 20, 0, 5, 0);
insert into DIAS_DISPERSION (IDMUNICIPIO, IDBANCO, DIAS_DISPERSION_SL, FREC_DISPERSION_SL, DIAS_DISPERSION_PL, FREC_DISPERSION_PL, DIAS_DISPERSION_SE, FREC_DISPERSION_SE, DIAS_DISPERSION_PE, FREC_DISPERSION_PE)
values ('17524000', '52', 0, 2, 0, 2, 20, 0, 5, 0);
insert into DIAS_DISPERSION (IDMUNICIPIO, IDBANCO, DIAS_DISPERSION_SL, FREC_DISPERSION_SL, DIAS_DISPERSION_PL, FREC_DISPERSION_PL, DIAS_DISPERSION_SE, FREC_DISPERSION_SE, DIAS_DISPERSION_PE, FREC_DISPERSION_PE)
values ('17614000', '52', 0, 2, 0, 2, 20, 0, 5, 0);
insert into DIAS_DISPERSION (IDMUNICIPIO, IDBANCO, DIAS_DISPERSION_SL, FREC_DISPERSION_SL, DIAS_DISPERSION_PL, FREC_DISPERSION_PL, DIAS_DISPERSION_SE, FREC_DISPERSION_SE, DIAS_DISPERSION_PE, FREC_DISPERSION_PE)
values ('17616000', '52', 0, 2, 0, 2, 20, 0, 5, 0);
insert into DIAS_DISPERSION (IDMUNICIPIO, IDBANCO, DIAS_DISPERSION_SL, FREC_DISPERSION_SL, DIAS_DISPERSION_PL, FREC_DISPERSION_PL, DIAS_DISPERSION_SE, FREC_DISPERSION_SE, DIAS_DISPERSION_PE, FREC_DISPERSION_PE)
values ('17653000', '52', 0, 2, 0, 2, 20, 0, 5, 0);
insert into DIAS_DISPERSION (IDMUNICIPIO, IDBANCO, DIAS_DISPERSION_SL, FREC_DISPERSION_SL, DIAS_DISPERSION_PL, FREC_DISPERSION_PL, DIAS_DISPERSION_SE, FREC_DISPERSION_SE, DIAS_DISPERSION_PE, FREC_DISPERSION_PE)
values ('17665000', '52', 0, 2, 0, 2, 20, 0, 5, 0);
insert into DIAS_DISPERSION (IDMUNICIPIO, IDBANCO, DIAS_DISPERSION_SL, FREC_DISPERSION_SL, DIAS_DISPERSION_PL, FREC_DISPERSION_PL, DIAS_DISPERSION_SE, FREC_DISPERSION_SE, DIAS_DISPERSION_PE, FREC_DISPERSION_PE)
values ('17777000', '52', 0, 2, 0, 2, 20, 0, 5, 0);
insert into DIAS_DISPERSION (IDMUNICIPIO, IDBANCO, DIAS_DISPERSION_SL, FREC_DISPERSION_SL, DIAS_DISPERSION_PL, FREC_DISPERSION_PL, DIAS_DISPERSION_SE, FREC_DISPERSION_SE, DIAS_DISPERSION_PE, FREC_DISPERSION_PE)
values ('17873000', '52', 0, 2, 0, 2, 20, 0, 5, 0);
insert into DIAS_DISPERSION (IDMUNICIPIO, IDBANCO, DIAS_DISPERSION_SL, FREC_DISPERSION_SL, DIAS_DISPERSION_PL, FREC_DISPERSION_PL, DIAS_DISPERSION_SE, FREC_DISPERSION_SE, DIAS_DISPERSION_PE, FREC_DISPERSION_PE)
values ('17877000', '52', 0, 2, 0, 2, 20, 0, 5, 0);
insert into DIAS_DISPERSION (IDMUNICIPIO, IDBANCO, DIAS_DISPERSION_SL, FREC_DISPERSION_SL, DIAS_DISPERSION_PL, FREC_DISPERSION_PL, DIAS_DISPERSION_SE, FREC_DISPERSION_SE, DIAS_DISPERSION_PE, FREC_DISPERSION_PE)
values ('18001000', '52', 0, 2, 0, 2, 20, 0, 5, 0);
insert into DIAS_DISPERSION (IDMUNICIPIO, IDBANCO, DIAS_DISPERSION_SL, FREC_DISPERSION_SL, DIAS_DISPERSION_PL, FREC_DISPERSION_PL, DIAS_DISPERSION_SE, FREC_DISPERSION_SE, DIAS_DISPERSION_PE, FREC_DISPERSION_PE)
values ('18094000', '52', 0, 2, 0, 2, 20, 0, 5, 0);
insert into DIAS_DISPERSION (IDMUNICIPIO, IDBANCO, DIAS_DISPERSION_SL, FREC_DISPERSION_SL, DIAS_DISPERSION_PL, FREC_DISPERSION_PL, DIAS_DISPERSION_SE, FREC_DISPERSION_SE, DIAS_DISPERSION_PE, FREC_DISPERSION_PE)
values ('18256000', '52', 0, 2, 0, 2, 20, 0, 5, 0);
insert into DIAS_DISPERSION (IDMUNICIPIO, IDBANCO, DIAS_DISPERSION_SL, FREC_DISPERSION_SL, DIAS_DISPERSION_PL, FREC_DISPERSION_PL, DIAS_DISPERSION_SE, FREC_DISPERSION_SE, DIAS_DISPERSION_PE, FREC_DISPERSION_PE)
values ('18753000', '52', 0, 2, 0, 2, 20, 0, 5, 0);
insert into DIAS_DISPERSION (IDMUNICIPIO, IDBANCO, DIAS_DISPERSION_SL, FREC_DISPERSION_SL, DIAS_DISPERSION_PL, FREC_DISPERSION_PL, DIAS_DISPERSION_SE, FREC_DISPERSION_SE, DIAS_DISPERSION_PE, FREC_DISPERSION_PE)
values ('19001000', '52', 0, 2, 0, 2, 20, 0, 5, 0);
insert into DIAS_DISPERSION (IDMUNICIPIO, IDBANCO, DIAS_DISPERSION_SL, FREC_DISPERSION_SL, DIAS_DISPERSION_PL, FREC_DISPERSION_PL, DIAS_DISPERSION_SE, FREC_DISPERSION_SE, DIAS_DISPERSION_PE, FREC_DISPERSION_PE)
values ('05353000', '52', 0, 2, 0, 2, 20, 0, 5, 0);
insert into DIAS_DISPERSION (IDMUNICIPIO, IDBANCO, DIAS_DISPERSION_SL, FREC_DISPERSION_SL, DIAS_DISPERSION_PL, FREC_DISPERSION_PL, DIAS_DISPERSION_SE, FREC_DISPERSION_SE, DIAS_DISPERSION_PE, FREC_DISPERSION_PE)
values ('19130000', '52', 0, 2, 0, 2, 20, 0, 5, 0);
insert into DIAS_DISPERSION (IDMUNICIPIO, IDBANCO, DIAS_DISPERSION_SL, FREC_DISPERSION_SL, DIAS_DISPERSION_PL, FREC_DISPERSION_PL, DIAS_DISPERSION_SE, FREC_DISPERSION_SE, DIAS_DISPERSION_PE, FREC_DISPERSION_PE)
values ('19137000', '52', 0, 2, 0, 2, 20, 0, 5, 0);
insert into DIAS_DISPERSION (IDMUNICIPIO, IDBANCO, DIAS_DISPERSION_SL, FREC_DISPERSION_SL, DIAS_DISPERSION_PL, FREC_DISPERSION_PL, DIAS_DISPERSION_SE, FREC_DISPERSION_SE, DIAS_DISPERSION_PE, FREC_DISPERSION_PE)
values ('19142000', '52', 0, 2, 0, 2, 20, 0, 5, 0);
insert into DIAS_DISPERSION (IDMUNICIPIO, IDBANCO, DIAS_DISPERSION_SL, FREC_DISPERSION_SL, DIAS_DISPERSION_PL, FREC_DISPERSION_PL, DIAS_DISPERSION_SE, FREC_DISPERSION_SE, DIAS_DISPERSION_PE, FREC_DISPERSION_PE)
values ('19256000', '52', 0, 2, 0, 2, 20, 0, 5, 0);
insert into DIAS_DISPERSION (IDMUNICIPIO, IDBANCO, DIAS_DISPERSION_SL, FREC_DISPERSION_SL, DIAS_DISPERSION_PL, FREC_DISPERSION_PL, DIAS_DISPERSION_SE, FREC_DISPERSION_SE, DIAS_DISPERSION_PE, FREC_DISPERSION_PE)
values ('19450000', '52', 0, 2, 0, 2, 20, 0, 5, 0);
insert into DIAS_DISPERSION (IDMUNICIPIO, IDBANCO, DIAS_DISPERSION_SL, FREC_DISPERSION_SL, DIAS_DISPERSION_PL, FREC_DISPERSION_PL, DIAS_DISPERSION_SE, FREC_DISPERSION_SE, DIAS_DISPERSION_PE, FREC_DISPERSION_PE)
values ('19455000', '52', 0, 2, 0, 2, 20, 0, 5, 0);
insert into DIAS_DISPERSION (IDMUNICIPIO, IDBANCO, DIAS_DISPERSION_SL, FREC_DISPERSION_SL, DIAS_DISPERSION_PL, FREC_DISPERSION_PL, DIAS_DISPERSION_SE, FREC_DISPERSION_SE, DIAS_DISPERSION_PE, FREC_DISPERSION_PE)
values ('19532000', '52', 0, 2, 0, 2, 20, 0, 5, 0);
insert into DIAS_DISPERSION (IDMUNICIPIO, IDBANCO, DIAS_DISPERSION_SL, FREC_DISPERSION_SL, DIAS_DISPERSION_PL, FREC_DISPERSION_PL, DIAS_DISPERSION_SE, FREC_DISPERSION_SE, DIAS_DISPERSION_PE, FREC_DISPERSION_PE)
values ('19548000', '52', 0, 2, 0, 2, 20, 0, 5, 0);
insert into DIAS_DISPERSION (IDMUNICIPIO, IDBANCO, DIAS_DISPERSION_SL, FREC_DISPERSION_SL, DIAS_DISPERSION_PL, FREC_DISPERSION_PL, DIAS_DISPERSION_SE, FREC_DISPERSION_SE, DIAS_DISPERSION_PE, FREC_DISPERSION_PE)
values ('19573000', '52', 0, 2, 0, 2, 20, 0, 5, 0);
insert into DIAS_DISPERSION (IDMUNICIPIO, IDBANCO, DIAS_DISPERSION_SL, FREC_DISPERSION_SL, DIAS_DISPERSION_PL, FREC_DISPERSION_PL, DIAS_DISPERSION_SE, FREC_DISPERSION_SE, DIAS_DISPERSION_PE, FREC_DISPERSION_PE)
values ('19622000', '52', 0, 2, 0, 2, 20, 0, 5, 0);
insert into DIAS_DISPERSION (IDMUNICIPIO, IDBANCO, DIAS_DISPERSION_SL, FREC_DISPERSION_SL, DIAS_DISPERSION_PL, FREC_DISPERSION_PL, DIAS_DISPERSION_SE, FREC_DISPERSION_SE, DIAS_DISPERSION_PE, FREC_DISPERSION_PE)
values ('19698000', '52', 0, 2, 0, 2, 20, 0, 5, 0);
insert into DIAS_DISPERSION (IDMUNICIPIO, IDBANCO, DIAS_DISPERSION_SL, FREC_DISPERSION_SL, DIAS_DISPERSION_PL, FREC_DISPERSION_PL, DIAS_DISPERSION_SE, FREC_DISPERSION_SE, DIAS_DISPERSION_PE, FREC_DISPERSION_PE)
values ('19743000', '52', 0, 2, 0, 2, 20, 0, 5, 0);
insert into DIAS_DISPERSION (IDMUNICIPIO, IDBANCO, DIAS_DISPERSION_SL, FREC_DISPERSION_SL, DIAS_DISPERSION_PL, FREC_DISPERSION_PL, DIAS_DISPERSION_SE, FREC_DISPERSION_SE, DIAS_DISPERSION_PE, FREC_DISPERSION_PE)
values ('19807000', '52', 0, 2, 0, 2, 20, 0, 5, 0);
insert into DIAS_DISPERSION (IDMUNICIPIO, IDBANCO, DIAS_DISPERSION_SL, FREC_DISPERSION_SL, DIAS_DISPERSION_PL, FREC_DISPERSION_PL, DIAS_DISPERSION_SE, FREC_DISPERSION_SE, DIAS_DISPERSION_PE, FREC_DISPERSION_PE)
values ('19824000', '52', 0, 2, 0, 2, 20, 0, 5, 0);
insert into DIAS_DISPERSION (IDMUNICIPIO, IDBANCO, DIAS_DISPERSION_SL, FREC_DISPERSION_SL, DIAS_DISPERSION_PL, FREC_DISPERSION_PL, DIAS_DISPERSION_SE, FREC_DISPERSION_SE, DIAS_DISPERSION_PE, FREC_DISPERSION_PE)
values ('19873000', '52', 0, 2, 0, 2, 20, 0, 5, 0);
insert into DIAS_DISPERSION (IDMUNICIPIO, IDBANCO, DIAS_DISPERSION_SL, FREC_DISPERSION_SL, DIAS_DISPERSION_PL, FREC_DISPERSION_PL, DIAS_DISPERSION_SE, FREC_DISPERSION_SE, DIAS_DISPERSION_PE, FREC_DISPERSION_PE)
values ('19992000', '52', 0, 2, 0, 2, 20, 0, 5, 0);
insert into DIAS_DISPERSION (IDMUNICIPIO, IDBANCO, DIAS_DISPERSION_SL, FREC_DISPERSION_SL, DIAS_DISPERSION_PL, FREC_DISPERSION_PL, DIAS_DISPERSION_SE, FREC_DISPERSION_SE, DIAS_DISPERSION_PE, FREC_DISPERSION_PE)
values ('20001000', '52', 0, 2, 0, 2, 20, 0, 5, 0);
insert into DIAS_DISPERSION (IDMUNICIPIO, IDBANCO, DIAS_DISPERSION_SL, FREC_DISPERSION_SL, DIAS_DISPERSION_PL, FREC_DISPERSION_PL, DIAS_DISPERSION_SE, FREC_DISPERSION_SE, DIAS_DISPERSION_PE, FREC_DISPERSION_PE)
values ('20011000', '52', 0, 2, 0, 2, 20, 0, 5, 0);
insert into DIAS_DISPERSION (IDMUNICIPIO, IDBANCO, DIAS_DISPERSION_SL, FREC_DISPERSION_SL, DIAS_DISPERSION_PL, FREC_DISPERSION_PL, DIAS_DISPERSION_SE, FREC_DISPERSION_SE, DIAS_DISPERSION_PE, FREC_DISPERSION_PE)
values ('20013000', '52', 0, 2, 0, 2, 20, 0, 5, 0);
insert into DIAS_DISPERSION (IDMUNICIPIO, IDBANCO, DIAS_DISPERSION_SL, FREC_DISPERSION_SL, DIAS_DISPERSION_PL, FREC_DISPERSION_PL, DIAS_DISPERSION_SE, FREC_DISPERSION_SE, DIAS_DISPERSION_PE, FREC_DISPERSION_PE)
values ('20060000', '52', 0, 2, 0, 2, 20, 0, 5, 0);
insert into DIAS_DISPERSION (IDMUNICIPIO, IDBANCO, DIAS_DISPERSION_SL, FREC_DISPERSION_SL, DIAS_DISPERSION_PL, FREC_DISPERSION_PL, DIAS_DISPERSION_SE, FREC_DISPERSION_SE, DIAS_DISPERSION_PE, FREC_DISPERSION_PE)
values ('20178000', '52', 0, 2, 0, 2, 20, 0, 5, 0);
insert into DIAS_DISPERSION (IDMUNICIPIO, IDBANCO, DIAS_DISPERSION_SL, FREC_DISPERSION_SL, DIAS_DISPERSION_PL, FREC_DISPERSION_PL, DIAS_DISPERSION_SE, FREC_DISPERSION_SE, DIAS_DISPERSION_PE, FREC_DISPERSION_PE)
values ('20228000', '52', 0, 2, 0, 2, 20, 0, 5, 0);
insert into DIAS_DISPERSION (IDMUNICIPIO, IDBANCO, DIAS_DISPERSION_SL, FREC_DISPERSION_SL, DIAS_DISPERSION_PL, FREC_DISPERSION_PL, DIAS_DISPERSION_SE, FREC_DISPERSION_SE, DIAS_DISPERSION_PE, FREC_DISPERSION_PE)
values ('20517000', '52', 0, 2, 0, 2, 20, 0, 5, 0);
insert into DIAS_DISPERSION (IDMUNICIPIO, IDBANCO, DIAS_DISPERSION_SL, FREC_DISPERSION_SL, DIAS_DISPERSION_PL, FREC_DISPERSION_PL, DIAS_DISPERSION_SE, FREC_DISPERSION_SE, DIAS_DISPERSION_PE, FREC_DISPERSION_PE)
values ('20621000', '52', 0, 2, 0, 2, 20, 0, 5, 0);
insert into DIAS_DISPERSION (IDMUNICIPIO, IDBANCO, DIAS_DISPERSION_SL, FREC_DISPERSION_SL, DIAS_DISPERSION_PL, FREC_DISPERSION_PL, DIAS_DISPERSION_SE, FREC_DISPERSION_SE, DIAS_DISPERSION_PE, FREC_DISPERSION_PE)
values ('20710000', '52', 0, 2, 0, 2, 20, 0, 5, 0);
insert into DIAS_DISPERSION (IDMUNICIPIO, IDBANCO, DIAS_DISPERSION_SL, FREC_DISPERSION_SL, DIAS_DISPERSION_PL, FREC_DISPERSION_PL, DIAS_DISPERSION_SE, FREC_DISPERSION_SE, DIAS_DISPERSION_PE, FREC_DISPERSION_PE)
values ('23000000', '52', 0, 2, 0, 2, 20, 0, 5, 0);
insert into DIAS_DISPERSION (IDMUNICIPIO, IDBANCO, DIAS_DISPERSION_SL, FREC_DISPERSION_SL, DIAS_DISPERSION_PL, FREC_DISPERSION_PL, DIAS_DISPERSION_SE, FREC_DISPERSION_SE, DIAS_DISPERSION_PE, FREC_DISPERSION_PE)
values ('23001000', '52', 0, 2, 0, 2, 20, 0, 5, 0);
insert into DIAS_DISPERSION (IDMUNICIPIO, IDBANCO, DIAS_DISPERSION_SL, FREC_DISPERSION_SL, DIAS_DISPERSION_PL, FREC_DISPERSION_PL, DIAS_DISPERSION_SE, FREC_DISPERSION_SE, DIAS_DISPERSION_PE, FREC_DISPERSION_PE)
values ('23162000', '52', 0, 2, 0, 2, 20, 0, 5, 0);
insert into DIAS_DISPERSION (IDMUNICIPIO, IDBANCO, DIAS_DISPERSION_SL, FREC_DISPERSION_SL, DIAS_DISPERSION_PL, FREC_DISPERSION_PL, DIAS_DISPERSION_SE, FREC_DISPERSION_SE, DIAS_DISPERSION_PE, FREC_DISPERSION_PE)
values ('23417000', '52', 0, 2, 0, 2, 20, 0, 5, 0);
insert into DIAS_DISPERSION (IDMUNICIPIO, IDBANCO, DIAS_DISPERSION_SL, FREC_DISPERSION_SL, DIAS_DISPERSION_PL, FREC_DISPERSION_PL, DIAS_DISPERSION_SE, FREC_DISPERSION_SE, DIAS_DISPERSION_PE, FREC_DISPERSION_PE)
values ('23555000', '52', 0, 2, 0, 2, 20, 0, 5, 0);
insert into DIAS_DISPERSION (IDMUNICIPIO, IDBANCO, DIAS_DISPERSION_SL, FREC_DISPERSION_SL, DIAS_DISPERSION_PL, FREC_DISPERSION_PL, DIAS_DISPERSION_SE, FREC_DISPERSION_SE, DIAS_DISPERSION_PE, FREC_DISPERSION_PE)
values ('66045000', '40', 0, 3, 0, 3, 0, 3, 0, 3);
insert into DIAS_DISPERSION (IDMUNICIPIO, IDBANCO, DIAS_DISPERSION_SL, FREC_DISPERSION_SL, DIAS_DISPERSION_PL, FREC_DISPERSION_PL, DIAS_DISPERSION_SE, FREC_DISPERSION_SE, DIAS_DISPERSION_PE, FREC_DISPERSION_PE)
values ('05380000', '50', 0, 3, 0, 3, 0, 3, 0, 3);
insert into DIAS_DISPERSION (IDMUNICIPIO, IDBANCO, DIAS_DISPERSION_SL, FREC_DISPERSION_SL, DIAS_DISPERSION_PL, FREC_DISPERSION_PL, DIAS_DISPERSION_SE, FREC_DISPERSION_SE, DIAS_DISPERSION_PE, FREC_DISPERSION_PE)
values ('19807000', '40', 0, 3, 0, 3, 0, 3, 0, 3);
insert into DIAS_DISPERSION (IDMUNICIPIO, IDBANCO, DIAS_DISPERSION_SL, FREC_DISPERSION_SL, DIAS_DISPERSION_PL, FREC_DISPERSION_PL, DIAS_DISPERSION_SE, FREC_DISPERSION_SE, DIAS_DISPERSION_PE, FREC_DISPERSION_PE)
values ('19824000', '40', 0, 3, 0, 3, 0, 3, 0, 3);
insert into DIAS_DISPERSION (IDMUNICIPIO, IDBANCO, DIAS_DISPERSION_SL, FREC_DISPERSION_SL, DIAS_DISPERSION_PL, FREC_DISPERSION_PL, DIAS_DISPERSION_SE, FREC_DISPERSION_SE, DIAS_DISPERSION_PE, FREC_DISPERSION_PE)
values ('19873000', '40', 0, 3, 0, 3, 0, 3, 0, 3);
insert into DIAS_DISPERSION (IDMUNICIPIO, IDBANCO, DIAS_DISPERSION_SL, FREC_DISPERSION_SL, DIAS_DISPERSION_PL, FREC_DISPERSION_PL, DIAS_DISPERSION_SE, FREC_DISPERSION_SE, DIAS_DISPERSION_PE, FREC_DISPERSION_PE)
values ('19992000', '40', 0, 3, 0, 3, 0, 3, 0, 3);
insert into DIAS_DISPERSION (IDMUNICIPIO, IDBANCO, DIAS_DISPERSION_SL, FREC_DISPERSION_SL, DIAS_DISPERSION_PL, FREC_DISPERSION_PL, DIAS_DISPERSION_SE, FREC_DISPERSION_SE, DIAS_DISPERSION_PE, FREC_DISPERSION_PE)
values ('20001000', '40', 0, 3, 0, 3, 0, 3, 0, 3);
insert into DIAS_DISPERSION (IDMUNICIPIO, IDBANCO, DIAS_DISPERSION_SL, FREC_DISPERSION_SL, DIAS_DISPERSION_PL, FREC_DISPERSION_PL, DIAS_DISPERSION_SE, FREC_DISPERSION_SE, DIAS_DISPERSION_PE, FREC_DISPERSION_PE)
values ('20011000', '40', 0, 3, 0, 3, 0, 3, 0, 3);
insert into DIAS_DISPERSION (IDMUNICIPIO, IDBANCO, DIAS_DISPERSION_SL, FREC_DISPERSION_SL, DIAS_DISPERSION_PL, FREC_DISPERSION_PL, DIAS_DISPERSION_SE, FREC_DISPERSION_SE, DIAS_DISPERSION_PE, FREC_DISPERSION_PE)
values ('20013000', '40', 0, 3, 0, 3, 0, 3, 0, 3);
insert into DIAS_DISPERSION (IDMUNICIPIO, IDBANCO, DIAS_DISPERSION_SL, FREC_DISPERSION_SL, DIAS_DISPERSION_PL, FREC_DISPERSION_PL, DIAS_DISPERSION_SE, FREC_DISPERSION_SE, DIAS_DISPERSION_PE, FREC_DISPERSION_PE)
values ('20060000', '40', 0, 3, 0, 3, 0, 3, 0, 3);
insert into DIAS_DISPERSION (IDMUNICIPIO, IDBANCO, DIAS_DISPERSION_SL, FREC_DISPERSION_SL, DIAS_DISPERSION_PL, FREC_DISPERSION_PL, DIAS_DISPERSION_SE, FREC_DISPERSION_SE, DIAS_DISPERSION_PE, FREC_DISPERSION_PE)
values ('20178000', '40', 0, 3, 0, 3, 0, 3, 0, 3);
insert into DIAS_DISPERSION (IDMUNICIPIO, IDBANCO, DIAS_DISPERSION_SL, FREC_DISPERSION_SL, DIAS_DISPERSION_PL, FREC_DISPERSION_PL, DIAS_DISPERSION_SE, FREC_DISPERSION_SE, DIAS_DISPERSION_PE, FREC_DISPERSION_PE)
values ('20228000', '40', 0, 3, 0, 3, 0, 3, 0, 3);
insert into DIAS_DISPERSION (IDMUNICIPIO, IDBANCO, DIAS_DISPERSION_SL, FREC_DISPERSION_SL, DIAS_DISPERSION_PL, FREC_DISPERSION_PL, DIAS_DISPERSION_SE, FREC_DISPERSION_SE, DIAS_DISPERSION_PE, FREC_DISPERSION_PE)
values ('20517000', '40', 0, 3, 0, 3, 0, 3, 0, 3);
insert into DIAS_DISPERSION (IDMUNICIPIO, IDBANCO, DIAS_DISPERSION_SL, FREC_DISPERSION_SL, DIAS_DISPERSION_PL, FREC_DISPERSION_PL, DIAS_DISPERSION_SE, FREC_DISPERSION_SE, DIAS_DISPERSION_PE, FREC_DISPERSION_PE)
values ('20621000', '40', 0, 3, 0, 3, 0, 3, 0, 3);
insert into DIAS_DISPERSION (IDMUNICIPIO, IDBANCO, DIAS_DISPERSION_SL, FREC_DISPERSION_SL, DIAS_DISPERSION_PL, FREC_DISPERSION_PL, DIAS_DISPERSION_SE, FREC_DISPERSION_SE, DIAS_DISPERSION_PE, FREC_DISPERSION_PE)
values ('20710000', '40', 0, 3, 0, 3, 0, 3, 0, 3);
insert into DIAS_DISPERSION (IDMUNICIPIO, IDBANCO, DIAS_DISPERSION_SL, FREC_DISPERSION_SL, DIAS_DISPERSION_PL, FREC_DISPERSION_PL, DIAS_DISPERSION_SE, FREC_DISPERSION_SE, DIAS_DISPERSION_PE, FREC_DISPERSION_PE)
values ('23000000', '40', 0, 3, 0, 3, 0, 3, 0, 3);
insert into DIAS_DISPERSION (IDMUNICIPIO, IDBANCO, DIAS_DISPERSION_SL, FREC_DISPERSION_SL, DIAS_DISPERSION_PL, FREC_DISPERSION_PL, DIAS_DISPERSION_SE, FREC_DISPERSION_SE, DIAS_DISPERSION_PE, FREC_DISPERSION_PE)
values ('23001000', '40', 0, 3, 0, 3, 0, 3, 0, 3);
insert into DIAS_DISPERSION (IDMUNICIPIO, IDBANCO, DIAS_DISPERSION_SL, FREC_DISPERSION_SL, DIAS_DISPERSION_PL, FREC_DISPERSION_PL, DIAS_DISPERSION_SE, FREC_DISPERSION_SE, DIAS_DISPERSION_PE, FREC_DISPERSION_PE)
values ('23162000', '40', 0, 3, 0, 3, 0, 3, 0, 3);
insert into DIAS_DISPERSION (IDMUNICIPIO, IDBANCO, DIAS_DISPERSION_SL, FREC_DISPERSION_SL, DIAS_DISPERSION_PL, FREC_DISPERSION_PL, DIAS_DISPERSION_SE, FREC_DISPERSION_SE, DIAS_DISPERSION_PE, FREC_DISPERSION_PE)
values ('23417000', '40', 0, 3, 0, 3, 0, 3, 0, 3);
commit;
prompt 200 records committed...
insert into DIAS_DISPERSION (IDMUNICIPIO, IDBANCO, DIAS_DISPERSION_SL, FREC_DISPERSION_SL, DIAS_DISPERSION_PL, FREC_DISPERSION_PL, DIAS_DISPERSION_SE, FREC_DISPERSION_SE, DIAS_DISPERSION_PE, FREC_DISPERSION_PE)
values ('23555000', '40', 0, 3, 0, 3, 0, 3, 0, 3);
insert into DIAS_DISPERSION (IDMUNICIPIO, IDBANCO, DIAS_DISPERSION_SL, FREC_DISPERSION_SL, DIAS_DISPERSION_PL, FREC_DISPERSION_PL, DIAS_DISPERSION_SE, FREC_DISPERSION_SE, DIAS_DISPERSION_PE, FREC_DISPERSION_PE)
values ('23660000', '40', 0, 3, 0, 3, 0, 3, 0, 3);
insert into DIAS_DISPERSION (IDMUNICIPIO, IDBANCO, DIAS_DISPERSION_SL, FREC_DISPERSION_SL, DIAS_DISPERSION_PL, FREC_DISPERSION_PL, DIAS_DISPERSION_SE, FREC_DISPERSION_SE, DIAS_DISPERSION_PE, FREC_DISPERSION_PE)
values ('25000000', '40', 0, 3, 0, 3, 0, 3, 0, 3);
insert into DIAS_DISPERSION (IDMUNICIPIO, IDBANCO, DIAS_DISPERSION_SL, FREC_DISPERSION_SL, DIAS_DISPERSION_PL, FREC_DISPERSION_PL, DIAS_DISPERSION_SE, FREC_DISPERSION_SE, DIAS_DISPERSION_PE, FREC_DISPERSION_PE)
values ('25151000', '40', 0, 3, 0, 3, 0, 3, 0, 3);
insert into DIAS_DISPERSION (IDMUNICIPIO, IDBANCO, DIAS_DISPERSION_SL, FREC_DISPERSION_SL, DIAS_DISPERSION_PL, FREC_DISPERSION_PL, DIAS_DISPERSION_SE, FREC_DISPERSION_SE, DIAS_DISPERSION_PE, FREC_DISPERSION_PE)
values ('25175000', '40', 0, 3, 0, 3, 0, 3, 0, 3);
insert into DIAS_DISPERSION (IDMUNICIPIO, IDBANCO, DIAS_DISPERSION_SL, FREC_DISPERSION_SL, DIAS_DISPERSION_PL, FREC_DISPERSION_PL, DIAS_DISPERSION_SE, FREC_DISPERSION_SE, DIAS_DISPERSION_PE, FREC_DISPERSION_PE)
values ('25183000', '40', 0, 3, 0, 3, 0, 3, 0, 3);
insert into DIAS_DISPERSION (IDMUNICIPIO, IDBANCO, DIAS_DISPERSION_SL, FREC_DISPERSION_SL, DIAS_DISPERSION_PL, FREC_DISPERSION_PL, DIAS_DISPERSION_SE, FREC_DISPERSION_SE, DIAS_DISPERSION_PE, FREC_DISPERSION_PE)
values ('25214000', '40', 0, 3, 0, 3, 0, 3, 0, 3);
insert into DIAS_DISPERSION (IDMUNICIPIO, IDBANCO, DIAS_DISPERSION_SL, FREC_DISPERSION_SL, DIAS_DISPERSION_PL, FREC_DISPERSION_PL, DIAS_DISPERSION_SE, FREC_DISPERSION_SE, DIAS_DISPERSION_PE, FREC_DISPERSION_PE)
values ('25260000', '40', 0, 3, 0, 3, 0, 3, 0, 3);
insert into DIAS_DISPERSION (IDMUNICIPIO, IDBANCO, DIAS_DISPERSION_SL, FREC_DISPERSION_SL, DIAS_DISPERSION_PL, FREC_DISPERSION_PL, DIAS_DISPERSION_SE, FREC_DISPERSION_SE, DIAS_DISPERSION_PE, FREC_DISPERSION_PE)
values ('25269000', '40', 0, 3, 0, 3, 0, 3, 0, 3);
insert into DIAS_DISPERSION (IDMUNICIPIO, IDBANCO, DIAS_DISPERSION_SL, FREC_DISPERSION_SL, DIAS_DISPERSION_PL, FREC_DISPERSION_PL, DIAS_DISPERSION_SE, FREC_DISPERSION_SE, DIAS_DISPERSION_PE, FREC_DISPERSION_PE)
values ('25290000', '40', 0, 3, 0, 3, 0, 3, 0, 3);
insert into DIAS_DISPERSION (IDMUNICIPIO, IDBANCO, DIAS_DISPERSION_SL, FREC_DISPERSION_SL, DIAS_DISPERSION_PL, FREC_DISPERSION_PL, DIAS_DISPERSION_SE, FREC_DISPERSION_SE, DIAS_DISPERSION_PE, FREC_DISPERSION_PE)
values ('25307000', '40', 0, 3, 0, 3, 0, 3, 0, 3);
insert into DIAS_DISPERSION (IDMUNICIPIO, IDBANCO, DIAS_DISPERSION_SL, FREC_DISPERSION_SL, DIAS_DISPERSION_PL, FREC_DISPERSION_PL, DIAS_DISPERSION_SE, FREC_DISPERSION_SE, DIAS_DISPERSION_PE, FREC_DISPERSION_PE)
values ('25335000', '40', 0, 3, 0, 3, 0, 3, 0, 3);
insert into DIAS_DISPERSION (IDMUNICIPIO, IDBANCO, DIAS_DISPERSION_SL, FREC_DISPERSION_SL, DIAS_DISPERSION_PL, FREC_DISPERSION_PL, DIAS_DISPERSION_SE, FREC_DISPERSION_SE, DIAS_DISPERSION_PE, FREC_DISPERSION_PE)
values ('25377000', '40', 0, 3, 0, 3, 0, 3, 0, 3);
insert into DIAS_DISPERSION (IDMUNICIPIO, IDBANCO, DIAS_DISPERSION_SL, FREC_DISPERSION_SL, DIAS_DISPERSION_PL, FREC_DISPERSION_PL, DIAS_DISPERSION_SE, FREC_DISPERSION_SE, DIAS_DISPERSION_PE, FREC_DISPERSION_PE)
values ('25473000', '40', 0, 3, 0, 3, 0, 3, 0, 3);
insert into DIAS_DISPERSION (IDMUNICIPIO, IDBANCO, DIAS_DISPERSION_SL, FREC_DISPERSION_SL, DIAS_DISPERSION_PL, FREC_DISPERSION_PL, DIAS_DISPERSION_SE, FREC_DISPERSION_SE, DIAS_DISPERSION_PE, FREC_DISPERSION_PE)
values ('25513000', '40', 0, 3, 0, 3, 0, 3, 0, 3);
insert into DIAS_DISPERSION (IDMUNICIPIO, IDBANCO, DIAS_DISPERSION_SL, FREC_DISPERSION_SL, DIAS_DISPERSION_PL, FREC_DISPERSION_PL, DIAS_DISPERSION_SE, FREC_DISPERSION_SE, DIAS_DISPERSION_PE, FREC_DISPERSION_PE)
values ('25572000', '40', 0, 3, 0, 3, 0, 3, 0, 3);
insert into DIAS_DISPERSION (IDMUNICIPIO, IDBANCO, DIAS_DISPERSION_SL, FREC_DISPERSION_SL, DIAS_DISPERSION_PL, FREC_DISPERSION_PL, DIAS_DISPERSION_SE, FREC_DISPERSION_SE, DIAS_DISPERSION_PE, FREC_DISPERSION_PE)
values ('25612000', '40', 0, 3, 0, 3, 0, 3, 0, 3);
insert into DIAS_DISPERSION (IDMUNICIPIO, IDBANCO, DIAS_DISPERSION_SL, FREC_DISPERSION_SL, DIAS_DISPERSION_PL, FREC_DISPERSION_PL, DIAS_DISPERSION_SE, FREC_DISPERSION_SE, DIAS_DISPERSION_PE, FREC_DISPERSION_PE)
values ('25754000', '40', 0, 3, 0, 3, 0, 3, 0, 3);
insert into DIAS_DISPERSION (IDMUNICIPIO, IDBANCO, DIAS_DISPERSION_SL, FREC_DISPERSION_SL, DIAS_DISPERSION_PL, FREC_DISPERSION_PL, DIAS_DISPERSION_SE, FREC_DISPERSION_SE, DIAS_DISPERSION_PE, FREC_DISPERSION_PE)
values ('25843000', '40', 0, 3, 0, 3, 0, 3, 0, 3);
insert into DIAS_DISPERSION (IDMUNICIPIO, IDBANCO, DIAS_DISPERSION_SL, FREC_DISPERSION_SL, DIAS_DISPERSION_PL, FREC_DISPERSION_PL, DIAS_DISPERSION_SE, FREC_DISPERSION_SE, DIAS_DISPERSION_PE, FREC_DISPERSION_PE)
values ('25875000', '40', 0, 3, 0, 3, 0, 3, 0, 3);
insert into DIAS_DISPERSION (IDMUNICIPIO, IDBANCO, DIAS_DISPERSION_SL, FREC_DISPERSION_SL, DIAS_DISPERSION_PL, FREC_DISPERSION_PL, DIAS_DISPERSION_SE, FREC_DISPERSION_SE, DIAS_DISPERSION_PE, FREC_DISPERSION_PE)
values ('25899000', '40', 0, 3, 0, 3, 0, 3, 0, 3);
insert into DIAS_DISPERSION (IDMUNICIPIO, IDBANCO, DIAS_DISPERSION_SL, FREC_DISPERSION_SL, DIAS_DISPERSION_PL, FREC_DISPERSION_PL, DIAS_DISPERSION_SE, FREC_DISPERSION_SE, DIAS_DISPERSION_PE, FREC_DISPERSION_PE)
values ('27000000', '40', 0, 3, 0, 3, 0, 3, 0, 3);
insert into DIAS_DISPERSION (IDMUNICIPIO, IDBANCO, DIAS_DISPERSION_SL, FREC_DISPERSION_SL, DIAS_DISPERSION_PL, FREC_DISPERSION_PL, DIAS_DISPERSION_SE, FREC_DISPERSION_SE, DIAS_DISPERSION_PE, FREC_DISPERSION_PE)
values ('27001000', '40', 0, 3, 0, 3, 0, 3, 0, 3);
insert into DIAS_DISPERSION (IDMUNICIPIO, IDBANCO, DIAS_DISPERSION_SL, FREC_DISPERSION_SL, DIAS_DISPERSION_PL, FREC_DISPERSION_PL, DIAS_DISPERSION_SE, FREC_DISPERSION_SE, DIAS_DISPERSION_PE, FREC_DISPERSION_PE)
values ('27245000', '40', 0, 3, 0, 3, 0, 3, 0, 3);
insert into DIAS_DISPERSION (IDMUNICIPIO, IDBANCO, DIAS_DISPERSION_SL, FREC_DISPERSION_SL, DIAS_DISPERSION_PL, FREC_DISPERSION_PL, DIAS_DISPERSION_SE, FREC_DISPERSION_SE, DIAS_DISPERSION_PE, FREC_DISPERSION_PE)
values ('41000000', '40', 0, 3, 0, 3, 0, 3, 0, 3);
insert into DIAS_DISPERSION (IDMUNICIPIO, IDBANCO, DIAS_DISPERSION_SL, FREC_DISPERSION_SL, DIAS_DISPERSION_PL, FREC_DISPERSION_PL, DIAS_DISPERSION_SE, FREC_DISPERSION_SE, DIAS_DISPERSION_PE, FREC_DISPERSION_PE)
values ('41001000', '40', 0, 3, 0, 3, 0, 3, 0, 3);
insert into DIAS_DISPERSION (IDMUNICIPIO, IDBANCO, DIAS_DISPERSION_SL, FREC_DISPERSION_SL, DIAS_DISPERSION_PL, FREC_DISPERSION_PL, DIAS_DISPERSION_SE, FREC_DISPERSION_SE, DIAS_DISPERSION_PE, FREC_DISPERSION_PE)
values ('41016000', '40', 0, 3, 0, 3, 0, 3, 0, 3);
insert into DIAS_DISPERSION (IDMUNICIPIO, IDBANCO, DIAS_DISPERSION_SL, FREC_DISPERSION_SL, DIAS_DISPERSION_PL, FREC_DISPERSION_PL, DIAS_DISPERSION_SE, FREC_DISPERSION_SE, DIAS_DISPERSION_PE, FREC_DISPERSION_PE)
values ('41132000', '40', 0, 3, 0, 3, 0, 3, 0, 3);
insert into DIAS_DISPERSION (IDMUNICIPIO, IDBANCO, DIAS_DISPERSION_SL, FREC_DISPERSION_SL, DIAS_DISPERSION_PL, FREC_DISPERSION_PL, DIAS_DISPERSION_SE, FREC_DISPERSION_SE, DIAS_DISPERSION_PE, FREC_DISPERSION_PE)
values ('41298000', '40', 0, 3, 0, 3, 0, 3, 0, 3);
insert into DIAS_DISPERSION (IDMUNICIPIO, IDBANCO, DIAS_DISPERSION_SL, FREC_DISPERSION_SL, DIAS_DISPERSION_PL, FREC_DISPERSION_PL, DIAS_DISPERSION_SE, FREC_DISPERSION_SE, DIAS_DISPERSION_PE, FREC_DISPERSION_PE)
values ('41319000', '40', 0, 3, 0, 3, 0, 3, 0, 3);
insert into DIAS_DISPERSION (IDMUNICIPIO, IDBANCO, DIAS_DISPERSION_SL, FREC_DISPERSION_SL, DIAS_DISPERSION_PL, FREC_DISPERSION_PL, DIAS_DISPERSION_SE, FREC_DISPERSION_SE, DIAS_DISPERSION_PE, FREC_DISPERSION_PE)
values ('41396000', '40', 0, 3, 0, 3, 0, 3, 0, 3);
insert into DIAS_DISPERSION (IDMUNICIPIO, IDBANCO, DIAS_DISPERSION_SL, FREC_DISPERSION_SL, DIAS_DISPERSION_PL, FREC_DISPERSION_PL, DIAS_DISPERSION_SE, FREC_DISPERSION_SE, DIAS_DISPERSION_PE, FREC_DISPERSION_PE)
values ('41524000', '40', 0, 3, 0, 3, 0, 3, 0, 3);
insert into DIAS_DISPERSION (IDMUNICIPIO, IDBANCO, DIAS_DISPERSION_SL, FREC_DISPERSION_SL, DIAS_DISPERSION_PL, FREC_DISPERSION_PL, DIAS_DISPERSION_SE, FREC_DISPERSION_SE, DIAS_DISPERSION_PE, FREC_DISPERSION_PE)
values ('41551000', '40', 0, 3, 0, 3, 0, 3, 0, 3);
insert into DIAS_DISPERSION (IDMUNICIPIO, IDBANCO, DIAS_DISPERSION_SL, FREC_DISPERSION_SL, DIAS_DISPERSION_PL, FREC_DISPERSION_PL, DIAS_DISPERSION_SE, FREC_DISPERSION_SE, DIAS_DISPERSION_PE, FREC_DISPERSION_PE)
values ('41791000', '40', 0, 3, 0, 3, 0, 3, 0, 3);
insert into DIAS_DISPERSION (IDMUNICIPIO, IDBANCO, DIAS_DISPERSION_SL, FREC_DISPERSION_SL, DIAS_DISPERSION_PL, FREC_DISPERSION_PL, DIAS_DISPERSION_SE, FREC_DISPERSION_SE, DIAS_DISPERSION_PE, FREC_DISPERSION_PE)
values ('41807000', '40', 0, 3, 0, 3, 0, 3, 0, 3);
insert into DIAS_DISPERSION (IDMUNICIPIO, IDBANCO, DIAS_DISPERSION_SL, FREC_DISPERSION_SL, DIAS_DISPERSION_PL, FREC_DISPERSION_PL, DIAS_DISPERSION_SE, FREC_DISPERSION_SE, DIAS_DISPERSION_PE, FREC_DISPERSION_PE)
values ('44000000', '40', 0, 3, 0, 3, 0, 3, 0, 3);
insert into DIAS_DISPERSION (IDMUNICIPIO, IDBANCO, DIAS_DISPERSION_SL, FREC_DISPERSION_SL, DIAS_DISPERSION_PL, FREC_DISPERSION_PL, DIAS_DISPERSION_SE, FREC_DISPERSION_SE, DIAS_DISPERSION_PE, FREC_DISPERSION_PE)
values ('44001000', '40', 0, 3, 0, 3, 0, 3, 0, 3);
insert into DIAS_DISPERSION (IDMUNICIPIO, IDBANCO, DIAS_DISPERSION_SL, FREC_DISPERSION_SL, DIAS_DISPERSION_PL, FREC_DISPERSION_PL, DIAS_DISPERSION_SE, FREC_DISPERSION_SE, DIAS_DISPERSION_PE, FREC_DISPERSION_PE)
values ('47001000', '40', 0, 3, 0, 3, 0, 3, 0, 3);
insert into DIAS_DISPERSION (IDMUNICIPIO, IDBANCO, DIAS_DISPERSION_SL, FREC_DISPERSION_SL, DIAS_DISPERSION_PL, FREC_DISPERSION_PL, DIAS_DISPERSION_SE, FREC_DISPERSION_SE, DIAS_DISPERSION_PE, FREC_DISPERSION_PE)
values ('47053000', '40', 0, 3, 0, 3, 0, 3, 0, 3);
insert into DIAS_DISPERSION (IDMUNICIPIO, IDBANCO, DIAS_DISPERSION_SL, FREC_DISPERSION_SL, DIAS_DISPERSION_PL, FREC_DISPERSION_PL, DIAS_DISPERSION_SE, FREC_DISPERSION_SE, DIAS_DISPERSION_PE, FREC_DISPERSION_PE)
values ('47189000', '40', 0, 3, 0, 3, 0, 3, 0, 3);
insert into DIAS_DISPERSION (IDMUNICIPIO, IDBANCO, DIAS_DISPERSION_SL, FREC_DISPERSION_SL, DIAS_DISPERSION_PL, FREC_DISPERSION_PL, DIAS_DISPERSION_SE, FREC_DISPERSION_SE, DIAS_DISPERSION_PE, FREC_DISPERSION_PE)
values ('47245000', '40', 0, 3, 0, 3, 0, 3, 0, 3);
insert into DIAS_DISPERSION (IDMUNICIPIO, IDBANCO, DIAS_DISPERSION_SL, FREC_DISPERSION_SL, DIAS_DISPERSION_PL, FREC_DISPERSION_PL, DIAS_DISPERSION_SE, FREC_DISPERSION_SE, DIAS_DISPERSION_PE, FREC_DISPERSION_PE)
values ('47288000', '40', 0, 3, 0, 3, 0, 3, 0, 3);
insert into DIAS_DISPERSION (IDMUNICIPIO, IDBANCO, DIAS_DISPERSION_SL, FREC_DISPERSION_SL, DIAS_DISPERSION_PL, FREC_DISPERSION_PL, DIAS_DISPERSION_SE, FREC_DISPERSION_SE, DIAS_DISPERSION_PE, FREC_DISPERSION_PE)
values ('47555000', '40', 0, 3, 0, 3, 0, 3, 0, 3);
insert into DIAS_DISPERSION (IDMUNICIPIO, IDBANCO, DIAS_DISPERSION_SL, FREC_DISPERSION_SL, DIAS_DISPERSION_PL, FREC_DISPERSION_PL, DIAS_DISPERSION_SE, FREC_DISPERSION_SE, DIAS_DISPERSION_PE, FREC_DISPERSION_PE)
values ('50000000', '40', 0, 3, 0, 3, 0, 3, 0, 3);
insert into DIAS_DISPERSION (IDMUNICIPIO, IDBANCO, DIAS_DISPERSION_SL, FREC_DISPERSION_SL, DIAS_DISPERSION_PL, FREC_DISPERSION_PL, DIAS_DISPERSION_SE, FREC_DISPERSION_SE, DIAS_DISPERSION_PE, FREC_DISPERSION_PE)
values ('50001000', '40', 0, 3, 0, 3, 0, 3, 0, 3);
insert into DIAS_DISPERSION (IDMUNICIPIO, IDBANCO, DIAS_DISPERSION_SL, FREC_DISPERSION_SL, DIAS_DISPERSION_PL, FREC_DISPERSION_PL, DIAS_DISPERSION_SE, FREC_DISPERSION_SE, DIAS_DISPERSION_PE, FREC_DISPERSION_PE)
values ('50006000', '40', 0, 3, 0, 3, 0, 3, 0, 3);
insert into DIAS_DISPERSION (IDMUNICIPIO, IDBANCO, DIAS_DISPERSION_SL, FREC_DISPERSION_SL, DIAS_DISPERSION_PL, FREC_DISPERSION_PL, DIAS_DISPERSION_SE, FREC_DISPERSION_SE, DIAS_DISPERSION_PE, FREC_DISPERSION_PE)
values ('50313000', '40', 0, 3, 0, 3, 0, 3, 0, 3);
insert into DIAS_DISPERSION (IDMUNICIPIO, IDBANCO, DIAS_DISPERSION_SL, FREC_DISPERSION_SL, DIAS_DISPERSION_PL, FREC_DISPERSION_PL, DIAS_DISPERSION_SE, FREC_DISPERSION_SE, DIAS_DISPERSION_PE, FREC_DISPERSION_PE)
values ('50606000', '40', 0, 3, 0, 3, 0, 3, 0, 3);
insert into DIAS_DISPERSION (IDMUNICIPIO, IDBANCO, DIAS_DISPERSION_SL, FREC_DISPERSION_SL, DIAS_DISPERSION_PL, FREC_DISPERSION_PL, DIAS_DISPERSION_SE, FREC_DISPERSION_SE, DIAS_DISPERSION_PE, FREC_DISPERSION_PE)
values ('52000000', '40', 0, 3, 0, 3, 0, 3, 0, 3);
insert into DIAS_DISPERSION (IDMUNICIPIO, IDBANCO, DIAS_DISPERSION_SL, FREC_DISPERSION_SL, DIAS_DISPERSION_PL, FREC_DISPERSION_PL, DIAS_DISPERSION_SE, FREC_DISPERSION_SE, DIAS_DISPERSION_PE, FREC_DISPERSION_PE)
values ('52001000', '40', 0, 3, 0, 3, 0, 3, 0, 3);
insert into DIAS_DISPERSION (IDMUNICIPIO, IDBANCO, DIAS_DISPERSION_SL, FREC_DISPERSION_SL, DIAS_DISPERSION_PL, FREC_DISPERSION_PL, DIAS_DISPERSION_SE, FREC_DISPERSION_SE, DIAS_DISPERSION_PE, FREC_DISPERSION_PE)
values ('52356000', '40', 0, 3, 0, 3, 0, 3, 0, 3);
insert into DIAS_DISPERSION (IDMUNICIPIO, IDBANCO, DIAS_DISPERSION_SL, FREC_DISPERSION_SL, DIAS_DISPERSION_PL, FREC_DISPERSION_PL, DIAS_DISPERSION_SE, FREC_DISPERSION_SE, DIAS_DISPERSION_PE, FREC_DISPERSION_PE)
values ('52480000', '40', 0, 3, 0, 3, 0, 3, 0, 3);
insert into DIAS_DISPERSION (IDMUNICIPIO, IDBANCO, DIAS_DISPERSION_SL, FREC_DISPERSION_SL, DIAS_DISPERSION_PL, FREC_DISPERSION_PL, DIAS_DISPERSION_SE, FREC_DISPERSION_SE, DIAS_DISPERSION_PE, FREC_DISPERSION_PE)
values ('52835000', '40', 0, 3, 0, 3, 0, 3, 0, 3);
insert into DIAS_DISPERSION (IDMUNICIPIO, IDBANCO, DIAS_DISPERSION_SL, FREC_DISPERSION_SL, DIAS_DISPERSION_PL, FREC_DISPERSION_PL, DIAS_DISPERSION_SE, FREC_DISPERSION_SE, DIAS_DISPERSION_PE, FREC_DISPERSION_PE)
values ('52838000', '40', 0, 3, 0, 3, 0, 3, 0, 3);
insert into DIAS_DISPERSION (IDMUNICIPIO, IDBANCO, DIAS_DISPERSION_SL, FREC_DISPERSION_SL, DIAS_DISPERSION_PL, FREC_DISPERSION_PL, DIAS_DISPERSION_SE, FREC_DISPERSION_SE, DIAS_DISPERSION_PE, FREC_DISPERSION_PE)
values ('54001000', '40', 0, 3, 0, 3, 0, 3, 0, 3);
insert into DIAS_DISPERSION (IDMUNICIPIO, IDBANCO, DIAS_DISPERSION_SL, FREC_DISPERSION_SL, DIAS_DISPERSION_PL, FREC_DISPERSION_PL, DIAS_DISPERSION_SE, FREC_DISPERSION_SE, DIAS_DISPERSION_PE, FREC_DISPERSION_PE)
values ('54003000', '40', 0, 3, 0, 3, 0, 3, 0, 3);
insert into DIAS_DISPERSION (IDMUNICIPIO, IDBANCO, DIAS_DISPERSION_SL, FREC_DISPERSION_SL, DIAS_DISPERSION_PL, FREC_DISPERSION_PL, DIAS_DISPERSION_SE, FREC_DISPERSION_SE, DIAS_DISPERSION_PE, FREC_DISPERSION_PE)
values ('54206000', '40', 0, 3, 0, 3, 0, 3, 0, 3);
insert into DIAS_DISPERSION (IDMUNICIPIO, IDBANCO, DIAS_DISPERSION_SL, FREC_DISPERSION_SL, DIAS_DISPERSION_PL, FREC_DISPERSION_PL, DIAS_DISPERSION_SE, FREC_DISPERSION_SE, DIAS_DISPERSION_PE, FREC_DISPERSION_PE)
values ('54261000', '40', 0, 3, 0, 3, 0, 3, 0, 3);
insert into DIAS_DISPERSION (IDMUNICIPIO, IDBANCO, DIAS_DISPERSION_SL, FREC_DISPERSION_SL, DIAS_DISPERSION_PL, FREC_DISPERSION_PL, DIAS_DISPERSION_SE, FREC_DISPERSION_SE, DIAS_DISPERSION_PE, FREC_DISPERSION_PE)
values ('54405000', '40', 0, 3, 0, 3, 0, 3, 0, 3);
insert into DIAS_DISPERSION (IDMUNICIPIO, IDBANCO, DIAS_DISPERSION_SL, FREC_DISPERSION_SL, DIAS_DISPERSION_PL, FREC_DISPERSION_PL, DIAS_DISPERSION_SE, FREC_DISPERSION_SE, DIAS_DISPERSION_PE, FREC_DISPERSION_PE)
values ('54498000', '40', 0, 3, 0, 3, 0, 3, 0, 3);
insert into DIAS_DISPERSION (IDMUNICIPIO, IDBANCO, DIAS_DISPERSION_SL, FREC_DISPERSION_SL, DIAS_DISPERSION_PL, FREC_DISPERSION_PL, DIAS_DISPERSION_SE, FREC_DISPERSION_SE, DIAS_DISPERSION_PE, FREC_DISPERSION_PE)
values ('54518000', '40', 0, 3, 0, 3, 0, 3, 0, 3);
insert into DIAS_DISPERSION (IDMUNICIPIO, IDBANCO, DIAS_DISPERSION_SL, FREC_DISPERSION_SL, DIAS_DISPERSION_PL, FREC_DISPERSION_PL, DIAS_DISPERSION_SE, FREC_DISPERSION_SE, DIAS_DISPERSION_PE, FREC_DISPERSION_PE)
values ('54874000', '40', 0, 3, 0, 3, 0, 3, 0, 3);
insert into DIAS_DISPERSION (IDMUNICIPIO, IDBANCO, DIAS_DISPERSION_SL, FREC_DISPERSION_SL, DIAS_DISPERSION_PL, FREC_DISPERSION_PL, DIAS_DISPERSION_SE, FREC_DISPERSION_SE, DIAS_DISPERSION_PE, FREC_DISPERSION_PE)
values ('63001000', '40', 0, 3, 0, 3, 0, 3, 0, 3);
insert into DIAS_DISPERSION (IDMUNICIPIO, IDBANCO, DIAS_DISPERSION_SL, FREC_DISPERSION_SL, DIAS_DISPERSION_PL, FREC_DISPERSION_PL, DIAS_DISPERSION_SE, FREC_DISPERSION_SE, DIAS_DISPERSION_PE, FREC_DISPERSION_PE)
values ('63130000', '40', 0, 3, 0, 3, 0, 3, 0, 3);
insert into DIAS_DISPERSION (IDMUNICIPIO, IDBANCO, DIAS_DISPERSION_SL, FREC_DISPERSION_SL, DIAS_DISPERSION_PL, FREC_DISPERSION_PL, DIAS_DISPERSION_SE, FREC_DISPERSION_SE, DIAS_DISPERSION_PE, FREC_DISPERSION_PE)
values ('63190000', '40', 0, 3, 0, 3, 0, 3, 0, 3);
insert into DIAS_DISPERSION (IDMUNICIPIO, IDBANCO, DIAS_DISPERSION_SL, FREC_DISPERSION_SL, DIAS_DISPERSION_PL, FREC_DISPERSION_PL, DIAS_DISPERSION_SE, FREC_DISPERSION_SE, DIAS_DISPERSION_PE, FREC_DISPERSION_PE)
values ('63272000', '40', 0, 3, 0, 3, 0, 3, 0, 3);
insert into DIAS_DISPERSION (IDMUNICIPIO, IDBANCO, DIAS_DISPERSION_SL, FREC_DISPERSION_SL, DIAS_DISPERSION_PL, FREC_DISPERSION_PL, DIAS_DISPERSION_SE, FREC_DISPERSION_SE, DIAS_DISPERSION_PE, FREC_DISPERSION_PE)
values ('63401000', '40', 0, 3, 0, 3, 0, 3, 0, 3);
insert into DIAS_DISPERSION (IDMUNICIPIO, IDBANCO, DIAS_DISPERSION_SL, FREC_DISPERSION_SL, DIAS_DISPERSION_PL, FREC_DISPERSION_PL, DIAS_DISPERSION_SE, FREC_DISPERSION_SE, DIAS_DISPERSION_PE, FREC_DISPERSION_PE)
values ('63470000', '40', 0, 3, 0, 3, 0, 3, 0, 3);
insert into DIAS_DISPERSION (IDMUNICIPIO, IDBANCO, DIAS_DISPERSION_SL, FREC_DISPERSION_SL, DIAS_DISPERSION_PL, FREC_DISPERSION_PL, DIAS_DISPERSION_SE, FREC_DISPERSION_SE, DIAS_DISPERSION_PE, FREC_DISPERSION_PE)
values ('63594000', '40', 0, 3, 0, 3, 0, 3, 0, 3);
insert into DIAS_DISPERSION (IDMUNICIPIO, IDBANCO, DIAS_DISPERSION_SL, FREC_DISPERSION_SL, DIAS_DISPERSION_PL, FREC_DISPERSION_PL, DIAS_DISPERSION_SE, FREC_DISPERSION_SE, DIAS_DISPERSION_PE, FREC_DISPERSION_PE)
values ('63690000', '40', 0, 3, 0, 3, 0, 3, 0, 3);
insert into DIAS_DISPERSION (IDMUNICIPIO, IDBANCO, DIAS_DISPERSION_SL, FREC_DISPERSION_SL, DIAS_DISPERSION_PL, FREC_DISPERSION_PL, DIAS_DISPERSION_SE, FREC_DISPERSION_SE, DIAS_DISPERSION_PE, FREC_DISPERSION_PE)
values ('66001000', '40', 0, 3, 0, 3, 0, 3, 0, 3);
insert into DIAS_DISPERSION (IDMUNICIPIO, IDBANCO, DIAS_DISPERSION_SL, FREC_DISPERSION_SL, DIAS_DISPERSION_PL, FREC_DISPERSION_PL, DIAS_DISPERSION_SE, FREC_DISPERSION_SE, DIAS_DISPERSION_PE, FREC_DISPERSION_PE)
values ('66075000', '40', 0, 3, 0, 3, 0, 3, 0, 3);
insert into DIAS_DISPERSION (IDMUNICIPIO, IDBANCO, DIAS_DISPERSION_SL, FREC_DISPERSION_SL, DIAS_DISPERSION_PL, FREC_DISPERSION_PL, DIAS_DISPERSION_SE, FREC_DISPERSION_SE, DIAS_DISPERSION_PE, FREC_DISPERSION_PE)
values ('66088000', '40', 0, 3, 0, 3, 0, 3, 0, 3);
insert into DIAS_DISPERSION (IDMUNICIPIO, IDBANCO, DIAS_DISPERSION_SL, FREC_DISPERSION_SL, DIAS_DISPERSION_PL, FREC_DISPERSION_PL, DIAS_DISPERSION_SE, FREC_DISPERSION_SE, DIAS_DISPERSION_PE, FREC_DISPERSION_PE)
values ('66170000', '40', 0, 3, 0, 3, 0, 3, 0, 3);
insert into DIAS_DISPERSION (IDMUNICIPIO, IDBANCO, DIAS_DISPERSION_SL, FREC_DISPERSION_SL, DIAS_DISPERSION_PL, FREC_DISPERSION_PL, DIAS_DISPERSION_SE, FREC_DISPERSION_SE, DIAS_DISPERSION_PE, FREC_DISPERSION_PE)
values ('66400000', '40', 0, 3, 0, 3, 0, 3, 0, 3);
insert into DIAS_DISPERSION (IDMUNICIPIO, IDBANCO, DIAS_DISPERSION_SL, FREC_DISPERSION_SL, DIAS_DISPERSION_PL, FREC_DISPERSION_PL, DIAS_DISPERSION_SE, FREC_DISPERSION_SE, DIAS_DISPERSION_PE, FREC_DISPERSION_PE)
values ('66594000', '40', 0, 3, 0, 3, 0, 3, 0, 3);
insert into DIAS_DISPERSION (IDMUNICIPIO, IDBANCO, DIAS_DISPERSION_SL, FREC_DISPERSION_SL, DIAS_DISPERSION_PL, FREC_DISPERSION_PL, DIAS_DISPERSION_SE, FREC_DISPERSION_SE, DIAS_DISPERSION_PE, FREC_DISPERSION_PE)
values ('66682000', '40', 0, 3, 0, 3, 0, 3, 0, 3);
insert into DIAS_DISPERSION (IDMUNICIPIO, IDBANCO, DIAS_DISPERSION_SL, FREC_DISPERSION_SL, DIAS_DISPERSION_PL, FREC_DISPERSION_PL, DIAS_DISPERSION_SE, FREC_DISPERSION_SE, DIAS_DISPERSION_PE, FREC_DISPERSION_PE)
values ('68001000', '40', 0, 3, 0, 3, 0, 3, 0, 3);
insert into DIAS_DISPERSION (IDMUNICIPIO, IDBANCO, DIAS_DISPERSION_SL, FREC_DISPERSION_SL, DIAS_DISPERSION_PL, FREC_DISPERSION_PL, DIAS_DISPERSION_SE, FREC_DISPERSION_SE, DIAS_DISPERSION_PE, FREC_DISPERSION_PE)
values ('68051000', '40', 0, 3, 0, 3, 0, 3, 0, 3);
insert into DIAS_DISPERSION (IDMUNICIPIO, IDBANCO, DIAS_DISPERSION_SL, FREC_DISPERSION_SL, DIAS_DISPERSION_PL, FREC_DISPERSION_PL, DIAS_DISPERSION_SE, FREC_DISPERSION_SE, DIAS_DISPERSION_PE, FREC_DISPERSION_PE)
values ('68077000', '40', 0, 3, 0, 3, 0, 3, 0, 3);
insert into DIAS_DISPERSION (IDMUNICIPIO, IDBANCO, DIAS_DISPERSION_SL, FREC_DISPERSION_SL, DIAS_DISPERSION_PL, FREC_DISPERSION_PL, DIAS_DISPERSION_SE, FREC_DISPERSION_SE, DIAS_DISPERSION_PE, FREC_DISPERSION_PE)
values ('68081000', '40', 0, 3, 0, 3, 0, 3, 0, 3);
insert into DIAS_DISPERSION (IDMUNICIPIO, IDBANCO, DIAS_DISPERSION_SL, FREC_DISPERSION_SL, DIAS_DISPERSION_PL, FREC_DISPERSION_PL, DIAS_DISPERSION_SE, FREC_DISPERSION_SE, DIAS_DISPERSION_PE, FREC_DISPERSION_PE)
values ('68167000', '40', 0, 3, 0, 3, 0, 3, 0, 3);
insert into DIAS_DISPERSION (IDMUNICIPIO, IDBANCO, DIAS_DISPERSION_SL, FREC_DISPERSION_SL, DIAS_DISPERSION_PL, FREC_DISPERSION_PL, DIAS_DISPERSION_SE, FREC_DISPERSION_SE, DIAS_DISPERSION_PE, FREC_DISPERSION_PE)
values ('68190000', '40', 0, 3, 0, 3, 0, 3, 0, 3);
insert into DIAS_DISPERSION (IDMUNICIPIO, IDBANCO, DIAS_DISPERSION_SL, FREC_DISPERSION_SL, DIAS_DISPERSION_PL, FREC_DISPERSION_PL, DIAS_DISPERSION_SE, FREC_DISPERSION_SE, DIAS_DISPERSION_PE, FREC_DISPERSION_PE)
values ('68229000', '40', 0, 3, 0, 3, 0, 3, 0, 3);
insert into DIAS_DISPERSION (IDMUNICIPIO, IDBANCO, DIAS_DISPERSION_SL, FREC_DISPERSION_SL, DIAS_DISPERSION_PL, FREC_DISPERSION_PL, DIAS_DISPERSION_SE, FREC_DISPERSION_SE, DIAS_DISPERSION_PE, FREC_DISPERSION_PE)
values ('68255000', '40', 0, 3, 0, 3, 0, 3, 0, 3);
insert into DIAS_DISPERSION (IDMUNICIPIO, IDBANCO, DIAS_DISPERSION_SL, FREC_DISPERSION_SL, DIAS_DISPERSION_PL, FREC_DISPERSION_PL, DIAS_DISPERSION_SE, FREC_DISPERSION_SE, DIAS_DISPERSION_PE, FREC_DISPERSION_PE)
values ('68276000', '40', 0, 3, 0, 3, 0, 3, 0, 3);
insert into DIAS_DISPERSION (IDMUNICIPIO, IDBANCO, DIAS_DISPERSION_SL, FREC_DISPERSION_SL, DIAS_DISPERSION_PL, FREC_DISPERSION_PL, DIAS_DISPERSION_SE, FREC_DISPERSION_SE, DIAS_DISPERSION_PE, FREC_DISPERSION_PE)
values ('68307000', '40', 0, 3, 0, 3, 0, 3, 0, 3);
insert into DIAS_DISPERSION (IDMUNICIPIO, IDBANCO, DIAS_DISPERSION_SL, FREC_DISPERSION_SL, DIAS_DISPERSION_PL, FREC_DISPERSION_PL, DIAS_DISPERSION_SE, FREC_DISPERSION_SE, DIAS_DISPERSION_PE, FREC_DISPERSION_PE)
values ('68397000', '40', 0, 3, 0, 3, 0, 3, 0, 3);
insert into DIAS_DISPERSION (IDMUNICIPIO, IDBANCO, DIAS_DISPERSION_SL, FREC_DISPERSION_SL, DIAS_DISPERSION_PL, FREC_DISPERSION_PL, DIAS_DISPERSION_SE, FREC_DISPERSION_SE, DIAS_DISPERSION_PE, FREC_DISPERSION_PE)
values ('68406000', '40', 0, 3, 0, 3, 0, 3, 0, 3);
insert into DIAS_DISPERSION (IDMUNICIPIO, IDBANCO, DIAS_DISPERSION_SL, FREC_DISPERSION_SL, DIAS_DISPERSION_PL, FREC_DISPERSION_PL, DIAS_DISPERSION_SE, FREC_DISPERSION_SE, DIAS_DISPERSION_PE, FREC_DISPERSION_PE)
values ('68432000', '40', 0, 3, 0, 3, 0, 3, 0, 3);
insert into DIAS_DISPERSION (IDMUNICIPIO, IDBANCO, DIAS_DISPERSION_SL, FREC_DISPERSION_SL, DIAS_DISPERSION_PL, FREC_DISPERSION_PL, DIAS_DISPERSION_SE, FREC_DISPERSION_SE, DIAS_DISPERSION_PE, FREC_DISPERSION_PE)
values ('68500000', '40', 0, 3, 0, 3, 0, 3, 0, 3);
insert into DIAS_DISPERSION (IDMUNICIPIO, IDBANCO, DIAS_DISPERSION_SL, FREC_DISPERSION_SL, DIAS_DISPERSION_PL, FREC_DISPERSION_PL, DIAS_DISPERSION_SE, FREC_DISPERSION_SE, DIAS_DISPERSION_PE, FREC_DISPERSION_PE)
values ('68547000', '40', 0, 3, 0, 3, 0, 3, 0, 3);
insert into DIAS_DISPERSION (IDMUNICIPIO, IDBANCO, DIAS_DISPERSION_SL, FREC_DISPERSION_SL, DIAS_DISPERSION_PL, FREC_DISPERSION_PL, DIAS_DISPERSION_SE, FREC_DISPERSION_SE, DIAS_DISPERSION_PE, FREC_DISPERSION_PE)
values ('68572000', '40', 0, 3, 0, 3, 0, 3, 0, 3);
insert into DIAS_DISPERSION (IDMUNICIPIO, IDBANCO, DIAS_DISPERSION_SL, FREC_DISPERSION_SL, DIAS_DISPERSION_PL, FREC_DISPERSION_PL, DIAS_DISPERSION_SE, FREC_DISPERSION_SE, DIAS_DISPERSION_PE, FREC_DISPERSION_PE)
values ('68615000', '40', 0, 3, 0, 3, 0, 3, 0, 3);
insert into DIAS_DISPERSION (IDMUNICIPIO, IDBANCO, DIAS_DISPERSION_SL, FREC_DISPERSION_SL, DIAS_DISPERSION_PL, FREC_DISPERSION_PL, DIAS_DISPERSION_SE, FREC_DISPERSION_SE, DIAS_DISPERSION_PE, FREC_DISPERSION_PE)
values ('68655000', '40', 0, 3, 0, 3, 0, 3, 0, 3);
insert into DIAS_DISPERSION (IDMUNICIPIO, IDBANCO, DIAS_DISPERSION_SL, FREC_DISPERSION_SL, DIAS_DISPERSION_PL, FREC_DISPERSION_PL, DIAS_DISPERSION_SE, FREC_DISPERSION_SE, DIAS_DISPERSION_PE, FREC_DISPERSION_PE)
values ('68679000', '40', 0, 3, 0, 3, 0, 3, 0, 3);
insert into DIAS_DISPERSION (IDMUNICIPIO, IDBANCO, DIAS_DISPERSION_SL, FREC_DISPERSION_SL, DIAS_DISPERSION_PL, FREC_DISPERSION_PL, DIAS_DISPERSION_SE, FREC_DISPERSION_SE, DIAS_DISPERSION_PE, FREC_DISPERSION_PE)
values ('68689000', '40', 0, 3, 0, 3, 0, 3, 0, 3);
insert into DIAS_DISPERSION (IDMUNICIPIO, IDBANCO, DIAS_DISPERSION_SL, FREC_DISPERSION_SL, DIAS_DISPERSION_PL, FREC_DISPERSION_PL, DIAS_DISPERSION_SE, FREC_DISPERSION_SE, DIAS_DISPERSION_PE, FREC_DISPERSION_PE)
values ('68755000', '40', 0, 3, 0, 3, 0, 3, 0, 3);
insert into DIAS_DISPERSION (IDMUNICIPIO, IDBANCO, DIAS_DISPERSION_SL, FREC_DISPERSION_SL, DIAS_DISPERSION_PL, FREC_DISPERSION_PL, DIAS_DISPERSION_SE, FREC_DISPERSION_SE, DIAS_DISPERSION_PE, FREC_DISPERSION_PE)
values ('68770000', '40', 0, 3, 0, 3, 0, 3, 0, 3);
insert into DIAS_DISPERSION (IDMUNICIPIO, IDBANCO, DIAS_DISPERSION_SL, FREC_DISPERSION_SL, DIAS_DISPERSION_PL, FREC_DISPERSION_PL, DIAS_DISPERSION_SE, FREC_DISPERSION_SE, DIAS_DISPERSION_PE, FREC_DISPERSION_PE)
values ('68861000', '40', 0, 3, 0, 3, 0, 3, 0, 3);
commit;
prompt 300 records committed...
insert into DIAS_DISPERSION (IDMUNICIPIO, IDBANCO, DIAS_DISPERSION_SL, FREC_DISPERSION_SL, DIAS_DISPERSION_PL, FREC_DISPERSION_PL, DIAS_DISPERSION_SE, FREC_DISPERSION_SE, DIAS_DISPERSION_PE, FREC_DISPERSION_PE)
values ('70001000', '40', 0, 3, 0, 3, 0, 3, 0, 3);
insert into DIAS_DISPERSION (IDMUNICIPIO, IDBANCO, DIAS_DISPERSION_SL, FREC_DISPERSION_SL, DIAS_DISPERSION_PL, FREC_DISPERSION_PL, DIAS_DISPERSION_SE, FREC_DISPERSION_SE, DIAS_DISPERSION_PE, FREC_DISPERSION_PE)
values ('70215000', '40', 0, 3, 0, 3, 0, 3, 0, 3);
insert into DIAS_DISPERSION (IDMUNICIPIO, IDBANCO, DIAS_DISPERSION_SL, FREC_DISPERSION_SL, DIAS_DISPERSION_PL, FREC_DISPERSION_PL, DIAS_DISPERSION_SE, FREC_DISPERSION_SE, DIAS_DISPERSION_PE, FREC_DISPERSION_PE)
values ('70670000', '40', 0, 3, 0, 3, 0, 3, 0, 3);
insert into DIAS_DISPERSION (IDMUNICIPIO, IDBANCO, DIAS_DISPERSION_SL, FREC_DISPERSION_SL, DIAS_DISPERSION_PL, FREC_DISPERSION_PL, DIAS_DISPERSION_SE, FREC_DISPERSION_SE, DIAS_DISPERSION_PE, FREC_DISPERSION_PE)
values ('73000000', '40', 0, 3, 0, 3, 0, 3, 0, 3);
insert into DIAS_DISPERSION (IDMUNICIPIO, IDBANCO, DIAS_DISPERSION_SL, FREC_DISPERSION_SL, DIAS_DISPERSION_PL, FREC_DISPERSION_PL, DIAS_DISPERSION_SE, FREC_DISPERSION_SE, DIAS_DISPERSION_PE, FREC_DISPERSION_PE)
values ('73001000', '40', 0, 3, 0, 3, 0, 3, 0, 3);
insert into DIAS_DISPERSION (IDMUNICIPIO, IDBANCO, DIAS_DISPERSION_SL, FREC_DISPERSION_SL, DIAS_DISPERSION_PL, FREC_DISPERSION_PL, DIAS_DISPERSION_SE, FREC_DISPERSION_SE, DIAS_DISPERSION_PE, FREC_DISPERSION_PE)
values ('73026000', '40', 0, 3, 0, 3, 0, 3, 0, 3);
insert into DIAS_DISPERSION (IDMUNICIPIO, IDBANCO, DIAS_DISPERSION_SL, FREC_DISPERSION_SL, DIAS_DISPERSION_PL, FREC_DISPERSION_PL, DIAS_DISPERSION_SE, FREC_DISPERSION_SE, DIAS_DISPERSION_PE, FREC_DISPERSION_PE)
values ('73055000', '40', 0, 3, 0, 3, 0, 3, 0, 3);
insert into DIAS_DISPERSION (IDMUNICIPIO, IDBANCO, DIAS_DISPERSION_SL, FREC_DISPERSION_SL, DIAS_DISPERSION_PL, FREC_DISPERSION_PL, DIAS_DISPERSION_SE, FREC_DISPERSION_SE, DIAS_DISPERSION_PE, FREC_DISPERSION_PE)
values ('73124000', '40', 0, 3, 0, 3, 0, 3, 0, 3);
insert into DIAS_DISPERSION (IDMUNICIPIO, IDBANCO, DIAS_DISPERSION_SL, FREC_DISPERSION_SL, DIAS_DISPERSION_PL, FREC_DISPERSION_PL, DIAS_DISPERSION_SE, FREC_DISPERSION_SE, DIAS_DISPERSION_PE, FREC_DISPERSION_PE)
values ('73168000', '40', 0, 3, 0, 3, 0, 3, 0, 3);
insert into DIAS_DISPERSION (IDMUNICIPIO, IDBANCO, DIAS_DISPERSION_SL, FREC_DISPERSION_SL, DIAS_DISPERSION_PL, FREC_DISPERSION_PL, DIAS_DISPERSION_SE, FREC_DISPERSION_SE, DIAS_DISPERSION_PE, FREC_DISPERSION_PE)
values ('73268000', '40', 0, 3, 0, 3, 0, 3, 0, 3);
insert into DIAS_DISPERSION (IDMUNICIPIO, IDBANCO, DIAS_DISPERSION_SL, FREC_DISPERSION_SL, DIAS_DISPERSION_PL, FREC_DISPERSION_PL, DIAS_DISPERSION_SE, FREC_DISPERSION_SE, DIAS_DISPERSION_PE, FREC_DISPERSION_PE)
values ('73283000', '40', 0, 3, 0, 3, 0, 3, 0, 3);
insert into DIAS_DISPERSION (IDMUNICIPIO, IDBANCO, DIAS_DISPERSION_SL, FREC_DISPERSION_SL, DIAS_DISPERSION_PL, FREC_DISPERSION_PL, DIAS_DISPERSION_SE, FREC_DISPERSION_SE, DIAS_DISPERSION_PE, FREC_DISPERSION_PE)
values ('73319000', '40', 0, 3, 0, 3, 0, 3, 0, 3);
insert into DIAS_DISPERSION (IDMUNICIPIO, IDBANCO, DIAS_DISPERSION_SL, FREC_DISPERSION_SL, DIAS_DISPERSION_PL, FREC_DISPERSION_PL, DIAS_DISPERSION_SE, FREC_DISPERSION_SE, DIAS_DISPERSION_PE, FREC_DISPERSION_PE)
values ('73349000', '40', 0, 3, 0, 3, 0, 3, 0, 3);
insert into DIAS_DISPERSION (IDMUNICIPIO, IDBANCO, DIAS_DISPERSION_SL, FREC_DISPERSION_SL, DIAS_DISPERSION_PL, FREC_DISPERSION_PL, DIAS_DISPERSION_SE, FREC_DISPERSION_SE, DIAS_DISPERSION_PE, FREC_DISPERSION_PE)
values ('73411000', '40', 0, 3, 0, 3, 0, 3, 0, 3);
insert into DIAS_DISPERSION (IDMUNICIPIO, IDBANCO, DIAS_DISPERSION_SL, FREC_DISPERSION_SL, DIAS_DISPERSION_PL, FREC_DISPERSION_PL, DIAS_DISPERSION_SE, FREC_DISPERSION_SE, DIAS_DISPERSION_PE, FREC_DISPERSION_PE)
values ('73443000', '40', 0, 3, 0, 3, 0, 3, 0, 3);
insert into DIAS_DISPERSION (IDMUNICIPIO, IDBANCO, DIAS_DISPERSION_SL, FREC_DISPERSION_SL, DIAS_DISPERSION_PL, FREC_DISPERSION_PL, DIAS_DISPERSION_SE, FREC_DISPERSION_SE, DIAS_DISPERSION_PE, FREC_DISPERSION_PE)
values ('73449000', '40', 0, 3, 0, 3, 0, 3, 0, 3);
insert into DIAS_DISPERSION (IDMUNICIPIO, IDBANCO, DIAS_DISPERSION_SL, FREC_DISPERSION_SL, DIAS_DISPERSION_PL, FREC_DISPERSION_PL, DIAS_DISPERSION_SE, FREC_DISPERSION_SE, DIAS_DISPERSION_PE, FREC_DISPERSION_PE)
values ('73585000', '40', 0, 3, 0, 3, 0, 3, 0, 3);
insert into DIAS_DISPERSION (IDMUNICIPIO, IDBANCO, DIAS_DISPERSION_SL, FREC_DISPERSION_SL, DIAS_DISPERSION_PL, FREC_DISPERSION_PL, DIAS_DISPERSION_SE, FREC_DISPERSION_SE, DIAS_DISPERSION_PE, FREC_DISPERSION_PE)
values ('73873000', '40', 0, 3, 0, 3, 0, 3, 0, 3);
insert into DIAS_DISPERSION (IDMUNICIPIO, IDBANCO, DIAS_DISPERSION_SL, FREC_DISPERSION_SL, DIAS_DISPERSION_PL, FREC_DISPERSION_PL, DIAS_DISPERSION_SE, FREC_DISPERSION_SE, DIAS_DISPERSION_PE, FREC_DISPERSION_PE)
values ('76001000', '40', 0, 3, 0, 3, 0, 3, 0, 3);
insert into DIAS_DISPERSION (IDMUNICIPIO, IDBANCO, DIAS_DISPERSION_SL, FREC_DISPERSION_SL, DIAS_DISPERSION_PL, FREC_DISPERSION_PL, DIAS_DISPERSION_SE, FREC_DISPERSION_SE, DIAS_DISPERSION_PE, FREC_DISPERSION_PE)
values ('76036000', '40', 0, 3, 0, 3, 0, 3, 0, 3);
insert into DIAS_DISPERSION (IDMUNICIPIO, IDBANCO, DIAS_DISPERSION_SL, FREC_DISPERSION_SL, DIAS_DISPERSION_PL, FREC_DISPERSION_PL, DIAS_DISPERSION_SE, FREC_DISPERSION_SE, DIAS_DISPERSION_PE, FREC_DISPERSION_PE)
values ('76041000', '40', 0, 3, 0, 3, 0, 3, 0, 3);
insert into DIAS_DISPERSION (IDMUNICIPIO, IDBANCO, DIAS_DISPERSION_SL, FREC_DISPERSION_SL, DIAS_DISPERSION_PL, FREC_DISPERSION_PL, DIAS_DISPERSION_SE, FREC_DISPERSION_SE, DIAS_DISPERSION_PE, FREC_DISPERSION_PE)
values ('76109000', '40', 0, 3, 0, 3, 0, 3, 0, 3);
insert into DIAS_DISPERSION (IDMUNICIPIO, IDBANCO, DIAS_DISPERSION_SL, FREC_DISPERSION_SL, DIAS_DISPERSION_PL, FREC_DISPERSION_PL, DIAS_DISPERSION_SE, FREC_DISPERSION_SE, DIAS_DISPERSION_PE, FREC_DISPERSION_PE)
values ('76111000', '40', 0, 3, 0, 3, 0, 3, 0, 3);
insert into DIAS_DISPERSION (IDMUNICIPIO, IDBANCO, DIAS_DISPERSION_SL, FREC_DISPERSION_SL, DIAS_DISPERSION_PL, FREC_DISPERSION_PL, DIAS_DISPERSION_SE, FREC_DISPERSION_SE, DIAS_DISPERSION_PE, FREC_DISPERSION_PE)
values ('76113000', '40', 0, 3, 0, 3, 0, 3, 0, 3);
insert into DIAS_DISPERSION (IDMUNICIPIO, IDBANCO, DIAS_DISPERSION_SL, FREC_DISPERSION_SL, DIAS_DISPERSION_PL, FREC_DISPERSION_PL, DIAS_DISPERSION_SE, FREC_DISPERSION_SE, DIAS_DISPERSION_PE, FREC_DISPERSION_PE)
values ('76122000', '40', 0, 3, 0, 3, 0, 3, 0, 3);
insert into DIAS_DISPERSION (IDMUNICIPIO, IDBANCO, DIAS_DISPERSION_SL, FREC_DISPERSION_SL, DIAS_DISPERSION_PL, FREC_DISPERSION_PL, DIAS_DISPERSION_SE, FREC_DISPERSION_SE, DIAS_DISPERSION_PE, FREC_DISPERSION_PE)
values ('76130000', '40', 0, 3, 0, 3, 0, 3, 0, 3);
insert into DIAS_DISPERSION (IDMUNICIPIO, IDBANCO, DIAS_DISPERSION_SL, FREC_DISPERSION_SL, DIAS_DISPERSION_PL, FREC_DISPERSION_PL, DIAS_DISPERSION_SE, FREC_DISPERSION_SE, DIAS_DISPERSION_PE, FREC_DISPERSION_PE)
values ('76147000', '40', 0, 3, 0, 3, 0, 3, 0, 3);
insert into DIAS_DISPERSION (IDMUNICIPIO, IDBANCO, DIAS_DISPERSION_SL, FREC_DISPERSION_SL, DIAS_DISPERSION_PL, FREC_DISPERSION_PL, DIAS_DISPERSION_SE, FREC_DISPERSION_SE, DIAS_DISPERSION_PE, FREC_DISPERSION_PE)
values ('76223000', '40', 0, 3, 0, 3, 0, 3, 0, 3);
insert into DIAS_DISPERSION (IDMUNICIPIO, IDBANCO, DIAS_DISPERSION_SL, FREC_DISPERSION_SL, DIAS_DISPERSION_PL, FREC_DISPERSION_PL, DIAS_DISPERSION_SE, FREC_DISPERSION_SE, DIAS_DISPERSION_PE, FREC_DISPERSION_PE)
values ('76248000', '40', 0, 3, 0, 3, 0, 3, 0, 3);
insert into DIAS_DISPERSION (IDMUNICIPIO, IDBANCO, DIAS_DISPERSION_SL, FREC_DISPERSION_SL, DIAS_DISPERSION_PL, FREC_DISPERSION_PL, DIAS_DISPERSION_SE, FREC_DISPERSION_SE, DIAS_DISPERSION_PE, FREC_DISPERSION_PE)
values ('76275000', '40', 0, 3, 0, 3, 0, 3, 0, 3);
insert into DIAS_DISPERSION (IDMUNICIPIO, IDBANCO, DIAS_DISPERSION_SL, FREC_DISPERSION_SL, DIAS_DISPERSION_PL, FREC_DISPERSION_PL, DIAS_DISPERSION_SE, FREC_DISPERSION_SE, DIAS_DISPERSION_PE, FREC_DISPERSION_PE)
values ('76306000', '40', 0, 3, 0, 3, 0, 3, 0, 3);
insert into DIAS_DISPERSION (IDMUNICIPIO, IDBANCO, DIAS_DISPERSION_SL, FREC_DISPERSION_SL, DIAS_DISPERSION_PL, FREC_DISPERSION_PL, DIAS_DISPERSION_SE, FREC_DISPERSION_SE, DIAS_DISPERSION_PE, FREC_DISPERSION_PE)
values ('76318000', '40', 0, 3, 0, 3, 0, 3, 0, 3);
insert into DIAS_DISPERSION (IDMUNICIPIO, IDBANCO, DIAS_DISPERSION_SL, FREC_DISPERSION_SL, DIAS_DISPERSION_PL, FREC_DISPERSION_PL, DIAS_DISPERSION_SE, FREC_DISPERSION_SE, DIAS_DISPERSION_PE, FREC_DISPERSION_PE)
values ('76364000', '40', 0, 3, 0, 3, 0, 3, 0, 3);
insert into DIAS_DISPERSION (IDMUNICIPIO, IDBANCO, DIAS_DISPERSION_SL, FREC_DISPERSION_SL, DIAS_DISPERSION_PL, FREC_DISPERSION_PL, DIAS_DISPERSION_SE, FREC_DISPERSION_SE, DIAS_DISPERSION_PE, FREC_DISPERSION_PE)
values ('76377000', '40', 0, 3, 0, 3, 0, 3, 0, 3);
insert into DIAS_DISPERSION (IDMUNICIPIO, IDBANCO, DIAS_DISPERSION_SL, FREC_DISPERSION_SL, DIAS_DISPERSION_PL, FREC_DISPERSION_PL, DIAS_DISPERSION_SE, FREC_DISPERSION_SE, DIAS_DISPERSION_PE, FREC_DISPERSION_PE)
values ('76400000', '40', 0, 3, 0, 3, 0, 3, 0, 3);
insert into DIAS_DISPERSION (IDMUNICIPIO, IDBANCO, DIAS_DISPERSION_SL, FREC_DISPERSION_SL, DIAS_DISPERSION_PL, FREC_DISPERSION_PL, DIAS_DISPERSION_SE, FREC_DISPERSION_SE, DIAS_DISPERSION_PE, FREC_DISPERSION_PE)
values ('76520000', '40', 0, 3, 0, 3, 0, 3, 0, 3);
insert into DIAS_DISPERSION (IDMUNICIPIO, IDBANCO, DIAS_DISPERSION_SL, FREC_DISPERSION_SL, DIAS_DISPERSION_PL, FREC_DISPERSION_PL, DIAS_DISPERSION_SE, FREC_DISPERSION_SE, DIAS_DISPERSION_PE, FREC_DISPERSION_PE)
values ('76563000', '40', 0, 3, 0, 3, 0, 3, 0, 3);
insert into DIAS_DISPERSION (IDMUNICIPIO, IDBANCO, DIAS_DISPERSION_SL, FREC_DISPERSION_SL, DIAS_DISPERSION_PL, FREC_DISPERSION_PL, DIAS_DISPERSION_SE, FREC_DISPERSION_SE, DIAS_DISPERSION_PE, FREC_DISPERSION_PE)
values ('76616000', '40', 0, 3, 0, 3, 0, 3, 0, 3);
insert into DIAS_DISPERSION (IDMUNICIPIO, IDBANCO, DIAS_DISPERSION_SL, FREC_DISPERSION_SL, DIAS_DISPERSION_PL, FREC_DISPERSION_PL, DIAS_DISPERSION_SE, FREC_DISPERSION_SE, DIAS_DISPERSION_PE, FREC_DISPERSION_PE)
values ('76622000', '40', 0, 3, 0, 3, 0, 3, 0, 3);
insert into DIAS_DISPERSION (IDMUNICIPIO, IDBANCO, DIAS_DISPERSION_SL, FREC_DISPERSION_SL, DIAS_DISPERSION_PL, FREC_DISPERSION_PL, DIAS_DISPERSION_SE, FREC_DISPERSION_SE, DIAS_DISPERSION_PE, FREC_DISPERSION_PE)
values ('76670000', '40', 0, 3, 0, 3, 0, 3, 0, 3);
insert into DIAS_DISPERSION (IDMUNICIPIO, IDBANCO, DIAS_DISPERSION_SL, FREC_DISPERSION_SL, DIAS_DISPERSION_PL, FREC_DISPERSION_PL, DIAS_DISPERSION_SE, FREC_DISPERSION_SE, DIAS_DISPERSION_PE, FREC_DISPERSION_PE)
values ('76736000', '40', 0, 3, 0, 3, 0, 3, 0, 3);
insert into DIAS_DISPERSION (IDMUNICIPIO, IDBANCO, DIAS_DISPERSION_SL, FREC_DISPERSION_SL, DIAS_DISPERSION_PL, FREC_DISPERSION_PL, DIAS_DISPERSION_SE, FREC_DISPERSION_SE, DIAS_DISPERSION_PE, FREC_DISPERSION_PE)
values ('76823000', '40', 0, 3, 0, 3, 0, 3, 0, 3);
insert into DIAS_DISPERSION (IDMUNICIPIO, IDBANCO, DIAS_DISPERSION_SL, FREC_DISPERSION_SL, DIAS_DISPERSION_PL, FREC_DISPERSION_PL, DIAS_DISPERSION_SE, FREC_DISPERSION_SE, DIAS_DISPERSION_PE, FREC_DISPERSION_PE)
values ('76834000', '40', 0, 3, 0, 3, 0, 3, 0, 3);
insert into DIAS_DISPERSION (IDMUNICIPIO, IDBANCO, DIAS_DISPERSION_SL, FREC_DISPERSION_SL, DIAS_DISPERSION_PL, FREC_DISPERSION_PL, DIAS_DISPERSION_SE, FREC_DISPERSION_SE, DIAS_DISPERSION_PE, FREC_DISPERSION_PE)
values ('76869000', '40', 0, 3, 0, 3, 0, 3, 0, 3);
insert into DIAS_DISPERSION (IDMUNICIPIO, IDBANCO, DIAS_DISPERSION_SL, FREC_DISPERSION_SL, DIAS_DISPERSION_PL, FREC_DISPERSION_PL, DIAS_DISPERSION_SE, FREC_DISPERSION_SE, DIAS_DISPERSION_PE, FREC_DISPERSION_PE)
values ('76890000', '40', 0, 3, 0, 3, 0, 3, 0, 3);
insert into DIAS_DISPERSION (IDMUNICIPIO, IDBANCO, DIAS_DISPERSION_SL, FREC_DISPERSION_SL, DIAS_DISPERSION_PL, FREC_DISPERSION_PL, DIAS_DISPERSION_SE, FREC_DISPERSION_SE, DIAS_DISPERSION_PE, FREC_DISPERSION_PE)
values ('76892000', '40', 0, 3, 0, 3, 0, 3, 0, 3);
insert into DIAS_DISPERSION (IDMUNICIPIO, IDBANCO, DIAS_DISPERSION_SL, FREC_DISPERSION_SL, DIAS_DISPERSION_PL, FREC_DISPERSION_PL, DIAS_DISPERSION_SE, FREC_DISPERSION_SE, DIAS_DISPERSION_PE, FREC_DISPERSION_PE)
values ('76895000', '40', 0, 3, 0, 3, 0, 3, 0, 3);
insert into DIAS_DISPERSION (IDMUNICIPIO, IDBANCO, DIAS_DISPERSION_SL, FREC_DISPERSION_SL, DIAS_DISPERSION_PL, FREC_DISPERSION_PL, DIAS_DISPERSION_SE, FREC_DISPERSION_SE, DIAS_DISPERSION_PE, FREC_DISPERSION_PE)
values ('81001000', '40', 0, 3, 0, 3, 0, 3, 0, 3);
insert into DIAS_DISPERSION (IDMUNICIPIO, IDBANCO, DIAS_DISPERSION_SL, FREC_DISPERSION_SL, DIAS_DISPERSION_PL, FREC_DISPERSION_PL, DIAS_DISPERSION_SE, FREC_DISPERSION_SE, DIAS_DISPERSION_PE, FREC_DISPERSION_PE)
values ('81736000', '40', 0, 3, 0, 3, 0, 3, 0, 3);
insert into DIAS_DISPERSION (IDMUNICIPIO, IDBANCO, DIAS_DISPERSION_SL, FREC_DISPERSION_SL, DIAS_DISPERSION_PL, FREC_DISPERSION_PL, DIAS_DISPERSION_SE, FREC_DISPERSION_SE, DIAS_DISPERSION_PE, FREC_DISPERSION_PE)
values ('85001000', '40', 0, 3, 0, 3, 0, 3, 0, 3);
insert into DIAS_DISPERSION (IDMUNICIPIO, IDBANCO, DIAS_DISPERSION_SL, FREC_DISPERSION_SL, DIAS_DISPERSION_PL, FREC_DISPERSION_PL, DIAS_DISPERSION_SE, FREC_DISPERSION_SE, DIAS_DISPERSION_PE, FREC_DISPERSION_PE)
values ('85010000', '40', 0, 3, 0, 3, 0, 3, 0, 3);
insert into DIAS_DISPERSION (IDMUNICIPIO, IDBANCO, DIAS_DISPERSION_SL, FREC_DISPERSION_SL, DIAS_DISPERSION_PL, FREC_DISPERSION_PL, DIAS_DISPERSION_SE, FREC_DISPERSION_SE, DIAS_DISPERSION_PE, FREC_DISPERSION_PE)
values ('86001000', '40', 0, 3, 0, 3, 0, 3, 0, 3);
insert into DIAS_DISPERSION (IDMUNICIPIO, IDBANCO, DIAS_DISPERSION_SL, FREC_DISPERSION_SL, DIAS_DISPERSION_PL, FREC_DISPERSION_PL, DIAS_DISPERSION_SE, FREC_DISPERSION_SE, DIAS_DISPERSION_PE, FREC_DISPERSION_PE)
values ('86320000', '40', 0, 3, 0, 3, 0, 3, 0, 3);
insert into DIAS_DISPERSION (IDMUNICIPIO, IDBANCO, DIAS_DISPERSION_SL, FREC_DISPERSION_SL, DIAS_DISPERSION_PL, FREC_DISPERSION_PL, DIAS_DISPERSION_SE, FREC_DISPERSION_SE, DIAS_DISPERSION_PE, FREC_DISPERSION_PE)
values ('86568000', '40', 0, 3, 0, 3, 0, 3, 0, 3);
insert into DIAS_DISPERSION (IDMUNICIPIO, IDBANCO, DIAS_DISPERSION_SL, FREC_DISPERSION_SL, DIAS_DISPERSION_PL, FREC_DISPERSION_PL, DIAS_DISPERSION_SE, FREC_DISPERSION_SE, DIAS_DISPERSION_PE, FREC_DISPERSION_PE)
values ('86749000', '40', 0, 3, 0, 3, 0, 3, 0, 3);
insert into DIAS_DISPERSION (IDMUNICIPIO, IDBANCO, DIAS_DISPERSION_SL, FREC_DISPERSION_SL, DIAS_DISPERSION_PL, FREC_DISPERSION_PL, DIAS_DISPERSION_SE, FREC_DISPERSION_SE, DIAS_DISPERSION_PE, FREC_DISPERSION_PE)
values ('86865000', '40', 0, 3, 0, 3, 0, 3, 0, 3);
insert into DIAS_DISPERSION (IDMUNICIPIO, IDBANCO, DIAS_DISPERSION_SL, FREC_DISPERSION_SL, DIAS_DISPERSION_PL, FREC_DISPERSION_PL, DIAS_DISPERSION_SE, FREC_DISPERSION_SE, DIAS_DISPERSION_PE, FREC_DISPERSION_PE)
values ('88001000', '40', 0, 3, 0, 3, 0, 3, 0, 3);
insert into DIAS_DISPERSION (IDMUNICIPIO, IDBANCO, DIAS_DISPERSION_SL, FREC_DISPERSION_SL, DIAS_DISPERSION_PL, FREC_DISPERSION_PL, DIAS_DISPERSION_SE, FREC_DISPERSION_SE, DIAS_DISPERSION_PE, FREC_DISPERSION_PE)
values ('91001000', '40', 0, 3, 0, 3, 0, 3, 0, 3);
insert into DIAS_DISPERSION (IDMUNICIPIO, IDBANCO, DIAS_DISPERSION_SL, FREC_DISPERSION_SL, DIAS_DISPERSION_PL, FREC_DISPERSION_PL, DIAS_DISPERSION_SE, FREC_DISPERSION_SE, DIAS_DISPERSION_PE, FREC_DISPERSION_PE)
values ('94001000', '40', 0, 3, 0, 3, 0, 3, 0, 3);
insert into DIAS_DISPERSION (IDMUNICIPIO, IDBANCO, DIAS_DISPERSION_SL, FREC_DISPERSION_SL, DIAS_DISPERSION_PL, FREC_DISPERSION_PL, DIAS_DISPERSION_SE, FREC_DISPERSION_SE, DIAS_DISPERSION_PE, FREC_DISPERSION_PE)
values ('99001000', '40', 0, 3, 0, 3, 0, 3, 0, 3);
insert into DIAS_DISPERSION (IDMUNICIPIO, IDBANCO, DIAS_DISPERSION_SL, FREC_DISPERSION_SL, DIAS_DISPERSION_PL, FREC_DISPERSION_PL, DIAS_DISPERSION_SE, FREC_DISPERSION_SE, DIAS_DISPERSION_PE, FREC_DISPERSION_PE)
values ('05380000', '52', 0, 2, 0, 2, 20, 0, 5, 0);
insert into DIAS_DISPERSION (IDMUNICIPIO, IDBANCO, DIAS_DISPERSION_SL, FREC_DISPERSION_SL, DIAS_DISPERSION_PL, FREC_DISPERSION_PL, DIAS_DISPERSION_SE, FREC_DISPERSION_SE, DIAS_DISPERSION_PE, FREC_DISPERSION_PE)
values ('23660000', '52', 0, 2, 0, 2, 20, 0, 5, 0);
insert into DIAS_DISPERSION (IDMUNICIPIO, IDBANCO, DIAS_DISPERSION_SL, FREC_DISPERSION_SL, DIAS_DISPERSION_PL, FREC_DISPERSION_PL, DIAS_DISPERSION_SE, FREC_DISPERSION_SE, DIAS_DISPERSION_PE, FREC_DISPERSION_PE)
values ('25000000', '52', 0, 2, 0, 2, 20, 0, 5, 0);
insert into DIAS_DISPERSION (IDMUNICIPIO, IDBANCO, DIAS_DISPERSION_SL, FREC_DISPERSION_SL, DIAS_DISPERSION_PL, FREC_DISPERSION_PL, DIAS_DISPERSION_SE, FREC_DISPERSION_SE, DIAS_DISPERSION_PE, FREC_DISPERSION_PE)
values ('25151000', '52', 0, 2, 0, 2, 0, 1, 0, 1);
insert into DIAS_DISPERSION (IDMUNICIPIO, IDBANCO, DIAS_DISPERSION_SL, FREC_DISPERSION_SL, DIAS_DISPERSION_PL, FREC_DISPERSION_PL, DIAS_DISPERSION_SE, FREC_DISPERSION_SE, DIAS_DISPERSION_PE, FREC_DISPERSION_PE)
values ('25175000', '52', 0, 2, 0, 2, 20, 0, 5, 0);
insert into DIAS_DISPERSION (IDMUNICIPIO, IDBANCO, DIAS_DISPERSION_SL, FREC_DISPERSION_SL, DIAS_DISPERSION_PL, FREC_DISPERSION_PL, DIAS_DISPERSION_SE, FREC_DISPERSION_SE, DIAS_DISPERSION_PE, FREC_DISPERSION_PE)
values ('25183000', '52', 0, 2, 0, 2, 0, 1, 0, 1);
insert into DIAS_DISPERSION (IDMUNICIPIO, IDBANCO, DIAS_DISPERSION_SL, FREC_DISPERSION_SL, DIAS_DISPERSION_PL, FREC_DISPERSION_PL, DIAS_DISPERSION_SE, FREC_DISPERSION_SE, DIAS_DISPERSION_PE, FREC_DISPERSION_PE)
values ('25214000', '52', 0, 2, 0, 2, 0, 1, 0, 1);
insert into DIAS_DISPERSION (IDMUNICIPIO, IDBANCO, DIAS_DISPERSION_SL, FREC_DISPERSION_SL, DIAS_DISPERSION_PL, FREC_DISPERSION_PL, DIAS_DISPERSION_SE, FREC_DISPERSION_SE, DIAS_DISPERSION_PE, FREC_DISPERSION_PE)
values ('25260000', '52', 0, 2, 0, 2, 0, 1, 0, 1);
insert into DIAS_DISPERSION (IDMUNICIPIO, IDBANCO, DIAS_DISPERSION_SL, FREC_DISPERSION_SL, DIAS_DISPERSION_PL, FREC_DISPERSION_PL, DIAS_DISPERSION_SE, FREC_DISPERSION_SE, DIAS_DISPERSION_PE, FREC_DISPERSION_PE)
values ('25269000', '52', 0, 2, 0, 2, 20, 0, 5, 0);
insert into DIAS_DISPERSION (IDMUNICIPIO, IDBANCO, DIAS_DISPERSION_SL, FREC_DISPERSION_SL, DIAS_DISPERSION_PL, FREC_DISPERSION_PL, DIAS_DISPERSION_SE, FREC_DISPERSION_SE, DIAS_DISPERSION_PE, FREC_DISPERSION_PE)
values ('25290000', '52', 0, 2, 0, 2, 20, 0, 5, 0);
insert into DIAS_DISPERSION (IDMUNICIPIO, IDBANCO, DIAS_DISPERSION_SL, FREC_DISPERSION_SL, DIAS_DISPERSION_PL, FREC_DISPERSION_PL, DIAS_DISPERSION_SE, FREC_DISPERSION_SE, DIAS_DISPERSION_PE, FREC_DISPERSION_PE)
values ('25307000', '52', 0, 2, 0, 2, 20, 0, 5, 0);
insert into DIAS_DISPERSION (IDMUNICIPIO, IDBANCO, DIAS_DISPERSION_SL, FREC_DISPERSION_SL, DIAS_DISPERSION_PL, FREC_DISPERSION_PL, DIAS_DISPERSION_SE, FREC_DISPERSION_SE, DIAS_DISPERSION_PE, FREC_DISPERSION_PE)
values ('25335000', '52', 0, 2, 0, 2, 20, 0, 5, 0);
insert into DIAS_DISPERSION (IDMUNICIPIO, IDBANCO, DIAS_DISPERSION_SL, FREC_DISPERSION_SL, DIAS_DISPERSION_PL, FREC_DISPERSION_PL, DIAS_DISPERSION_SE, FREC_DISPERSION_SE, DIAS_DISPERSION_PE, FREC_DISPERSION_PE)
values ('25377000', '52', 0, 2, 0, 2, 0, 1, 0, 1);
insert into DIAS_DISPERSION (IDMUNICIPIO, IDBANCO, DIAS_DISPERSION_SL, FREC_DISPERSION_SL, DIAS_DISPERSION_PL, FREC_DISPERSION_PL, DIAS_DISPERSION_SE, FREC_DISPERSION_SE, DIAS_DISPERSION_PE, FREC_DISPERSION_PE)
values ('25473000', '52', 0, 2, 0, 2, 0, 1, 0, 1);
insert into DIAS_DISPERSION (IDMUNICIPIO, IDBANCO, DIAS_DISPERSION_SL, FREC_DISPERSION_SL, DIAS_DISPERSION_PL, FREC_DISPERSION_PL, DIAS_DISPERSION_SE, FREC_DISPERSION_SE, DIAS_DISPERSION_PE, FREC_DISPERSION_PE)
values ('25513000', '52', 0, 2, 0, 2, 20, 0, 5, 0);
insert into DIAS_DISPERSION (IDMUNICIPIO, IDBANCO, DIAS_DISPERSION_SL, FREC_DISPERSION_SL, DIAS_DISPERSION_PL, FREC_DISPERSION_PL, DIAS_DISPERSION_SE, FREC_DISPERSION_SE, DIAS_DISPERSION_PE, FREC_DISPERSION_PE)
values ('25286000', '50', 0, 3, 0, 3, 0, 3, 0, 3);
insert into DIAS_DISPERSION (IDMUNICIPIO, IDBANCO, DIAS_DISPERSION_SL, FREC_DISPERSION_SL, DIAS_DISPERSION_PL, FREC_DISPERSION_PL, DIAS_DISPERSION_SE, FREC_DISPERSION_SE, DIAS_DISPERSION_PE, FREC_DISPERSION_PE)
values ('25286000', '52', 0, 2, 0, 2, 20, 0, 5, 0);
insert into DIAS_DISPERSION (IDMUNICIPIO, IDBANCO, DIAS_DISPERSION_SL, FREC_DISPERSION_SL, DIAS_DISPERSION_PL, FREC_DISPERSION_PL, DIAS_DISPERSION_SE, FREC_DISPERSION_SE, DIAS_DISPERSION_PE, FREC_DISPERSION_PE)
values ('25572000', '02', 0, 3, 0, 3, 0, 3, 0, 3);
insert into DIAS_DISPERSION (IDMUNICIPIO, IDBANCO, DIAS_DISPERSION_SL, FREC_DISPERSION_SL, DIAS_DISPERSION_PL, FREC_DISPERSION_PL, DIAS_DISPERSION_SE, FREC_DISPERSION_SE, DIAS_DISPERSION_PE, FREC_DISPERSION_PE)
values ('25612000', '02', 0, 3, 0, 3, 0, 3, 0, 3);
insert into DIAS_DISPERSION (IDMUNICIPIO, IDBANCO, DIAS_DISPERSION_SL, FREC_DISPERSION_SL, DIAS_DISPERSION_PL, FREC_DISPERSION_PL, DIAS_DISPERSION_SE, FREC_DISPERSION_SE, DIAS_DISPERSION_PE, FREC_DISPERSION_PE)
values ('25754000', '02', 0, 3, 0, 3, 0, 3, 0, 3);
insert into DIAS_DISPERSION (IDMUNICIPIO, IDBANCO, DIAS_DISPERSION_SL, FREC_DISPERSION_SL, DIAS_DISPERSION_PL, FREC_DISPERSION_PL, DIAS_DISPERSION_SE, FREC_DISPERSION_SE, DIAS_DISPERSION_PE, FREC_DISPERSION_PE)
values ('25843000', '02', 0, 3, 0, 3, 0, 3, 0, 3);
insert into DIAS_DISPERSION (IDMUNICIPIO, IDBANCO, DIAS_DISPERSION_SL, FREC_DISPERSION_SL, DIAS_DISPERSION_PL, FREC_DISPERSION_PL, DIAS_DISPERSION_SE, FREC_DISPERSION_SE, DIAS_DISPERSION_PE, FREC_DISPERSION_PE)
values ('25875000', '02', 0, 3, 0, 3, 0, 3, 0, 3);
insert into DIAS_DISPERSION (IDMUNICIPIO, IDBANCO, DIAS_DISPERSION_SL, FREC_DISPERSION_SL, DIAS_DISPERSION_PL, FREC_DISPERSION_PL, DIAS_DISPERSION_SE, FREC_DISPERSION_SE, DIAS_DISPERSION_PE, FREC_DISPERSION_PE)
values ('25899000', '02', 0, 3, 0, 3, 0, 3, 0, 3);
insert into DIAS_DISPERSION (IDMUNICIPIO, IDBANCO, DIAS_DISPERSION_SL, FREC_DISPERSION_SL, DIAS_DISPERSION_PL, FREC_DISPERSION_PL, DIAS_DISPERSION_SE, FREC_DISPERSION_SE, DIAS_DISPERSION_PE, FREC_DISPERSION_PE)
values ('27000000', '02', 0, 3, 0, 3, 0, 3, 0, 3);
insert into DIAS_DISPERSION (IDMUNICIPIO, IDBANCO, DIAS_DISPERSION_SL, FREC_DISPERSION_SL, DIAS_DISPERSION_PL, FREC_DISPERSION_PL, DIAS_DISPERSION_SE, FREC_DISPERSION_SE, DIAS_DISPERSION_PE, FREC_DISPERSION_PE)
values ('27001000', '02', 0, 3, 0, 3, 0, 3, 0, 3);
insert into DIAS_DISPERSION (IDMUNICIPIO, IDBANCO, DIAS_DISPERSION_SL, FREC_DISPERSION_SL, DIAS_DISPERSION_PL, FREC_DISPERSION_PL, DIAS_DISPERSION_SE, FREC_DISPERSION_SE, DIAS_DISPERSION_PE, FREC_DISPERSION_PE)
values ('41000000', '02', 0, 3, 0, 3, 0, 3, 0, 3);
insert into DIAS_DISPERSION (IDMUNICIPIO, IDBANCO, DIAS_DISPERSION_SL, FREC_DISPERSION_SL, DIAS_DISPERSION_PL, FREC_DISPERSION_PL, DIAS_DISPERSION_SE, FREC_DISPERSION_SE, DIAS_DISPERSION_PE, FREC_DISPERSION_PE)
values ('41001000', '02', 0, 3, 0, 3, 0, 3, 0, 3);
insert into DIAS_DISPERSION (IDMUNICIPIO, IDBANCO, DIAS_DISPERSION_SL, FREC_DISPERSION_SL, DIAS_DISPERSION_PL, FREC_DISPERSION_PL, DIAS_DISPERSION_SE, FREC_DISPERSION_SE, DIAS_DISPERSION_PE, FREC_DISPERSION_PE)
values ('41016000', '02', 0, 3, 0, 3, 0, 3, 0, 3);
insert into DIAS_DISPERSION (IDMUNICIPIO, IDBANCO, DIAS_DISPERSION_SL, FREC_DISPERSION_SL, DIAS_DISPERSION_PL, FREC_DISPERSION_PL, DIAS_DISPERSION_SE, FREC_DISPERSION_SE, DIAS_DISPERSION_PE, FREC_DISPERSION_PE)
values ('41132000', '02', 0, 3, 0, 3, 0, 3, 0, 3);
insert into DIAS_DISPERSION (IDMUNICIPIO, IDBANCO, DIAS_DISPERSION_SL, FREC_DISPERSION_SL, DIAS_DISPERSION_PL, FREC_DISPERSION_PL, DIAS_DISPERSION_SE, FREC_DISPERSION_SE, DIAS_DISPERSION_PE, FREC_DISPERSION_PE)
values ('41298000', '02', 0, 3, 0, 3, 0, 3, 0, 3);
insert into DIAS_DISPERSION (IDMUNICIPIO, IDBANCO, DIAS_DISPERSION_SL, FREC_DISPERSION_SL, DIAS_DISPERSION_PL, FREC_DISPERSION_PL, DIAS_DISPERSION_SE, FREC_DISPERSION_SE, DIAS_DISPERSION_PE, FREC_DISPERSION_PE)
values ('41319000', '02', 0, 3, 0, 3, 0, 3, 0, 3);
insert into DIAS_DISPERSION (IDMUNICIPIO, IDBANCO, DIAS_DISPERSION_SL, FREC_DISPERSION_SL, DIAS_DISPERSION_PL, FREC_DISPERSION_PL, DIAS_DISPERSION_SE, FREC_DISPERSION_SE, DIAS_DISPERSION_PE, FREC_DISPERSION_PE)
values ('41396000', '02', 0, 3, 0, 3, 0, 3, 0, 3);
insert into DIAS_DISPERSION (IDMUNICIPIO, IDBANCO, DIAS_DISPERSION_SL, FREC_DISPERSION_SL, DIAS_DISPERSION_PL, FREC_DISPERSION_PL, DIAS_DISPERSION_SE, FREC_DISPERSION_SE, DIAS_DISPERSION_PE, FREC_DISPERSION_PE)
values ('25572000', '52', 0, 2, 0, 2, 20, 0, 5, 0);
insert into DIAS_DISPERSION (IDMUNICIPIO, IDBANCO, DIAS_DISPERSION_SL, FREC_DISPERSION_SL, DIAS_DISPERSION_PL, FREC_DISPERSION_PL, DIAS_DISPERSION_SE, FREC_DISPERSION_SE, DIAS_DISPERSION_PE, FREC_DISPERSION_PE)
values ('25612000', '52', 0, 2, 0, 2, 0, 1, 0, 1);
insert into DIAS_DISPERSION (IDMUNICIPIO, IDBANCO, DIAS_DISPERSION_SL, FREC_DISPERSION_SL, DIAS_DISPERSION_PL, FREC_DISPERSION_PL, DIAS_DISPERSION_SE, FREC_DISPERSION_SE, DIAS_DISPERSION_PE, FREC_DISPERSION_PE)
values ('25754000', '52', 0, 2, 0, 2, 0, 1, 0, 1);
insert into DIAS_DISPERSION (IDMUNICIPIO, IDBANCO, DIAS_DISPERSION_SL, FREC_DISPERSION_SL, DIAS_DISPERSION_PL, FREC_DISPERSION_PL, DIAS_DISPERSION_SE, FREC_DISPERSION_SE, DIAS_DISPERSION_PE, FREC_DISPERSION_PE)
values ('25843000', '52', 0, 2, 0, 2, 20, 0, 5, 0);
insert into DIAS_DISPERSION (IDMUNICIPIO, IDBANCO, DIAS_DISPERSION_SL, FREC_DISPERSION_SL, DIAS_DISPERSION_PL, FREC_DISPERSION_PL, DIAS_DISPERSION_SE, FREC_DISPERSION_SE, DIAS_DISPERSION_PE, FREC_DISPERSION_PE)
values ('25875000', '52', 0, 2, 0, 2, 0, 1, 0, 1);
insert into DIAS_DISPERSION (IDMUNICIPIO, IDBANCO, DIAS_DISPERSION_SL, FREC_DISPERSION_SL, DIAS_DISPERSION_PL, FREC_DISPERSION_PL, DIAS_DISPERSION_SE, FREC_DISPERSION_SE, DIAS_DISPERSION_PE, FREC_DISPERSION_PE)
values ('25899000', '52', 0, 2, 0, 2, 0, 1, 0, 1);
insert into DIAS_DISPERSION (IDMUNICIPIO, IDBANCO, DIAS_DISPERSION_SL, FREC_DISPERSION_SL, DIAS_DISPERSION_PL, FREC_DISPERSION_PL, DIAS_DISPERSION_SE, FREC_DISPERSION_SE, DIAS_DISPERSION_PE, FREC_DISPERSION_PE)
values ('27000000', '52', 0, 2, 0, 2, 20, 0, 5, 0);
insert into DIAS_DISPERSION (IDMUNICIPIO, IDBANCO, DIAS_DISPERSION_SL, FREC_DISPERSION_SL, DIAS_DISPERSION_PL, FREC_DISPERSION_PL, DIAS_DISPERSION_SE, FREC_DISPERSION_SE, DIAS_DISPERSION_PE, FREC_DISPERSION_PE)
values ('27001000', '52', 0, 2, 0, 2, 20, 0, 5, 0);
commit;
prompt 400 records committed...
insert into DIAS_DISPERSION (IDMUNICIPIO, IDBANCO, DIAS_DISPERSION_SL, FREC_DISPERSION_SL, DIAS_DISPERSION_PL, FREC_DISPERSION_PL, DIAS_DISPERSION_SE, FREC_DISPERSION_SE, DIAS_DISPERSION_PE, FREC_DISPERSION_PE)
values ('41000000', '52', 0, 2, 0, 2, 20, 0, 5, 0);
insert into DIAS_DISPERSION (IDMUNICIPIO, IDBANCO, DIAS_DISPERSION_SL, FREC_DISPERSION_SL, DIAS_DISPERSION_PL, FREC_DISPERSION_PL, DIAS_DISPERSION_SE, FREC_DISPERSION_SE, DIAS_DISPERSION_PE, FREC_DISPERSION_PE)
values ('41001000', '52', 0, 2, 0, 2, 20, 0, 5, 0);
insert into DIAS_DISPERSION (IDMUNICIPIO, IDBANCO, DIAS_DISPERSION_SL, FREC_DISPERSION_SL, DIAS_DISPERSION_PL, FREC_DISPERSION_PL, DIAS_DISPERSION_SE, FREC_DISPERSION_SE, DIAS_DISPERSION_PE, FREC_DISPERSION_PE)
values ('41016000', '52', 0, 2, 0, 2, 20, 0, 5, 0);
insert into DIAS_DISPERSION (IDMUNICIPIO, IDBANCO, DIAS_DISPERSION_SL, FREC_DISPERSION_SL, DIAS_DISPERSION_PL, FREC_DISPERSION_PL, DIAS_DISPERSION_SE, FREC_DISPERSION_SE, DIAS_DISPERSION_PE, FREC_DISPERSION_PE)
values ('41132000', '52', 0, 2, 0, 2, 20, 0, 5, 0);
insert into DIAS_DISPERSION (IDMUNICIPIO, IDBANCO, DIAS_DISPERSION_SL, FREC_DISPERSION_SL, DIAS_DISPERSION_PL, FREC_DISPERSION_PL, DIAS_DISPERSION_SE, FREC_DISPERSION_SE, DIAS_DISPERSION_PE, FREC_DISPERSION_PE)
values ('41298000', '52', 0, 2, 0, 2, 20, 0, 5, 0);
insert into DIAS_DISPERSION (IDMUNICIPIO, IDBANCO, DIAS_DISPERSION_SL, FREC_DISPERSION_SL, DIAS_DISPERSION_PL, FREC_DISPERSION_PL, DIAS_DISPERSION_SE, FREC_DISPERSION_SE, DIAS_DISPERSION_PE, FREC_DISPERSION_PE)
values ('41319000', '52', 0, 2, 0, 2, 20, 0, 5, 0);
insert into DIAS_DISPERSION (IDMUNICIPIO, IDBANCO, DIAS_DISPERSION_SL, FREC_DISPERSION_SL, DIAS_DISPERSION_PL, FREC_DISPERSION_PL, DIAS_DISPERSION_SE, FREC_DISPERSION_SE, DIAS_DISPERSION_PE, FREC_DISPERSION_PE)
values ('41396000', '52', 0, 2, 0, 2, 20, 0, 5, 0);
insert into DIAS_DISPERSION (IDMUNICIPIO, IDBANCO, DIAS_DISPERSION_SL, FREC_DISPERSION_SL, DIAS_DISPERSION_PL, FREC_DISPERSION_PL, DIAS_DISPERSION_SE, FREC_DISPERSION_SE, DIAS_DISPERSION_PE, FREC_DISPERSION_PE)
values ('41524000', '52', 0, 2, 0, 2, 20, 0, 5, 0);
insert into DIAS_DISPERSION (IDMUNICIPIO, IDBANCO, DIAS_DISPERSION_SL, FREC_DISPERSION_SL, DIAS_DISPERSION_PL, FREC_DISPERSION_PL, DIAS_DISPERSION_SE, FREC_DISPERSION_SE, DIAS_DISPERSION_PE, FREC_DISPERSION_PE)
values ('41551000', '52', 0, 2, 0, 2, 20, 0, 5, 0);
insert into DIAS_DISPERSION (IDMUNICIPIO, IDBANCO, DIAS_DISPERSION_SL, FREC_DISPERSION_SL, DIAS_DISPERSION_PL, FREC_DISPERSION_PL, DIAS_DISPERSION_SE, FREC_DISPERSION_SE, DIAS_DISPERSION_PE, FREC_DISPERSION_PE)
values ('41791000', '52', 0, 2, 0, 2, 20, 0, 5, 0);
insert into DIAS_DISPERSION (IDMUNICIPIO, IDBANCO, DIAS_DISPERSION_SL, FREC_DISPERSION_SL, DIAS_DISPERSION_PL, FREC_DISPERSION_PL, DIAS_DISPERSION_SE, FREC_DISPERSION_SE, DIAS_DISPERSION_PE, FREC_DISPERSION_PE)
values ('41807000', '52', 0, 2, 0, 2, 20, 0, 5, 0);
insert into DIAS_DISPERSION (IDMUNICIPIO, IDBANCO, DIAS_DISPERSION_SL, FREC_DISPERSION_SL, DIAS_DISPERSION_PL, FREC_DISPERSION_PL, DIAS_DISPERSION_SE, FREC_DISPERSION_SE, DIAS_DISPERSION_PE, FREC_DISPERSION_PE)
values ('44000000', '52', 0, 2, 0, 2, 20, 0, 5, 0);
insert into DIAS_DISPERSION (IDMUNICIPIO, IDBANCO, DIAS_DISPERSION_SL, FREC_DISPERSION_SL, DIAS_DISPERSION_PL, FREC_DISPERSION_PL, DIAS_DISPERSION_SE, FREC_DISPERSION_SE, DIAS_DISPERSION_PE, FREC_DISPERSION_PE)
values ('44001000', '52', 0, 2, 0, 2, 20, 0, 5, 0);
insert into DIAS_DISPERSION (IDMUNICIPIO, IDBANCO, DIAS_DISPERSION_SL, FREC_DISPERSION_SL, DIAS_DISPERSION_PL, FREC_DISPERSION_PL, DIAS_DISPERSION_SE, FREC_DISPERSION_SE, DIAS_DISPERSION_PE, FREC_DISPERSION_PE)
values ('47001000', '52', 0, 2, 0, 2, 6, 0, 5, 0);
insert into DIAS_DISPERSION (IDMUNICIPIO, IDBANCO, DIAS_DISPERSION_SL, FREC_DISPERSION_SL, DIAS_DISPERSION_PL, FREC_DISPERSION_PL, DIAS_DISPERSION_SE, FREC_DISPERSION_SE, DIAS_DISPERSION_PE, FREC_DISPERSION_PE)
values ('47053000', '52', 0, 2, 0, 2, 20, 0, 5, 0);
insert into DIAS_DISPERSION (IDMUNICIPIO, IDBANCO, DIAS_DISPERSION_SL, FREC_DISPERSION_SL, DIAS_DISPERSION_PL, FREC_DISPERSION_PL, DIAS_DISPERSION_SE, FREC_DISPERSION_SE, DIAS_DISPERSION_PE, FREC_DISPERSION_PE)
values ('47189000', '52', 0, 2, 0, 2, 0, 2, 0, 2);
insert into DIAS_DISPERSION (IDMUNICIPIO, IDBANCO, DIAS_DISPERSION_SL, FREC_DISPERSION_SL, DIAS_DISPERSION_PL, FREC_DISPERSION_PL, DIAS_DISPERSION_SE, FREC_DISPERSION_SE, DIAS_DISPERSION_PE, FREC_DISPERSION_PE)
values ('47245000', '52', 0, 2, 0, 2, 20, 0, 5, 0);
insert into DIAS_DISPERSION (IDMUNICIPIO, IDBANCO, DIAS_DISPERSION_SL, FREC_DISPERSION_SL, DIAS_DISPERSION_PL, FREC_DISPERSION_PL, DIAS_DISPERSION_SE, FREC_DISPERSION_SE, DIAS_DISPERSION_PE, FREC_DISPERSION_PE)
values ('08638000', '52', 0, 2, 0, 2, 20, 0, 5, 0);
insert into DIAS_DISPERSION (IDMUNICIPIO, IDBANCO, DIAS_DISPERSION_SL, FREC_DISPERSION_SL, DIAS_DISPERSION_PL, FREC_DISPERSION_PL, DIAS_DISPERSION_SE, FREC_DISPERSION_SE, DIAS_DISPERSION_PE, FREC_DISPERSION_PE)
values ('08685000', '52', 0, 2, 0, 2, 20, 0, 5, 0);
insert into DIAS_DISPERSION (IDMUNICIPIO, IDBANCO, DIAS_DISPERSION_SL, FREC_DISPERSION_SL, DIAS_DISPERSION_PL, FREC_DISPERSION_PL, DIAS_DISPERSION_SE, FREC_DISPERSION_SE, DIAS_DISPERSION_PE, FREC_DISPERSION_PE)
values ('08758000', '52', 0, 2, 0, 2, 20, 0, 5, 0);
insert into DIAS_DISPERSION (IDMUNICIPIO, IDBANCO, DIAS_DISPERSION_SL, FREC_DISPERSION_SL, DIAS_DISPERSION_PL, FREC_DISPERSION_PL, DIAS_DISPERSION_SE, FREC_DISPERSION_SE, DIAS_DISPERSION_PE, FREC_DISPERSION_PE)
values ('08770000', '52', 0, 2, 0, 2, 20, 0, 5, 0);
insert into DIAS_DISPERSION (IDMUNICIPIO, IDBANCO, DIAS_DISPERSION_SL, FREC_DISPERSION_SL, DIAS_DISPERSION_PL, FREC_DISPERSION_PL, DIAS_DISPERSION_SE, FREC_DISPERSION_SE, DIAS_DISPERSION_PE, FREC_DISPERSION_PE)
values ('08849000', '52', 0, 2, 0, 2, 20, 0, 5, 0);
insert into DIAS_DISPERSION (IDMUNICIPIO, IDBANCO, DIAS_DISPERSION_SL, FREC_DISPERSION_SL, DIAS_DISPERSION_PL, FREC_DISPERSION_PL, DIAS_DISPERSION_SE, FREC_DISPERSION_SE, DIAS_DISPERSION_PE, FREC_DISPERSION_PE)
values ('11001000', '52', 0, 2, 0, 2, 0, 1, 0, 1);
insert into DIAS_DISPERSION (IDMUNICIPIO, IDBANCO, DIAS_DISPERSION_SL, FREC_DISPERSION_SL, DIAS_DISPERSION_PL, FREC_DISPERSION_PL, DIAS_DISPERSION_SE, FREC_DISPERSION_SE, DIAS_DISPERSION_PE, FREC_DISPERSION_PE)
values ('13000000', '52', 0, 2, 0, 2, 20, 0, 5, 0);
insert into DIAS_DISPERSION (IDMUNICIPIO, IDBANCO, DIAS_DISPERSION_SL, FREC_DISPERSION_SL, DIAS_DISPERSION_PL, FREC_DISPERSION_PL, DIAS_DISPERSION_SE, FREC_DISPERSION_SE, DIAS_DISPERSION_PE, FREC_DISPERSION_PE)
values ('13001000', '52', 0, 2, 0, 2, 20, 0, 5, 0);
insert into DIAS_DISPERSION (IDMUNICIPIO, IDBANCO, DIAS_DISPERSION_SL, FREC_DISPERSION_SL, DIAS_DISPERSION_PL, FREC_DISPERSION_PL, DIAS_DISPERSION_SE, FREC_DISPERSION_SE, DIAS_DISPERSION_PE, FREC_DISPERSION_PE)
values ('13052000', '52', 0, 2, 0, 2, 20, 0, 5, 0);
insert into DIAS_DISPERSION (IDMUNICIPIO, IDBANCO, DIAS_DISPERSION_SL, FREC_DISPERSION_SL, DIAS_DISPERSION_PL, FREC_DISPERSION_PL, DIAS_DISPERSION_SE, FREC_DISPERSION_SE, DIAS_DISPERSION_PE, FREC_DISPERSION_PE)
values ('13222000', '52', 0, 2, 0, 2, 20, 0, 5, 0);
insert into DIAS_DISPERSION (IDMUNICIPIO, IDBANCO, DIAS_DISPERSION_SL, FREC_DISPERSION_SL, DIAS_DISPERSION_PL, FREC_DISPERSION_PL, DIAS_DISPERSION_SE, FREC_DISPERSION_SE, DIAS_DISPERSION_PE, FREC_DISPERSION_PE)
values ('19100000', '52', 0, 2, 0, 2, 20, 0, 5, 0);
insert into DIAS_DISPERSION (IDMUNICIPIO, IDBANCO, DIAS_DISPERSION_SL, FREC_DISPERSION_SL, DIAS_DISPERSION_PL, FREC_DISPERSION_PL, DIAS_DISPERSION_SE, FREC_DISPERSION_SE, DIAS_DISPERSION_PE, FREC_DISPERSION_PE)
values ('05044000', '52', 0, 2, 0, 2, 20, 0, 5, 0);
insert into DIAS_DISPERSION (IDMUNICIPIO, IDBANCO, DIAS_DISPERSION_SL, FREC_DISPERSION_SL, DIAS_DISPERSION_PL, FREC_DISPERSION_PL, DIAS_DISPERSION_SE, FREC_DISPERSION_SE, DIAS_DISPERSION_PE, FREC_DISPERSION_PE)
values ('19743000', '40', 0, 3, 0, 3, 0, 3, 0, 3);
insert into DIAS_DISPERSION (IDMUNICIPIO, IDBANCO, DIAS_DISPERSION_SL, FREC_DISPERSION_SL, DIAS_DISPERSION_PL, FREC_DISPERSION_PL, DIAS_DISPERSION_SE, FREC_DISPERSION_SE, DIAS_DISPERSION_PE, FREC_DISPERSION_PE)
values ('05001000', '40', 0, 3, 0, 3, 0, 3, 0, 3);
insert into DIAS_DISPERSION (IDMUNICIPIO, IDBANCO, DIAS_DISPERSION_SL, FREC_DISPERSION_SL, DIAS_DISPERSION_PL, FREC_DISPERSION_PL, DIAS_DISPERSION_SE, FREC_DISPERSION_SE, DIAS_DISPERSION_PE, FREC_DISPERSION_PE)
values ('05002000', '40', 0, 3, 0, 3, 0, 3, 0, 3);
insert into DIAS_DISPERSION (IDMUNICIPIO, IDBANCO, DIAS_DISPERSION_SL, FREC_DISPERSION_SL, DIAS_DISPERSION_PL, FREC_DISPERSION_PL, DIAS_DISPERSION_SE, FREC_DISPERSION_SE, DIAS_DISPERSION_PE, FREC_DISPERSION_PE)
values ('05030000', '40', 0, 3, 0, 3, 0, 3, 0, 3);
insert into DIAS_DISPERSION (IDMUNICIPIO, IDBANCO, DIAS_DISPERSION_SL, FREC_DISPERSION_SL, DIAS_DISPERSION_PL, FREC_DISPERSION_PL, DIAS_DISPERSION_SE, FREC_DISPERSION_SE, DIAS_DISPERSION_PE, FREC_DISPERSION_PE)
values ('05031000', '40', 0, 3, 0, 3, 0, 3, 0, 3);
insert into DIAS_DISPERSION (IDMUNICIPIO, IDBANCO, DIAS_DISPERSION_SL, FREC_DISPERSION_SL, DIAS_DISPERSION_PL, FREC_DISPERSION_PL, DIAS_DISPERSION_SE, FREC_DISPERSION_SE, DIAS_DISPERSION_PE, FREC_DISPERSION_PE)
values ('05034000', '40', 0, 3, 0, 3, 0, 3, 0, 3);
insert into DIAS_DISPERSION (IDMUNICIPIO, IDBANCO, DIAS_DISPERSION_SL, FREC_DISPERSION_SL, DIAS_DISPERSION_PL, FREC_DISPERSION_PL, DIAS_DISPERSION_SE, FREC_DISPERSION_SE, DIAS_DISPERSION_PE, FREC_DISPERSION_PE)
values ('05042000', '40', 0, 3, 0, 3, 0, 3, 0, 3);
insert into DIAS_DISPERSION (IDMUNICIPIO, IDBANCO, DIAS_DISPERSION_SL, FREC_DISPERSION_SL, DIAS_DISPERSION_PL, FREC_DISPERSION_PL, DIAS_DISPERSION_SE, FREC_DISPERSION_SE, DIAS_DISPERSION_PE, FREC_DISPERSION_PE)
values ('05044000', '40', 0, 3, 0, 3, 0, 3, 0, 3);
insert into DIAS_DISPERSION (IDMUNICIPIO, IDBANCO, DIAS_DISPERSION_SL, FREC_DISPERSION_SL, DIAS_DISPERSION_PL, FREC_DISPERSION_PL, DIAS_DISPERSION_SE, FREC_DISPERSION_SE, DIAS_DISPERSION_PE, FREC_DISPERSION_PE)
values ('05045000', '40', 0, 3, 0, 3, 0, 3, 0, 3);
insert into DIAS_DISPERSION (IDMUNICIPIO, IDBANCO, DIAS_DISPERSION_SL, FREC_DISPERSION_SL, DIAS_DISPERSION_PL, FREC_DISPERSION_PL, DIAS_DISPERSION_SE, FREC_DISPERSION_SE, DIAS_DISPERSION_PE, FREC_DISPERSION_PE)
values ('05051000', '40', 0, 3, 0, 3, 0, 3, 0, 3);
insert into DIAS_DISPERSION (IDMUNICIPIO, IDBANCO, DIAS_DISPERSION_SL, FREC_DISPERSION_SL, DIAS_DISPERSION_PL, FREC_DISPERSION_PL, DIAS_DISPERSION_SE, FREC_DISPERSION_SE, DIAS_DISPERSION_PE, FREC_DISPERSION_PE)
values ('05079000', '40', 0, 3, 0, 3, 0, 3, 0, 3);
insert into DIAS_DISPERSION (IDMUNICIPIO, IDBANCO, DIAS_DISPERSION_SL, FREC_DISPERSION_SL, DIAS_DISPERSION_PL, FREC_DISPERSION_PL, DIAS_DISPERSION_SE, FREC_DISPERSION_SE, DIAS_DISPERSION_PE, FREC_DISPERSION_PE)
values ('05088000', '40', 0, 3, 0, 3, 0, 3, 0, 3);
insert into DIAS_DISPERSION (IDMUNICIPIO, IDBANCO, DIAS_DISPERSION_SL, FREC_DISPERSION_SL, DIAS_DISPERSION_PL, FREC_DISPERSION_PL, DIAS_DISPERSION_SE, FREC_DISPERSION_SE, DIAS_DISPERSION_PE, FREC_DISPERSION_PE)
values ('05101000', '40', 0, 3, 0, 3, 0, 3, 0, 3);
insert into DIAS_DISPERSION (IDMUNICIPIO, IDBANCO, DIAS_DISPERSION_SL, FREC_DISPERSION_SL, DIAS_DISPERSION_PL, FREC_DISPERSION_PL, DIAS_DISPERSION_SE, FREC_DISPERSION_SE, DIAS_DISPERSION_PE, FREC_DISPERSION_PE)
values ('05120000', '40', 0, 3, 0, 3, 0, 3, 0, 3);
insert into DIAS_DISPERSION (IDMUNICIPIO, IDBANCO, DIAS_DISPERSION_SL, FREC_DISPERSION_SL, DIAS_DISPERSION_PL, FREC_DISPERSION_PL, DIAS_DISPERSION_SE, FREC_DISPERSION_SE, DIAS_DISPERSION_PE, FREC_DISPERSION_PE)
values ('05129000', '40', 0, 3, 0, 3, 0, 3, 0, 3);
insert into DIAS_DISPERSION (IDMUNICIPIO, IDBANCO, DIAS_DISPERSION_SL, FREC_DISPERSION_SL, DIAS_DISPERSION_PL, FREC_DISPERSION_PL, DIAS_DISPERSION_SE, FREC_DISPERSION_SE, DIAS_DISPERSION_PE, FREC_DISPERSION_PE)
values ('05138000', '40', 0, 3, 0, 3, 0, 3, 0, 3);
insert into DIAS_DISPERSION (IDMUNICIPIO, IDBANCO, DIAS_DISPERSION_SL, FREC_DISPERSION_SL, DIAS_DISPERSION_PL, FREC_DISPERSION_PL, DIAS_DISPERSION_SE, FREC_DISPERSION_SE, DIAS_DISPERSION_PE, FREC_DISPERSION_PE)
values ('05147000', '40', 0, 3, 0, 3, 0, 3, 0, 3);
insert into DIAS_DISPERSION (IDMUNICIPIO, IDBANCO, DIAS_DISPERSION_SL, FREC_DISPERSION_SL, DIAS_DISPERSION_PL, FREC_DISPERSION_PL, DIAS_DISPERSION_SE, FREC_DISPERSION_SE, DIAS_DISPERSION_PE, FREC_DISPERSION_PE)
values ('05148000', '40', 0, 3, 0, 3, 0, 3, 0, 3);
insert into DIAS_DISPERSION (IDMUNICIPIO, IDBANCO, DIAS_DISPERSION_SL, FREC_DISPERSION_SL, DIAS_DISPERSION_PL, FREC_DISPERSION_PL, DIAS_DISPERSION_SE, FREC_DISPERSION_SE, DIAS_DISPERSION_PE, FREC_DISPERSION_PE)
values ('05154000', '40', 0, 3, 0, 3, 0, 3, 0, 3);
insert into DIAS_DISPERSION (IDMUNICIPIO, IDBANCO, DIAS_DISPERSION_SL, FREC_DISPERSION_SL, DIAS_DISPERSION_PL, FREC_DISPERSION_PL, DIAS_DISPERSION_SE, FREC_DISPERSION_SE, DIAS_DISPERSION_PE, FREC_DISPERSION_PE)
values ('05172000', '40', 0, 3, 0, 3, 0, 3, 0, 3);
insert into DIAS_DISPERSION (IDMUNICIPIO, IDBANCO, DIAS_DISPERSION_SL, FREC_DISPERSION_SL, DIAS_DISPERSION_PL, FREC_DISPERSION_PL, DIAS_DISPERSION_SE, FREC_DISPERSION_SE, DIAS_DISPERSION_PE, FREC_DISPERSION_PE)
values ('05190000', '40', 0, 3, 0, 3, 0, 3, 0, 3);
insert into DIAS_DISPERSION (IDMUNICIPIO, IDBANCO, DIAS_DISPERSION_SL, FREC_DISPERSION_SL, DIAS_DISPERSION_PL, FREC_DISPERSION_PL, DIAS_DISPERSION_SE, FREC_DISPERSION_SE, DIAS_DISPERSION_PE, FREC_DISPERSION_PE)
values ('05197000', '40', 0, 3, 0, 3, 0, 3, 0, 3);
insert into DIAS_DISPERSION (IDMUNICIPIO, IDBANCO, DIAS_DISPERSION_SL, FREC_DISPERSION_SL, DIAS_DISPERSION_PL, FREC_DISPERSION_PL, DIAS_DISPERSION_SE, FREC_DISPERSION_SE, DIAS_DISPERSION_PE, FREC_DISPERSION_PE)
values ('05212000', '40', 0, 3, 0, 3, 0, 3, 0, 3);
insert into DIAS_DISPERSION (IDMUNICIPIO, IDBANCO, DIAS_DISPERSION_SL, FREC_DISPERSION_SL, DIAS_DISPERSION_PL, FREC_DISPERSION_PL, DIAS_DISPERSION_SE, FREC_DISPERSION_SE, DIAS_DISPERSION_PE, FREC_DISPERSION_PE)
values ('05237000', '40', 0, 3, 0, 3, 0, 3, 0, 3);
insert into DIAS_DISPERSION (IDMUNICIPIO, IDBANCO, DIAS_DISPERSION_SL, FREC_DISPERSION_SL, DIAS_DISPERSION_PL, FREC_DISPERSION_PL, DIAS_DISPERSION_SE, FREC_DISPERSION_SE, DIAS_DISPERSION_PE, FREC_DISPERSION_PE)
values ('05264000', '40', 0, 3, 0, 3, 0, 3, 0, 3);
insert into DIAS_DISPERSION (IDMUNICIPIO, IDBANCO, DIAS_DISPERSION_SL, FREC_DISPERSION_SL, DIAS_DISPERSION_PL, FREC_DISPERSION_PL, DIAS_DISPERSION_SE, FREC_DISPERSION_SE, DIAS_DISPERSION_PE, FREC_DISPERSION_PE)
values ('05266000', '40', 0, 3, 0, 3, 0, 3, 0, 3);
insert into DIAS_DISPERSION (IDMUNICIPIO, IDBANCO, DIAS_DISPERSION_SL, FREC_DISPERSION_SL, DIAS_DISPERSION_PL, FREC_DISPERSION_PL, DIAS_DISPERSION_SE, FREC_DISPERSION_SE, DIAS_DISPERSION_PE, FREC_DISPERSION_PE)
values ('05282000', '40', 0, 3, 0, 3, 0, 3, 0, 3);
insert into DIAS_DISPERSION (IDMUNICIPIO, IDBANCO, DIAS_DISPERSION_SL, FREC_DISPERSION_SL, DIAS_DISPERSION_PL, FREC_DISPERSION_PL, DIAS_DISPERSION_SE, FREC_DISPERSION_SE, DIAS_DISPERSION_PE, FREC_DISPERSION_PE)
values ('05284000', '40', 0, 3, 0, 3, 0, 3, 0, 3);
insert into DIAS_DISPERSION (IDMUNICIPIO, IDBANCO, DIAS_DISPERSION_SL, FREC_DISPERSION_SL, DIAS_DISPERSION_PL, FREC_DISPERSION_PL, DIAS_DISPERSION_SE, FREC_DISPERSION_SE, DIAS_DISPERSION_PE, FREC_DISPERSION_PE)
values ('05306000', '40', 0, 3, 0, 3, 0, 3, 0, 3);
insert into DIAS_DISPERSION (IDMUNICIPIO, IDBANCO, DIAS_DISPERSION_SL, FREC_DISPERSION_SL, DIAS_DISPERSION_PL, FREC_DISPERSION_PL, DIAS_DISPERSION_SE, FREC_DISPERSION_SE, DIAS_DISPERSION_PE, FREC_DISPERSION_PE)
values ('05308000', '40', 0, 3, 0, 3, 0, 3, 0, 3);
insert into DIAS_DISPERSION (IDMUNICIPIO, IDBANCO, DIAS_DISPERSION_SL, FREC_DISPERSION_SL, DIAS_DISPERSION_PL, FREC_DISPERSION_PL, DIAS_DISPERSION_SE, FREC_DISPERSION_SE, DIAS_DISPERSION_PE, FREC_DISPERSION_PE)
values ('05318000', '40', 0, 3, 0, 3, 0, 3, 0, 3);
insert into DIAS_DISPERSION (IDMUNICIPIO, IDBANCO, DIAS_DISPERSION_SL, FREC_DISPERSION_SL, DIAS_DISPERSION_PL, FREC_DISPERSION_PL, DIAS_DISPERSION_SE, FREC_DISPERSION_SE, DIAS_DISPERSION_PE, FREC_DISPERSION_PE)
values ('05321000', '40', 0, 3, 0, 3, 0, 3, 0, 3);
insert into DIAS_DISPERSION (IDMUNICIPIO, IDBANCO, DIAS_DISPERSION_SL, FREC_DISPERSION_SL, DIAS_DISPERSION_PL, FREC_DISPERSION_PL, DIAS_DISPERSION_SE, FREC_DISPERSION_SE, DIAS_DISPERSION_PE, FREC_DISPERSION_PE)
values ('05353000', '40', 0, 3, 0, 3, 0, 3, 0, 3);
insert into DIAS_DISPERSION (IDMUNICIPIO, IDBANCO, DIAS_DISPERSION_SL, FREC_DISPERSION_SL, DIAS_DISPERSION_PL, FREC_DISPERSION_PL, DIAS_DISPERSION_SE, FREC_DISPERSION_SE, DIAS_DISPERSION_PE, FREC_DISPERSION_PE)
values ('05360000', '40', 0, 3, 0, 3, 0, 3, 0, 3);
insert into DIAS_DISPERSION (IDMUNICIPIO, IDBANCO, DIAS_DISPERSION_SL, FREC_DISPERSION_SL, DIAS_DISPERSION_PL, FREC_DISPERSION_PL, DIAS_DISPERSION_SE, FREC_DISPERSION_SE, DIAS_DISPERSION_PE, FREC_DISPERSION_PE)
values ('05368000', '40', 0, 3, 0, 3, 0, 3, 0, 3);
insert into DIAS_DISPERSION (IDMUNICIPIO, IDBANCO, DIAS_DISPERSION_SL, FREC_DISPERSION_SL, DIAS_DISPERSION_PL, FREC_DISPERSION_PL, DIAS_DISPERSION_SE, FREC_DISPERSION_SE, DIAS_DISPERSION_PE, FREC_DISPERSION_PE)
values ('05376000', '40', 0, 3, 0, 3, 0, 3, 0, 3);
insert into DIAS_DISPERSION (IDMUNICIPIO, IDBANCO, DIAS_DISPERSION_SL, FREC_DISPERSION_SL, DIAS_DISPERSION_PL, FREC_DISPERSION_PL, DIAS_DISPERSION_SE, FREC_DISPERSION_SE, DIAS_DISPERSION_PE, FREC_DISPERSION_PE)
values ('05380000', '40', 0, 3, 0, 3, 0, 3, 0, 3);
insert into DIAS_DISPERSION (IDMUNICIPIO, IDBANCO, DIAS_DISPERSION_SL, FREC_DISPERSION_SL, DIAS_DISPERSION_PL, FREC_DISPERSION_PL, DIAS_DISPERSION_SE, FREC_DISPERSION_SE, DIAS_DISPERSION_PE, FREC_DISPERSION_PE)
values ('05390000', '40', 0, 3, 0, 3, 0, 3, 0, 3);
insert into DIAS_DISPERSION (IDMUNICIPIO, IDBANCO, DIAS_DISPERSION_SL, FREC_DISPERSION_SL, DIAS_DISPERSION_PL, FREC_DISPERSION_PL, DIAS_DISPERSION_SE, FREC_DISPERSION_SE, DIAS_DISPERSION_PE, FREC_DISPERSION_PE)
values ('05400000', '40', 0, 3, 0, 3, 0, 3, 0, 3);
insert into DIAS_DISPERSION (IDMUNICIPIO, IDBANCO, DIAS_DISPERSION_SL, FREC_DISPERSION_SL, DIAS_DISPERSION_PL, FREC_DISPERSION_PL, DIAS_DISPERSION_SE, FREC_DISPERSION_SE, DIAS_DISPERSION_PE, FREC_DISPERSION_PE)
values ('05425000', '40', 0, 3, 0, 3, 0, 3, 0, 3);
insert into DIAS_DISPERSION (IDMUNICIPIO, IDBANCO, DIAS_DISPERSION_SL, FREC_DISPERSION_SL, DIAS_DISPERSION_PL, FREC_DISPERSION_PL, DIAS_DISPERSION_SE, FREC_DISPERSION_SE, DIAS_DISPERSION_PE, FREC_DISPERSION_PE)
values ('05440000', '40', 0, 3, 0, 3, 0, 3, 0, 3);
insert into DIAS_DISPERSION (IDMUNICIPIO, IDBANCO, DIAS_DISPERSION_SL, FREC_DISPERSION_SL, DIAS_DISPERSION_PL, FREC_DISPERSION_PL, DIAS_DISPERSION_SE, FREC_DISPERSION_SE, DIAS_DISPERSION_PE, FREC_DISPERSION_PE)
values ('05490000', '40', 0, 3, 0, 3, 0, 3, 0, 3);
insert into DIAS_DISPERSION (IDMUNICIPIO, IDBANCO, DIAS_DISPERSION_SL, FREC_DISPERSION_SL, DIAS_DISPERSION_PL, FREC_DISPERSION_PL, DIAS_DISPERSION_SE, FREC_DISPERSION_SE, DIAS_DISPERSION_PE, FREC_DISPERSION_PE)
values ('05541000', '40', 0, 3, 0, 3, 0, 3, 0, 3);
insert into DIAS_DISPERSION (IDMUNICIPIO, IDBANCO, DIAS_DISPERSION_SL, FREC_DISPERSION_SL, DIAS_DISPERSION_PL, FREC_DISPERSION_PL, DIAS_DISPERSION_SE, FREC_DISPERSION_SE, DIAS_DISPERSION_PE, FREC_DISPERSION_PE)
values ('05579000', '40', 0, 3, 0, 3, 0, 3, 0, 3);
insert into DIAS_DISPERSION (IDMUNICIPIO, IDBANCO, DIAS_DISPERSION_SL, FREC_DISPERSION_SL, DIAS_DISPERSION_PL, FREC_DISPERSION_PL, DIAS_DISPERSION_SE, FREC_DISPERSION_SE, DIAS_DISPERSION_PE, FREC_DISPERSION_PE)
values ('05591000', '40', 0, 3, 0, 3, 0, 3, 0, 3);
insert into DIAS_DISPERSION (IDMUNICIPIO, IDBANCO, DIAS_DISPERSION_SL, FREC_DISPERSION_SL, DIAS_DISPERSION_PL, FREC_DISPERSION_PL, DIAS_DISPERSION_SE, FREC_DISPERSION_SE, DIAS_DISPERSION_PE, FREC_DISPERSION_PE)
values ('05607000', '40', 0, 3, 0, 3, 0, 3, 0, 3);
insert into DIAS_DISPERSION (IDMUNICIPIO, IDBANCO, DIAS_DISPERSION_SL, FREC_DISPERSION_SL, DIAS_DISPERSION_PL, FREC_DISPERSION_PL, DIAS_DISPERSION_SE, FREC_DISPERSION_SE, DIAS_DISPERSION_PE, FREC_DISPERSION_PE)
values ('05615000', '40', 0, 3, 0, 3, 0, 3, 0, 3);
insert into DIAS_DISPERSION (IDMUNICIPIO, IDBANCO, DIAS_DISPERSION_SL, FREC_DISPERSION_SL, DIAS_DISPERSION_PL, FREC_DISPERSION_PL, DIAS_DISPERSION_SE, FREC_DISPERSION_SE, DIAS_DISPERSION_PE, FREC_DISPERSION_PE)
values ('05631000', '40', 0, 3, 0, 3, 0, 3, 0, 3);
insert into DIAS_DISPERSION (IDMUNICIPIO, IDBANCO, DIAS_DISPERSION_SL, FREC_DISPERSION_SL, DIAS_DISPERSION_PL, FREC_DISPERSION_PL, DIAS_DISPERSION_SE, FREC_DISPERSION_SE, DIAS_DISPERSION_PE, FREC_DISPERSION_PE)
values ('05656000', '40', 0, 3, 0, 3, 0, 3, 0, 3);
insert into DIAS_DISPERSION (IDMUNICIPIO, IDBANCO, DIAS_DISPERSION_SL, FREC_DISPERSION_SL, DIAS_DISPERSION_PL, FREC_DISPERSION_PL, DIAS_DISPERSION_SE, FREC_DISPERSION_SE, DIAS_DISPERSION_PE, FREC_DISPERSION_PE)
values ('05660000', '40', 0, 3, 0, 3, 0, 3, 0, 3);
insert into DIAS_DISPERSION (IDMUNICIPIO, IDBANCO, DIAS_DISPERSION_SL, FREC_DISPERSION_SL, DIAS_DISPERSION_PL, FREC_DISPERSION_PL, DIAS_DISPERSION_SE, FREC_DISPERSION_SE, DIAS_DISPERSION_PE, FREC_DISPERSION_PE)
values ('05664000', '40', 0, 3, 0, 3, 0, 3, 0, 3);
insert into DIAS_DISPERSION (IDMUNICIPIO, IDBANCO, DIAS_DISPERSION_SL, FREC_DISPERSION_SL, DIAS_DISPERSION_PL, FREC_DISPERSION_PL, DIAS_DISPERSION_SE, FREC_DISPERSION_SE, DIAS_DISPERSION_PE, FREC_DISPERSION_PE)
values ('05670000', '40', 0, 3, 0, 3, 0, 3, 0, 3);
insert into DIAS_DISPERSION (IDMUNICIPIO, IDBANCO, DIAS_DISPERSION_SL, FREC_DISPERSION_SL, DIAS_DISPERSION_PL, FREC_DISPERSION_PL, DIAS_DISPERSION_SE, FREC_DISPERSION_SE, DIAS_DISPERSION_PE, FREC_DISPERSION_PE)
values ('05674000', '40', 0, 3, 0, 3, 0, 3, 0, 3);
insert into DIAS_DISPERSION (IDMUNICIPIO, IDBANCO, DIAS_DISPERSION_SL, FREC_DISPERSION_SL, DIAS_DISPERSION_PL, FREC_DISPERSION_PL, DIAS_DISPERSION_SE, FREC_DISPERSION_SE, DIAS_DISPERSION_PE, FREC_DISPERSION_PE)
values ('05679000', '40', 0, 3, 0, 3, 0, 3, 0, 3);
insert into DIAS_DISPERSION (IDMUNICIPIO, IDBANCO, DIAS_DISPERSION_SL, FREC_DISPERSION_SL, DIAS_DISPERSION_PL, FREC_DISPERSION_PL, DIAS_DISPERSION_SE, FREC_DISPERSION_SE, DIAS_DISPERSION_PE, FREC_DISPERSION_PE)
values ('05686000', '40', 0, 3, 0, 3, 0, 3, 0, 3);
insert into DIAS_DISPERSION (IDMUNICIPIO, IDBANCO, DIAS_DISPERSION_SL, FREC_DISPERSION_SL, DIAS_DISPERSION_PL, FREC_DISPERSION_PL, DIAS_DISPERSION_SE, FREC_DISPERSION_SE, DIAS_DISPERSION_PE, FREC_DISPERSION_PE)
values ('05690000', '40', 0, 3, 0, 3, 0, 3, 0, 3);
insert into DIAS_DISPERSION (IDMUNICIPIO, IDBANCO, DIAS_DISPERSION_SL, FREC_DISPERSION_SL, DIAS_DISPERSION_PL, FREC_DISPERSION_PL, DIAS_DISPERSION_SE, FREC_DISPERSION_SE, DIAS_DISPERSION_PE, FREC_DISPERSION_PE)
values ('05697000', '40', 0, 3, 0, 3, 0, 3, 0, 3);
insert into DIAS_DISPERSION (IDMUNICIPIO, IDBANCO, DIAS_DISPERSION_SL, FREC_DISPERSION_SL, DIAS_DISPERSION_PL, FREC_DISPERSION_PL, DIAS_DISPERSION_SE, FREC_DISPERSION_SE, DIAS_DISPERSION_PE, FREC_DISPERSION_PE)
values ('05756000', '40', 0, 3, 0, 3, 0, 3, 0, 3);
insert into DIAS_DISPERSION (IDMUNICIPIO, IDBANCO, DIAS_DISPERSION_SL, FREC_DISPERSION_SL, DIAS_DISPERSION_PL, FREC_DISPERSION_PL, DIAS_DISPERSION_SE, FREC_DISPERSION_SE, DIAS_DISPERSION_PE, FREC_DISPERSION_PE)
values ('05761000', '40', 0, 3, 0, 3, 0, 3, 0, 3);
insert into DIAS_DISPERSION (IDMUNICIPIO, IDBANCO, DIAS_DISPERSION_SL, FREC_DISPERSION_SL, DIAS_DISPERSION_PL, FREC_DISPERSION_PL, DIAS_DISPERSION_SE, FREC_DISPERSION_SE, DIAS_DISPERSION_PE, FREC_DISPERSION_PE)
values ('05790000', '40', 0, 3, 0, 3, 0, 3, 0, 3);
insert into DIAS_DISPERSION (IDMUNICIPIO, IDBANCO, DIAS_DISPERSION_SL, FREC_DISPERSION_SL, DIAS_DISPERSION_PL, FREC_DISPERSION_PL, DIAS_DISPERSION_SE, FREC_DISPERSION_SE, DIAS_DISPERSION_PE, FREC_DISPERSION_PE)
values ('05792000', '40', 0, 3, 0, 3, 0, 3, 0, 3);
insert into DIAS_DISPERSION (IDMUNICIPIO, IDBANCO, DIAS_DISPERSION_SL, FREC_DISPERSION_SL, DIAS_DISPERSION_PL, FREC_DISPERSION_PL, DIAS_DISPERSION_SE, FREC_DISPERSION_SE, DIAS_DISPERSION_PE, FREC_DISPERSION_PE)
values ('05809000', '40', 0, 3, 0, 3, 0, 3, 0, 3);
insert into DIAS_DISPERSION (IDMUNICIPIO, IDBANCO, DIAS_DISPERSION_SL, FREC_DISPERSION_SL, DIAS_DISPERSION_PL, FREC_DISPERSION_PL, DIAS_DISPERSION_SE, FREC_DISPERSION_SE, DIAS_DISPERSION_PE, FREC_DISPERSION_PE)
values ('05837000', '40', 0, 3, 0, 3, 0, 3, 0, 3);
insert into DIAS_DISPERSION (IDMUNICIPIO, IDBANCO, DIAS_DISPERSION_SL, FREC_DISPERSION_SL, DIAS_DISPERSION_PL, FREC_DISPERSION_PL, DIAS_DISPERSION_SE, FREC_DISPERSION_SE, DIAS_DISPERSION_PE, FREC_DISPERSION_PE)
values ('05842000', '40', 0, 3, 0, 3, 0, 3, 0, 3);
insert into DIAS_DISPERSION (IDMUNICIPIO, IDBANCO, DIAS_DISPERSION_SL, FREC_DISPERSION_SL, DIAS_DISPERSION_PL, FREC_DISPERSION_PL, DIAS_DISPERSION_SE, FREC_DISPERSION_SE, DIAS_DISPERSION_PE, FREC_DISPERSION_PE)
values ('05847000', '40', 0, 3, 0, 3, 0, 3, 0, 3);
insert into DIAS_DISPERSION (IDMUNICIPIO, IDBANCO, DIAS_DISPERSION_SL, FREC_DISPERSION_SL, DIAS_DISPERSION_PL, FREC_DISPERSION_PL, DIAS_DISPERSION_SE, FREC_DISPERSION_SE, DIAS_DISPERSION_PE, FREC_DISPERSION_PE)
values ('05854000', '40', 0, 3, 0, 3, 0, 3, 0, 3);
insert into DIAS_DISPERSION (IDMUNICIPIO, IDBANCO, DIAS_DISPERSION_SL, FREC_DISPERSION_SL, DIAS_DISPERSION_PL, FREC_DISPERSION_PL, DIAS_DISPERSION_SE, FREC_DISPERSION_SE, DIAS_DISPERSION_PE, FREC_DISPERSION_PE)
values ('05861000', '40', 0, 3, 0, 3, 0, 3, 0, 3);
insert into DIAS_DISPERSION (IDMUNICIPIO, IDBANCO, DIAS_DISPERSION_SL, FREC_DISPERSION_SL, DIAS_DISPERSION_PL, FREC_DISPERSION_PL, DIAS_DISPERSION_SE, FREC_DISPERSION_SE, DIAS_DISPERSION_PE, FREC_DISPERSION_PE)
values ('05887000', '40', 0, 3, 0, 3, 0, 3, 0, 3);
insert into DIAS_DISPERSION (IDMUNICIPIO, IDBANCO, DIAS_DISPERSION_SL, FREC_DISPERSION_SL, DIAS_DISPERSION_PL, FREC_DISPERSION_PL, DIAS_DISPERSION_SE, FREC_DISPERSION_SE, DIAS_DISPERSION_PE, FREC_DISPERSION_PE)
values ('08000000', '40', 0, 3, 0, 3, 0, 3, 0, 3);
insert into DIAS_DISPERSION (IDMUNICIPIO, IDBANCO, DIAS_DISPERSION_SL, FREC_DISPERSION_SL, DIAS_DISPERSION_PL, FREC_DISPERSION_PL, DIAS_DISPERSION_SE, FREC_DISPERSION_SE, DIAS_DISPERSION_PE, FREC_DISPERSION_PE)
values ('08001000', '40', 0, 3, 0, 3, 0, 3, 0, 3);
insert into DIAS_DISPERSION (IDMUNICIPIO, IDBANCO, DIAS_DISPERSION_SL, FREC_DISPERSION_SL, DIAS_DISPERSION_PL, FREC_DISPERSION_PL, DIAS_DISPERSION_SE, FREC_DISPERSION_SE, DIAS_DISPERSION_PE, FREC_DISPERSION_PE)
values ('08078000', '40', 0, 3, 0, 3, 0, 3, 0, 3);
commit;
prompt 500 records committed...
insert into DIAS_DISPERSION (IDMUNICIPIO, IDBANCO, DIAS_DISPERSION_SL, FREC_DISPERSION_SL, DIAS_DISPERSION_PL, FREC_DISPERSION_PL, DIAS_DISPERSION_SE, FREC_DISPERSION_SE, DIAS_DISPERSION_PE, FREC_DISPERSION_PE)
values ('08137000', '40', 0, 3, 0, 3, 0, 3, 0, 3);
insert into DIAS_DISPERSION (IDMUNICIPIO, IDBANCO, DIAS_DISPERSION_SL, FREC_DISPERSION_SL, DIAS_DISPERSION_PL, FREC_DISPERSION_PL, DIAS_DISPERSION_SE, FREC_DISPERSION_SE, DIAS_DISPERSION_PE, FREC_DISPERSION_PE)
values ('08296000', '40', 0, 3, 0, 3, 0, 3, 0, 3);
insert into DIAS_DISPERSION (IDMUNICIPIO, IDBANCO, DIAS_DISPERSION_SL, FREC_DISPERSION_SL, DIAS_DISPERSION_PL, FREC_DISPERSION_PL, DIAS_DISPERSION_SE, FREC_DISPERSION_SE, DIAS_DISPERSION_PE, FREC_DISPERSION_PE)
values ('08421000', '40', 0, 3, 0, 3, 0, 3, 0, 3);
insert into DIAS_DISPERSION (IDMUNICIPIO, IDBANCO, DIAS_DISPERSION_SL, FREC_DISPERSION_SL, DIAS_DISPERSION_PL, FREC_DISPERSION_PL, DIAS_DISPERSION_SE, FREC_DISPERSION_SE, DIAS_DISPERSION_PE, FREC_DISPERSION_PE)
values ('08433000', '40', 0, 3, 0, 3, 0, 3, 0, 3);
insert into DIAS_DISPERSION (IDMUNICIPIO, IDBANCO, DIAS_DISPERSION_SL, FREC_DISPERSION_SL, DIAS_DISPERSION_PL, FREC_DISPERSION_PL, DIAS_DISPERSION_SE, FREC_DISPERSION_SE, DIAS_DISPERSION_PE, FREC_DISPERSION_PE)
values ('08436000', '40', 0, 3, 0, 3, 0, 3, 0, 3);
insert into DIAS_DISPERSION (IDMUNICIPIO, IDBANCO, DIAS_DISPERSION_SL, FREC_DISPERSION_SL, DIAS_DISPERSION_PL, FREC_DISPERSION_PL, DIAS_DISPERSION_SE, FREC_DISPERSION_SE, DIAS_DISPERSION_PE, FREC_DISPERSION_PE)
values ('08520000', '40', 0, 3, 0, 3, 0, 3, 0, 3);
insert into DIAS_DISPERSION (IDMUNICIPIO, IDBANCO, DIAS_DISPERSION_SL, FREC_DISPERSION_SL, DIAS_DISPERSION_PL, FREC_DISPERSION_PL, DIAS_DISPERSION_SE, FREC_DISPERSION_SE, DIAS_DISPERSION_PE, FREC_DISPERSION_PE)
values ('08558000', '40', 0, 3, 0, 3, 0, 3, 0, 3);
insert into DIAS_DISPERSION (IDMUNICIPIO, IDBANCO, DIAS_DISPERSION_SL, FREC_DISPERSION_SL, DIAS_DISPERSION_PL, FREC_DISPERSION_PL, DIAS_DISPERSION_SE, FREC_DISPERSION_SE, DIAS_DISPERSION_PE, FREC_DISPERSION_PE)
values ('08560000', '40', 0, 3, 0, 3, 0, 3, 0, 3);
insert into DIAS_DISPERSION (IDMUNICIPIO, IDBANCO, DIAS_DISPERSION_SL, FREC_DISPERSION_SL, DIAS_DISPERSION_PL, FREC_DISPERSION_PL, DIAS_DISPERSION_SE, FREC_DISPERSION_SE, DIAS_DISPERSION_PE, FREC_DISPERSION_PE)
values ('08573000', '40', 0, 3, 0, 3, 0, 3, 0, 3);
insert into DIAS_DISPERSION (IDMUNICIPIO, IDBANCO, DIAS_DISPERSION_SL, FREC_DISPERSION_SL, DIAS_DISPERSION_PL, FREC_DISPERSION_PL, DIAS_DISPERSION_SE, FREC_DISPERSION_SE, DIAS_DISPERSION_PE, FREC_DISPERSION_PE)
values ('08634000', '40', 0, 3, 0, 3, 0, 3, 0, 3);
insert into DIAS_DISPERSION (IDMUNICIPIO, IDBANCO, DIAS_DISPERSION_SL, FREC_DISPERSION_SL, DIAS_DISPERSION_PL, FREC_DISPERSION_PL, DIAS_DISPERSION_SE, FREC_DISPERSION_SE, DIAS_DISPERSION_PE, FREC_DISPERSION_PE)
values ('08638000', '40', 0, 3, 0, 3, 0, 3, 0, 3);
insert into DIAS_DISPERSION (IDMUNICIPIO, IDBANCO, DIAS_DISPERSION_SL, FREC_DISPERSION_SL, DIAS_DISPERSION_PL, FREC_DISPERSION_PL, DIAS_DISPERSION_SE, FREC_DISPERSION_SE, DIAS_DISPERSION_PE, FREC_DISPERSION_PE)
values ('08685000', '40', 0, 3, 0, 3, 0, 3, 0, 3);
insert into DIAS_DISPERSION (IDMUNICIPIO, IDBANCO, DIAS_DISPERSION_SL, FREC_DISPERSION_SL, DIAS_DISPERSION_PL, FREC_DISPERSION_PL, DIAS_DISPERSION_SE, FREC_DISPERSION_SE, DIAS_DISPERSION_PE, FREC_DISPERSION_PE)
values ('08758000', '40', 0, 3, 0, 3, 0, 3, 0, 3);
insert into DIAS_DISPERSION (IDMUNICIPIO, IDBANCO, DIAS_DISPERSION_SL, FREC_DISPERSION_SL, DIAS_DISPERSION_PL, FREC_DISPERSION_PL, DIAS_DISPERSION_SE, FREC_DISPERSION_SE, DIAS_DISPERSION_PE, FREC_DISPERSION_PE)
values ('08770000', '40', 0, 3, 0, 3, 0, 3, 0, 3);
insert into DIAS_DISPERSION (IDMUNICIPIO, IDBANCO, DIAS_DISPERSION_SL, FREC_DISPERSION_SL, DIAS_DISPERSION_PL, FREC_DISPERSION_PL, DIAS_DISPERSION_SE, FREC_DISPERSION_SE, DIAS_DISPERSION_PE, FREC_DISPERSION_PE)
values ('08832000', '40', 0, 3, 0, 3, 0, 3, 0, 3);
insert into DIAS_DISPERSION (IDMUNICIPIO, IDBANCO, DIAS_DISPERSION_SL, FREC_DISPERSION_SL, DIAS_DISPERSION_PL, FREC_DISPERSION_PL, DIAS_DISPERSION_SE, FREC_DISPERSION_SE, DIAS_DISPERSION_PE, FREC_DISPERSION_PE)
values ('08849000', '40', 0, 3, 0, 3, 0, 3, 0, 3);
insert into DIAS_DISPERSION (IDMUNICIPIO, IDBANCO, DIAS_DISPERSION_SL, FREC_DISPERSION_SL, DIAS_DISPERSION_PL, FREC_DISPERSION_PL, DIAS_DISPERSION_SE, FREC_DISPERSION_SE, DIAS_DISPERSION_PE, FREC_DISPERSION_PE)
values ('11001000', '40', 0, 3, 0, 3, 0, 3, 0, 3);
insert into DIAS_DISPERSION (IDMUNICIPIO, IDBANCO, DIAS_DISPERSION_SL, FREC_DISPERSION_SL, DIAS_DISPERSION_PL, FREC_DISPERSION_PL, DIAS_DISPERSION_SE, FREC_DISPERSION_SE, DIAS_DISPERSION_PE, FREC_DISPERSION_PE)
values ('13000000', '40', 0, 3, 0, 3, 0, 3, 0, 3);
insert into DIAS_DISPERSION (IDMUNICIPIO, IDBANCO, DIAS_DISPERSION_SL, FREC_DISPERSION_SL, DIAS_DISPERSION_PL, FREC_DISPERSION_PL, DIAS_DISPERSION_SE, FREC_DISPERSION_SE, DIAS_DISPERSION_PE, FREC_DISPERSION_PE)
values ('13001000', '40', 0, 3, 0, 3, 0, 3, 0, 3);
insert into DIAS_DISPERSION (IDMUNICIPIO, IDBANCO, DIAS_DISPERSION_SL, FREC_DISPERSION_SL, DIAS_DISPERSION_PL, FREC_DISPERSION_PL, DIAS_DISPERSION_SE, FREC_DISPERSION_SE, DIAS_DISPERSION_PE, FREC_DISPERSION_PE)
values ('13052000', '40', 0, 3, 0, 3, 0, 3, 0, 3);
insert into DIAS_DISPERSION (IDMUNICIPIO, IDBANCO, DIAS_DISPERSION_SL, FREC_DISPERSION_SL, DIAS_DISPERSION_PL, FREC_DISPERSION_PL, DIAS_DISPERSION_SE, FREC_DISPERSION_SE, DIAS_DISPERSION_PE, FREC_DISPERSION_PE)
values ('13222000', '40', 0, 3, 0, 3, 0, 3, 0, 3);
insert into DIAS_DISPERSION (IDMUNICIPIO, IDBANCO, DIAS_DISPERSION_SL, FREC_DISPERSION_SL, DIAS_DISPERSION_PL, FREC_DISPERSION_PL, DIAS_DISPERSION_SE, FREC_DISPERSION_SE, DIAS_DISPERSION_PE, FREC_DISPERSION_PE)
values ('13244000', '40', 0, 3, 0, 3, 0, 3, 0, 3);
insert into DIAS_DISPERSION (IDMUNICIPIO, IDBANCO, DIAS_DISPERSION_SL, FREC_DISPERSION_SL, DIAS_DISPERSION_PL, FREC_DISPERSION_PL, DIAS_DISPERSION_SE, FREC_DISPERSION_SE, DIAS_DISPERSION_PE, FREC_DISPERSION_PE)
values ('13468000', '40', 0, 3, 0, 3, 0, 3, 0, 3);
insert into DIAS_DISPERSION (IDMUNICIPIO, IDBANCO, DIAS_DISPERSION_SL, FREC_DISPERSION_SL, DIAS_DISPERSION_PL, FREC_DISPERSION_PL, DIAS_DISPERSION_SE, FREC_DISPERSION_SE, DIAS_DISPERSION_PE, FREC_DISPERSION_PE)
values ('13657000', '40', 0, 3, 0, 3, 0, 3, 0, 3);
insert into DIAS_DISPERSION (IDMUNICIPIO, IDBANCO, DIAS_DISPERSION_SL, FREC_DISPERSION_SL, DIAS_DISPERSION_PL, FREC_DISPERSION_PL, DIAS_DISPERSION_SE, FREC_DISPERSION_SE, DIAS_DISPERSION_PE, FREC_DISPERSION_PE)
values ('13836000', '40', 0, 3, 0, 3, 0, 3, 0, 3);
insert into DIAS_DISPERSION (IDMUNICIPIO, IDBANCO, DIAS_DISPERSION_SL, FREC_DISPERSION_SL, DIAS_DISPERSION_PL, FREC_DISPERSION_PL, DIAS_DISPERSION_SE, FREC_DISPERSION_SE, DIAS_DISPERSION_PE, FREC_DISPERSION_PE)
values ('15000000', '40', 0, 3, 0, 3, 0, 3, 0, 3);
insert into DIAS_DISPERSION (IDMUNICIPIO, IDBANCO, DIAS_DISPERSION_SL, FREC_DISPERSION_SL, DIAS_DISPERSION_PL, FREC_DISPERSION_PL, DIAS_DISPERSION_SE, FREC_DISPERSION_SE, DIAS_DISPERSION_PE, FREC_DISPERSION_PE)
values ('15001000', '40', 0, 3, 0, 3, 0, 3, 0, 3);
insert into DIAS_DISPERSION (IDMUNICIPIO, IDBANCO, DIAS_DISPERSION_SL, FREC_DISPERSION_SL, DIAS_DISPERSION_PL, FREC_DISPERSION_PL, DIAS_DISPERSION_SE, FREC_DISPERSION_SE, DIAS_DISPERSION_PE, FREC_DISPERSION_PE)
values ('15176000', '40', 0, 3, 0, 3, 0, 3, 0, 3);
insert into DIAS_DISPERSION (IDMUNICIPIO, IDBANCO, DIAS_DISPERSION_SL, FREC_DISPERSION_SL, DIAS_DISPERSION_PL, FREC_DISPERSION_PL, DIAS_DISPERSION_SE, FREC_DISPERSION_SE, DIAS_DISPERSION_PE, FREC_DISPERSION_PE)
values ('15204000', '40', 0, 3, 0, 3, 0, 3, 0, 3);
insert into DIAS_DISPERSION (IDMUNICIPIO, IDBANCO, DIAS_DISPERSION_SL, FREC_DISPERSION_SL, DIAS_DISPERSION_PL, FREC_DISPERSION_PL, DIAS_DISPERSION_SE, FREC_DISPERSION_SE, DIAS_DISPERSION_PE, FREC_DISPERSION_PE)
values ('15238000', '40', 0, 3, 0, 3, 0, 3, 0, 3);
insert into DIAS_DISPERSION (IDMUNICIPIO, IDBANCO, DIAS_DISPERSION_SL, FREC_DISPERSION_SL, DIAS_DISPERSION_PL, FREC_DISPERSION_PL, DIAS_DISPERSION_SE, FREC_DISPERSION_SE, DIAS_DISPERSION_PE, FREC_DISPERSION_PE)
values ('15299000', '40', 0, 3, 0, 3, 0, 3, 0, 3);
insert into DIAS_DISPERSION (IDMUNICIPIO, IDBANCO, DIAS_DISPERSION_SL, FREC_DISPERSION_SL, DIAS_DISPERSION_PL, FREC_DISPERSION_PL, DIAS_DISPERSION_SE, FREC_DISPERSION_SE, DIAS_DISPERSION_PE, FREC_DISPERSION_PE)
values ('15322000', '40', 0, 3, 0, 3, 0, 3, 0, 3);
insert into DIAS_DISPERSION (IDMUNICIPIO, IDBANCO, DIAS_DISPERSION_SL, FREC_DISPERSION_SL, DIAS_DISPERSION_PL, FREC_DISPERSION_PL, DIAS_DISPERSION_SE, FREC_DISPERSION_SE, DIAS_DISPERSION_PE, FREC_DISPERSION_PE)
values ('15491000', '40', 0, 3, 0, 3, 0, 3, 0, 3);
insert into DIAS_DISPERSION (IDMUNICIPIO, IDBANCO, DIAS_DISPERSION_SL, FREC_DISPERSION_SL, DIAS_DISPERSION_PL, FREC_DISPERSION_PL, DIAS_DISPERSION_SE, FREC_DISPERSION_SE, DIAS_DISPERSION_PE, FREC_DISPERSION_PE)
values ('15516000', '40', 0, 3, 0, 3, 0, 3, 0, 3);
insert into DIAS_DISPERSION (IDMUNICIPIO, IDBANCO, DIAS_DISPERSION_SL, FREC_DISPERSION_SL, DIAS_DISPERSION_PL, FREC_DISPERSION_PL, DIAS_DISPERSION_SE, FREC_DISPERSION_SE, DIAS_DISPERSION_PE, FREC_DISPERSION_PE)
values ('15572000', '40', 0, 3, 0, 3, 0, 3, 0, 3);
insert into DIAS_DISPERSION (IDMUNICIPIO, IDBANCO, DIAS_DISPERSION_SL, FREC_DISPERSION_SL, DIAS_DISPERSION_PL, FREC_DISPERSION_PL, DIAS_DISPERSION_SE, FREC_DISPERSION_SE, DIAS_DISPERSION_PE, FREC_DISPERSION_PE)
values ('15632000', '40', 0, 3, 0, 3, 0, 3, 0, 3);
insert into DIAS_DISPERSION (IDMUNICIPIO, IDBANCO, DIAS_DISPERSION_SL, FREC_DISPERSION_SL, DIAS_DISPERSION_PL, FREC_DISPERSION_PL, DIAS_DISPERSION_SE, FREC_DISPERSION_SE, DIAS_DISPERSION_PE, FREC_DISPERSION_PE)
values ('15693000', '40', 0, 3, 0, 3, 0, 3, 0, 3);
insert into DIAS_DISPERSION (IDMUNICIPIO, IDBANCO, DIAS_DISPERSION_SL, FREC_DISPERSION_SL, DIAS_DISPERSION_PL, FREC_DISPERSION_PL, DIAS_DISPERSION_SE, FREC_DISPERSION_SE, DIAS_DISPERSION_PE, FREC_DISPERSION_PE)
values ('15759000', '40', 0, 3, 0, 3, 0, 3, 0, 3);
insert into DIAS_DISPERSION (IDMUNICIPIO, IDBANCO, DIAS_DISPERSION_SL, FREC_DISPERSION_SL, DIAS_DISPERSION_PL, FREC_DISPERSION_PL, DIAS_DISPERSION_SE, FREC_DISPERSION_SE, DIAS_DISPERSION_PE, FREC_DISPERSION_PE)
values ('15806000', '40', 0, 3, 0, 3, 0, 3, 0, 3);
insert into DIAS_DISPERSION (IDMUNICIPIO, IDBANCO, DIAS_DISPERSION_SL, FREC_DISPERSION_SL, DIAS_DISPERSION_PL, FREC_DISPERSION_PL, DIAS_DISPERSION_SE, FREC_DISPERSION_SE, DIAS_DISPERSION_PE, FREC_DISPERSION_PE)
values ('17001000', '40', 0, 3, 0, 3, 0, 3, 0, 3);
insert into DIAS_DISPERSION (IDMUNICIPIO, IDBANCO, DIAS_DISPERSION_SL, FREC_DISPERSION_SL, DIAS_DISPERSION_PL, FREC_DISPERSION_PL, DIAS_DISPERSION_SE, FREC_DISPERSION_SE, DIAS_DISPERSION_PE, FREC_DISPERSION_PE)
values ('17013000', '40', 0, 3, 0, 3, 0, 3, 0, 3);
insert into DIAS_DISPERSION (IDMUNICIPIO, IDBANCO, DIAS_DISPERSION_SL, FREC_DISPERSION_SL, DIAS_DISPERSION_PL, FREC_DISPERSION_PL, DIAS_DISPERSION_SE, FREC_DISPERSION_SE, DIAS_DISPERSION_PE, FREC_DISPERSION_PE)
values ('17042000', '40', 0, 3, 0, 3, 0, 3, 0, 3);
insert into DIAS_DISPERSION (IDMUNICIPIO, IDBANCO, DIAS_DISPERSION_SL, FREC_DISPERSION_SL, DIAS_DISPERSION_PL, FREC_DISPERSION_PL, DIAS_DISPERSION_SE, FREC_DISPERSION_SE, DIAS_DISPERSION_PE, FREC_DISPERSION_PE)
values ('17050000', '40', 0, 3, 0, 3, 0, 3, 0, 3);
insert into DIAS_DISPERSION (IDMUNICIPIO, IDBANCO, DIAS_DISPERSION_SL, FREC_DISPERSION_SL, DIAS_DISPERSION_PL, FREC_DISPERSION_PL, DIAS_DISPERSION_SE, FREC_DISPERSION_SE, DIAS_DISPERSION_PE, FREC_DISPERSION_PE)
values ('17174000', '40', 0, 3, 0, 3, 0, 3, 0, 3);
insert into DIAS_DISPERSION (IDMUNICIPIO, IDBANCO, DIAS_DISPERSION_SL, FREC_DISPERSION_SL, DIAS_DISPERSION_PL, FREC_DISPERSION_PL, DIAS_DISPERSION_SE, FREC_DISPERSION_SE, DIAS_DISPERSION_PE, FREC_DISPERSION_PE)
values ('17380000', '40', 0, 3, 0, 3, 0, 3, 0, 3);
insert into DIAS_DISPERSION (IDMUNICIPIO, IDBANCO, DIAS_DISPERSION_SL, FREC_DISPERSION_SL, DIAS_DISPERSION_PL, FREC_DISPERSION_PL, DIAS_DISPERSION_SE, FREC_DISPERSION_SE, DIAS_DISPERSION_PE, FREC_DISPERSION_PE)
values ('17433000', '40', 0, 3, 0, 3, 0, 3, 0, 3);
insert into DIAS_DISPERSION (IDMUNICIPIO, IDBANCO, DIAS_DISPERSION_SL, FREC_DISPERSION_SL, DIAS_DISPERSION_PL, FREC_DISPERSION_PL, DIAS_DISPERSION_SE, FREC_DISPERSION_SE, DIAS_DISPERSION_PE, FREC_DISPERSION_PE)
values ('17486000', '40', 0, 3, 0, 3, 0, 3, 0, 3);
insert into DIAS_DISPERSION (IDMUNICIPIO, IDBANCO, DIAS_DISPERSION_SL, FREC_DISPERSION_SL, DIAS_DISPERSION_PL, FREC_DISPERSION_PL, DIAS_DISPERSION_SE, FREC_DISPERSION_SE, DIAS_DISPERSION_PE, FREC_DISPERSION_PE)
values ('17524000', '40', 0, 3, 0, 3, 0, 3, 0, 3);
insert into DIAS_DISPERSION (IDMUNICIPIO, IDBANCO, DIAS_DISPERSION_SL, FREC_DISPERSION_SL, DIAS_DISPERSION_PL, FREC_DISPERSION_PL, DIAS_DISPERSION_SE, FREC_DISPERSION_SE, DIAS_DISPERSION_PE, FREC_DISPERSION_PE)
values ('17614000', '40', 0, 3, 0, 3, 0, 3, 0, 3);
insert into DIAS_DISPERSION (IDMUNICIPIO, IDBANCO, DIAS_DISPERSION_SL, FREC_DISPERSION_SL, DIAS_DISPERSION_PL, FREC_DISPERSION_PL, DIAS_DISPERSION_SE, FREC_DISPERSION_SE, DIAS_DISPERSION_PE, FREC_DISPERSION_PE)
values ('17616000', '40', 0, 3, 0, 3, 0, 3, 0, 3);
insert into DIAS_DISPERSION (IDMUNICIPIO, IDBANCO, DIAS_DISPERSION_SL, FREC_DISPERSION_SL, DIAS_DISPERSION_PL, FREC_DISPERSION_PL, DIAS_DISPERSION_SE, FREC_DISPERSION_SE, DIAS_DISPERSION_PE, FREC_DISPERSION_PE)
values ('17653000', '40', 0, 3, 0, 3, 0, 3, 0, 3);
insert into DIAS_DISPERSION (IDMUNICIPIO, IDBANCO, DIAS_DISPERSION_SL, FREC_DISPERSION_SL, DIAS_DISPERSION_PL, FREC_DISPERSION_PL, DIAS_DISPERSION_SE, FREC_DISPERSION_SE, DIAS_DISPERSION_PE, FREC_DISPERSION_PE)
values ('17665000', '40', 0, 3, 0, 3, 0, 3, 0, 3);
insert into DIAS_DISPERSION (IDMUNICIPIO, IDBANCO, DIAS_DISPERSION_SL, FREC_DISPERSION_SL, DIAS_DISPERSION_PL, FREC_DISPERSION_PL, DIAS_DISPERSION_SE, FREC_DISPERSION_SE, DIAS_DISPERSION_PE, FREC_DISPERSION_PE)
values ('17777000', '40', 0, 3, 0, 3, 0, 3, 0, 3);
insert into DIAS_DISPERSION (IDMUNICIPIO, IDBANCO, DIAS_DISPERSION_SL, FREC_DISPERSION_SL, DIAS_DISPERSION_PL, FREC_DISPERSION_PL, DIAS_DISPERSION_SE, FREC_DISPERSION_SE, DIAS_DISPERSION_PE, FREC_DISPERSION_PE)
values ('17873000', '40', 0, 3, 0, 3, 0, 3, 0, 3);
insert into DIAS_DISPERSION (IDMUNICIPIO, IDBANCO, DIAS_DISPERSION_SL, FREC_DISPERSION_SL, DIAS_DISPERSION_PL, FREC_DISPERSION_PL, DIAS_DISPERSION_SE, FREC_DISPERSION_SE, DIAS_DISPERSION_PE, FREC_DISPERSION_PE)
values ('17877000', '40', 0, 3, 0, 3, 0, 3, 0, 3);
insert into DIAS_DISPERSION (IDMUNICIPIO, IDBANCO, DIAS_DISPERSION_SL, FREC_DISPERSION_SL, DIAS_DISPERSION_PL, FREC_DISPERSION_PL, DIAS_DISPERSION_SE, FREC_DISPERSION_SE, DIAS_DISPERSION_PE, FREC_DISPERSION_PE)
values ('18001000', '40', 0, 3, 0, 3, 0, 3, 0, 3);
insert into DIAS_DISPERSION (IDMUNICIPIO, IDBANCO, DIAS_DISPERSION_SL, FREC_DISPERSION_SL, DIAS_DISPERSION_PL, FREC_DISPERSION_PL, DIAS_DISPERSION_SE, FREC_DISPERSION_SE, DIAS_DISPERSION_PE, FREC_DISPERSION_PE)
values ('18094000', '40', 0, 3, 0, 3, 0, 3, 0, 3);
insert into DIAS_DISPERSION (IDMUNICIPIO, IDBANCO, DIAS_DISPERSION_SL, FREC_DISPERSION_SL, DIAS_DISPERSION_PL, FREC_DISPERSION_PL, DIAS_DISPERSION_SE, FREC_DISPERSION_SE, DIAS_DISPERSION_PE, FREC_DISPERSION_PE)
values ('18256000', '40', 0, 3, 0, 3, 0, 3, 0, 3);
insert into DIAS_DISPERSION (IDMUNICIPIO, IDBANCO, DIAS_DISPERSION_SL, FREC_DISPERSION_SL, DIAS_DISPERSION_PL, FREC_DISPERSION_PL, DIAS_DISPERSION_SE, FREC_DISPERSION_SE, DIAS_DISPERSION_PE, FREC_DISPERSION_PE)
values ('18753000', '40', 0, 3, 0, 3, 0, 3, 0, 3);
insert into DIAS_DISPERSION (IDMUNICIPIO, IDBANCO, DIAS_DISPERSION_SL, FREC_DISPERSION_SL, DIAS_DISPERSION_PL, FREC_DISPERSION_PL, DIAS_DISPERSION_SE, FREC_DISPERSION_SE, DIAS_DISPERSION_PE, FREC_DISPERSION_PE)
values ('19001000', '40', 0, 3, 0, 3, 0, 3, 0, 3);
insert into DIAS_DISPERSION (IDMUNICIPIO, IDBANCO, DIAS_DISPERSION_SL, FREC_DISPERSION_SL, DIAS_DISPERSION_PL, FREC_DISPERSION_PL, DIAS_DISPERSION_SE, FREC_DISPERSION_SE, DIAS_DISPERSION_PE, FREC_DISPERSION_PE)
values ('19100000', '40', 0, 3, 0, 3, 0, 3, 0, 3);
insert into DIAS_DISPERSION (IDMUNICIPIO, IDBANCO, DIAS_DISPERSION_SL, FREC_DISPERSION_SL, DIAS_DISPERSION_PL, FREC_DISPERSION_PL, DIAS_DISPERSION_SE, FREC_DISPERSION_SE, DIAS_DISPERSION_PE, FREC_DISPERSION_PE)
values ('19130000', '40', 0, 3, 0, 3, 0, 3, 0, 3);
insert into DIAS_DISPERSION (IDMUNICIPIO, IDBANCO, DIAS_DISPERSION_SL, FREC_DISPERSION_SL, DIAS_DISPERSION_PL, FREC_DISPERSION_PL, DIAS_DISPERSION_SE, FREC_DISPERSION_SE, DIAS_DISPERSION_PE, FREC_DISPERSION_PE)
values ('19137000', '40', 0, 3, 0, 3, 0, 3, 0, 3);
insert into DIAS_DISPERSION (IDMUNICIPIO, IDBANCO, DIAS_DISPERSION_SL, FREC_DISPERSION_SL, DIAS_DISPERSION_PL, FREC_DISPERSION_PL, DIAS_DISPERSION_SE, FREC_DISPERSION_SE, DIAS_DISPERSION_PE, FREC_DISPERSION_PE)
values ('19142000', '40', 0, 3, 0, 3, 0, 3, 0, 3);
insert into DIAS_DISPERSION (IDMUNICIPIO, IDBANCO, DIAS_DISPERSION_SL, FREC_DISPERSION_SL, DIAS_DISPERSION_PL, FREC_DISPERSION_PL, DIAS_DISPERSION_SE, FREC_DISPERSION_SE, DIAS_DISPERSION_PE, FREC_DISPERSION_PE)
values ('19256000', '40', 0, 3, 0, 3, 0, 3, 0, 3);
insert into DIAS_DISPERSION (IDMUNICIPIO, IDBANCO, DIAS_DISPERSION_SL, FREC_DISPERSION_SL, DIAS_DISPERSION_PL, FREC_DISPERSION_PL, DIAS_DISPERSION_SE, FREC_DISPERSION_SE, DIAS_DISPERSION_PE, FREC_DISPERSION_PE)
values ('19450000', '40', 0, 3, 0, 3, 0, 3, 0, 3);
insert into DIAS_DISPERSION (IDMUNICIPIO, IDBANCO, DIAS_DISPERSION_SL, FREC_DISPERSION_SL, DIAS_DISPERSION_PL, FREC_DISPERSION_PL, DIAS_DISPERSION_SE, FREC_DISPERSION_SE, DIAS_DISPERSION_PE, FREC_DISPERSION_PE)
values ('19455000', '40', 0, 3, 0, 3, 0, 3, 0, 3);
insert into DIAS_DISPERSION (IDMUNICIPIO, IDBANCO, DIAS_DISPERSION_SL, FREC_DISPERSION_SL, DIAS_DISPERSION_PL, FREC_DISPERSION_PL, DIAS_DISPERSION_SE, FREC_DISPERSION_SE, DIAS_DISPERSION_PE, FREC_DISPERSION_PE)
values ('19532000', '40', 0, 3, 0, 3, 0, 3, 0, 3);
insert into DIAS_DISPERSION (IDMUNICIPIO, IDBANCO, DIAS_DISPERSION_SL, FREC_DISPERSION_SL, DIAS_DISPERSION_PL, FREC_DISPERSION_PL, DIAS_DISPERSION_SE, FREC_DISPERSION_SE, DIAS_DISPERSION_PE, FREC_DISPERSION_PE)
values ('19548000', '40', 0, 3, 0, 3, 0, 3, 0, 3);
insert into DIAS_DISPERSION (IDMUNICIPIO, IDBANCO, DIAS_DISPERSION_SL, FREC_DISPERSION_SL, DIAS_DISPERSION_PL, FREC_DISPERSION_PL, DIAS_DISPERSION_SE, FREC_DISPERSION_SE, DIAS_DISPERSION_PE, FREC_DISPERSION_PE)
values ('19573000', '40', 0, 3, 0, 3, 0, 3, 0, 3);
insert into DIAS_DISPERSION (IDMUNICIPIO, IDBANCO, DIAS_DISPERSION_SL, FREC_DISPERSION_SL, DIAS_DISPERSION_PL, FREC_DISPERSION_PL, DIAS_DISPERSION_SE, FREC_DISPERSION_SE, DIAS_DISPERSION_PE, FREC_DISPERSION_PE)
values ('19622000', '40', 0, 3, 0, 3, 0, 3, 0, 3);
insert into DIAS_DISPERSION (IDMUNICIPIO, IDBANCO, DIAS_DISPERSION_SL, FREC_DISPERSION_SL, DIAS_DISPERSION_PL, FREC_DISPERSION_PL, DIAS_DISPERSION_SE, FREC_DISPERSION_SE, DIAS_DISPERSION_PE, FREC_DISPERSION_PE)
values ('19698000', '40', 0, 3, 0, 3, 0, 3, 0, 3);
insert into DIAS_DISPERSION (IDMUNICIPIO, IDBANCO, DIAS_DISPERSION_SL, FREC_DISPERSION_SL, DIAS_DISPERSION_PL, FREC_DISPERSION_PL, DIAS_DISPERSION_SE, FREC_DISPERSION_SE, DIAS_DISPERSION_PE, FREC_DISPERSION_PE)
values ('05002000', '50', 0, 3, 0, 3, 0, 3, 0, 3);
insert into DIAS_DISPERSION (IDMUNICIPIO, IDBANCO, DIAS_DISPERSION_SL, FREC_DISPERSION_SL, DIAS_DISPERSION_PL, FREC_DISPERSION_PL, DIAS_DISPERSION_SE, FREC_DISPERSION_SE, DIAS_DISPERSION_PE, FREC_DISPERSION_PE)
values ('27245000', '50', 0, 3, 0, 3, 0, 3, 0, 3);
insert into DIAS_DISPERSION (IDMUNICIPIO, IDBANCO, DIAS_DISPERSION_SL, FREC_DISPERSION_SL, DIAS_DISPERSION_PL, FREC_DISPERSION_PL, DIAS_DISPERSION_SE, FREC_DISPERSION_SE, DIAS_DISPERSION_PE, FREC_DISPERSION_PE)
values ('05490000', '50', 0, 3, 0, 3, 0, 3, 0, 3);
insert into DIAS_DISPERSION (IDMUNICIPIO, IDBANCO, DIAS_DISPERSION_SL, FREC_DISPERSION_SL, DIAS_DISPERSION_PL, FREC_DISPERSION_PL, DIAS_DISPERSION_SE, FREC_DISPERSION_SE, DIAS_DISPERSION_PE, FREC_DISPERSION_PE)
values ('08832000', '50', 0, 3, 0, 3, 0, 3, 0, 3);
insert into DIAS_DISPERSION (IDMUNICIPIO, IDBANCO, DIAS_DISPERSION_SL, FREC_DISPERSION_SL, DIAS_DISPERSION_PL, FREC_DISPERSION_PL, DIAS_DISPERSION_SE, FREC_DISPERSION_SE, DIAS_DISPERSION_PE, FREC_DISPERSION_PE)
values ('47288000', '50', 0, 3, 0, 3, 0, 3, 0, 3);
insert into DIAS_DISPERSION (IDMUNICIPIO, IDBANCO, DIAS_DISPERSION_SL, FREC_DISPERSION_SL, DIAS_DISPERSION_PL, FREC_DISPERSION_PL, DIAS_DISPERSION_SE, FREC_DISPERSION_SE, DIAS_DISPERSION_PE, FREC_DISPERSION_PE)
values ('47555000', '50', 0, 3, 0, 3, 0, 3, 0, 3);
insert into DIAS_DISPERSION (IDMUNICIPIO, IDBANCO, DIAS_DISPERSION_SL, FREC_DISPERSION_SL, DIAS_DISPERSION_PL, FREC_DISPERSION_PL, DIAS_DISPERSION_SE, FREC_DISPERSION_SE, DIAS_DISPERSION_PE, FREC_DISPERSION_PE)
values ('50000000', '50', 0, 3, 0, 3, 0, 3, 0, 3);
insert into DIAS_DISPERSION (IDMUNICIPIO, IDBANCO, DIAS_DISPERSION_SL, FREC_DISPERSION_SL, DIAS_DISPERSION_PL, FREC_DISPERSION_PL, DIAS_DISPERSION_SE, FREC_DISPERSION_SE, DIAS_DISPERSION_PE, FREC_DISPERSION_PE)
values ('50001000', '50', 0, 3, 0, 3, 0, 3, 0, 3);
insert into DIAS_DISPERSION (IDMUNICIPIO, IDBANCO, DIAS_DISPERSION_SL, FREC_DISPERSION_SL, DIAS_DISPERSION_PL, FREC_DISPERSION_PL, DIAS_DISPERSION_SE, FREC_DISPERSION_SE, DIAS_DISPERSION_PE, FREC_DISPERSION_PE)
values ('50006000', '50', 0, 3, 0, 3, 0, 3, 0, 3);
insert into DIAS_DISPERSION (IDMUNICIPIO, IDBANCO, DIAS_DISPERSION_SL, FREC_DISPERSION_SL, DIAS_DISPERSION_PL, FREC_DISPERSION_PL, DIAS_DISPERSION_SE, FREC_DISPERSION_SE, DIAS_DISPERSION_PE, FREC_DISPERSION_PE)
values ('50313000', '50', 0, 3, 0, 3, 0, 3, 0, 3);
insert into DIAS_DISPERSION (IDMUNICIPIO, IDBANCO, DIAS_DISPERSION_SL, FREC_DISPERSION_SL, DIAS_DISPERSION_PL, FREC_DISPERSION_PL, DIAS_DISPERSION_SE, FREC_DISPERSION_SE, DIAS_DISPERSION_PE, FREC_DISPERSION_PE)
values ('50606000', '50', 0, 3, 0, 3, 0, 3, 0, 3);
insert into DIAS_DISPERSION (IDMUNICIPIO, IDBANCO, DIAS_DISPERSION_SL, FREC_DISPERSION_SL, DIAS_DISPERSION_PL, FREC_DISPERSION_PL, DIAS_DISPERSION_SE, FREC_DISPERSION_SE, DIAS_DISPERSION_PE, FREC_DISPERSION_PE)
values ('52000000', '50', 0, 3, 0, 3, 0, 3, 0, 3);
insert into DIAS_DISPERSION (IDMUNICIPIO, IDBANCO, DIAS_DISPERSION_SL, FREC_DISPERSION_SL, DIAS_DISPERSION_PL, FREC_DISPERSION_PL, DIAS_DISPERSION_SE, FREC_DISPERSION_SE, DIAS_DISPERSION_PE, FREC_DISPERSION_PE)
values ('52001000', '50', 0, 3, 0, 3, 0, 3, 0, 3);
insert into DIAS_DISPERSION (IDMUNICIPIO, IDBANCO, DIAS_DISPERSION_SL, FREC_DISPERSION_SL, DIAS_DISPERSION_PL, FREC_DISPERSION_PL, DIAS_DISPERSION_SE, FREC_DISPERSION_SE, DIAS_DISPERSION_PE, FREC_DISPERSION_PE)
values ('52356000', '50', 0, 3, 0, 3, 0, 3, 0, 3);
insert into DIAS_DISPERSION (IDMUNICIPIO, IDBANCO, DIAS_DISPERSION_SL, FREC_DISPERSION_SL, DIAS_DISPERSION_PL, FREC_DISPERSION_PL, DIAS_DISPERSION_SE, FREC_DISPERSION_SE, DIAS_DISPERSION_PE, FREC_DISPERSION_PE)
values ('52480000', '50', 0, 3, 0, 3, 0, 3, 0, 3);
insert into DIAS_DISPERSION (IDMUNICIPIO, IDBANCO, DIAS_DISPERSION_SL, FREC_DISPERSION_SL, DIAS_DISPERSION_PL, FREC_DISPERSION_PL, DIAS_DISPERSION_SE, FREC_DISPERSION_SE, DIAS_DISPERSION_PE, FREC_DISPERSION_PE)
values ('52835000', '50', 0, 3, 0, 3, 0, 3, 0, 3);
insert into DIAS_DISPERSION (IDMUNICIPIO, IDBANCO, DIAS_DISPERSION_SL, FREC_DISPERSION_SL, DIAS_DISPERSION_PL, FREC_DISPERSION_PL, DIAS_DISPERSION_SE, FREC_DISPERSION_SE, DIAS_DISPERSION_PE, FREC_DISPERSION_PE)
values ('52838000', '50', 0, 3, 0, 3, 0, 3, 0, 3);
insert into DIAS_DISPERSION (IDMUNICIPIO, IDBANCO, DIAS_DISPERSION_SL, FREC_DISPERSION_SL, DIAS_DISPERSION_PL, FREC_DISPERSION_PL, DIAS_DISPERSION_SE, FREC_DISPERSION_SE, DIAS_DISPERSION_PE, FREC_DISPERSION_PE)
values ('54001000', '50', 0, 3, 0, 3, 0, 3, 0, 3);
insert into DIAS_DISPERSION (IDMUNICIPIO, IDBANCO, DIAS_DISPERSION_SL, FREC_DISPERSION_SL, DIAS_DISPERSION_PL, FREC_DISPERSION_PL, DIAS_DISPERSION_SE, FREC_DISPERSION_SE, DIAS_DISPERSION_PE, FREC_DISPERSION_PE)
values ('54003000', '50', 0, 3, 0, 3, 0, 3, 0, 3);
insert into DIAS_DISPERSION (IDMUNICIPIO, IDBANCO, DIAS_DISPERSION_SL, FREC_DISPERSION_SL, DIAS_DISPERSION_PL, FREC_DISPERSION_PL, DIAS_DISPERSION_SE, FREC_DISPERSION_SE, DIAS_DISPERSION_PE, FREC_DISPERSION_PE)
values ('54206000', '50', 0, 3, 0, 3, 0, 3, 0, 3);
insert into DIAS_DISPERSION (IDMUNICIPIO, IDBANCO, DIAS_DISPERSION_SL, FREC_DISPERSION_SL, DIAS_DISPERSION_PL, FREC_DISPERSION_PL, DIAS_DISPERSION_SE, FREC_DISPERSION_SE, DIAS_DISPERSION_PE, FREC_DISPERSION_PE)
values ('54261000', '50', 0, 3, 0, 3, 0, 3, 0, 3);
insert into DIAS_DISPERSION (IDMUNICIPIO, IDBANCO, DIAS_DISPERSION_SL, FREC_DISPERSION_SL, DIAS_DISPERSION_PL, FREC_DISPERSION_PL, DIAS_DISPERSION_SE, FREC_DISPERSION_SE, DIAS_DISPERSION_PE, FREC_DISPERSION_PE)
values ('54405000', '50', 0, 3, 0, 3, 0, 3, 0, 3);
insert into DIAS_DISPERSION (IDMUNICIPIO, IDBANCO, DIAS_DISPERSION_SL, FREC_DISPERSION_SL, DIAS_DISPERSION_PL, FREC_DISPERSION_PL, DIAS_DISPERSION_SE, FREC_DISPERSION_SE, DIAS_DISPERSION_PE, FREC_DISPERSION_PE)
values ('54498000', '50', 0, 3, 0, 3, 0, 3, 0, 3);
insert into DIAS_DISPERSION (IDMUNICIPIO, IDBANCO, DIAS_DISPERSION_SL, FREC_DISPERSION_SL, DIAS_DISPERSION_PL, FREC_DISPERSION_PL, DIAS_DISPERSION_SE, FREC_DISPERSION_SE, DIAS_DISPERSION_PE, FREC_DISPERSION_PE)
values ('54518000', '50', 0, 3, 0, 3, 0, 3, 0, 3);
insert into DIAS_DISPERSION (IDMUNICIPIO, IDBANCO, DIAS_DISPERSION_SL, FREC_DISPERSION_SL, DIAS_DISPERSION_PL, FREC_DISPERSION_PL, DIAS_DISPERSION_SE, FREC_DISPERSION_SE, DIAS_DISPERSION_PE, FREC_DISPERSION_PE)
values ('54874000', '50', 0, 3, 0, 3, 0, 3, 0, 3);
insert into DIAS_DISPERSION (IDMUNICIPIO, IDBANCO, DIAS_DISPERSION_SL, FREC_DISPERSION_SL, DIAS_DISPERSION_PL, FREC_DISPERSION_PL, DIAS_DISPERSION_SE, FREC_DISPERSION_SE, DIAS_DISPERSION_PE, FREC_DISPERSION_PE)
values ('63001000', '50', 0, 3, 0, 3, 0, 3, 0, 3);
insert into DIAS_DISPERSION (IDMUNICIPIO, IDBANCO, DIAS_DISPERSION_SL, FREC_DISPERSION_SL, DIAS_DISPERSION_PL, FREC_DISPERSION_PL, DIAS_DISPERSION_SE, FREC_DISPERSION_SE, DIAS_DISPERSION_PE, FREC_DISPERSION_PE)
values ('63130000', '50', 0, 3, 0, 3, 0, 3, 0, 3);
insert into DIAS_DISPERSION (IDMUNICIPIO, IDBANCO, DIAS_DISPERSION_SL, FREC_DISPERSION_SL, DIAS_DISPERSION_PL, FREC_DISPERSION_PL, DIAS_DISPERSION_SE, FREC_DISPERSION_SE, DIAS_DISPERSION_PE, FREC_DISPERSION_PE)
values ('63190000', '50', 0, 3, 0, 3, 0, 3, 0, 3);
commit;
prompt 600 records committed...
insert into DIAS_DISPERSION (IDMUNICIPIO, IDBANCO, DIAS_DISPERSION_SL, FREC_DISPERSION_SL, DIAS_DISPERSION_PL, FREC_DISPERSION_PL, DIAS_DISPERSION_SE, FREC_DISPERSION_SE, DIAS_DISPERSION_PE, FREC_DISPERSION_PE)
values ('63272000', '50', 0, 3, 0, 3, 0, 3, 0, 3);
insert into DIAS_DISPERSION (IDMUNICIPIO, IDBANCO, DIAS_DISPERSION_SL, FREC_DISPERSION_SL, DIAS_DISPERSION_PL, FREC_DISPERSION_PL, DIAS_DISPERSION_SE, FREC_DISPERSION_SE, DIAS_DISPERSION_PE, FREC_DISPERSION_PE)
values ('63401000', '50', 0, 3, 0, 3, 0, 3, 0, 3);
insert into DIAS_DISPERSION (IDMUNICIPIO, IDBANCO, DIAS_DISPERSION_SL, FREC_DISPERSION_SL, DIAS_DISPERSION_PL, FREC_DISPERSION_PL, DIAS_DISPERSION_SE, FREC_DISPERSION_SE, DIAS_DISPERSION_PE, FREC_DISPERSION_PE)
values ('63470000', '50', 0, 3, 0, 3, 0, 3, 0, 3);
insert into DIAS_DISPERSION (IDMUNICIPIO, IDBANCO, DIAS_DISPERSION_SL, FREC_DISPERSION_SL, DIAS_DISPERSION_PL, FREC_DISPERSION_PL, DIAS_DISPERSION_SE, FREC_DISPERSION_SE, DIAS_DISPERSION_PE, FREC_DISPERSION_PE)
values ('63594000', '50', 0, 3, 0, 3, 0, 3, 0, 3);
insert into DIAS_DISPERSION (IDMUNICIPIO, IDBANCO, DIAS_DISPERSION_SL, FREC_DISPERSION_SL, DIAS_DISPERSION_PL, FREC_DISPERSION_PL, DIAS_DISPERSION_SE, FREC_DISPERSION_SE, DIAS_DISPERSION_PE, FREC_DISPERSION_PE)
values ('63690000', '50', 0, 3, 0, 3, 0, 3, 0, 3);
insert into DIAS_DISPERSION (IDMUNICIPIO, IDBANCO, DIAS_DISPERSION_SL, FREC_DISPERSION_SL, DIAS_DISPERSION_PL, FREC_DISPERSION_PL, DIAS_DISPERSION_SE, FREC_DISPERSION_SE, DIAS_DISPERSION_PE, FREC_DISPERSION_PE)
values ('66001000', '50', 0, 3, 0, 3, 0, 3, 0, 3);
insert into DIAS_DISPERSION (IDMUNICIPIO, IDBANCO, DIAS_DISPERSION_SL, FREC_DISPERSION_SL, DIAS_DISPERSION_PL, FREC_DISPERSION_PL, DIAS_DISPERSION_SE, FREC_DISPERSION_SE, DIAS_DISPERSION_PE, FREC_DISPERSION_PE)
values ('66045000', '50', 0, 3, 0, 3, 0, 3, 0, 3);
insert into DIAS_DISPERSION (IDMUNICIPIO, IDBANCO, DIAS_DISPERSION_SL, FREC_DISPERSION_SL, DIAS_DISPERSION_PL, FREC_DISPERSION_PL, DIAS_DISPERSION_SE, FREC_DISPERSION_SE, DIAS_DISPERSION_PE, FREC_DISPERSION_PE)
values ('66075000', '50', 0, 3, 0, 3, 0, 3, 0, 3);
insert into DIAS_DISPERSION (IDMUNICIPIO, IDBANCO, DIAS_DISPERSION_SL, FREC_DISPERSION_SL, DIAS_DISPERSION_PL, FREC_DISPERSION_PL, DIAS_DISPERSION_SE, FREC_DISPERSION_SE, DIAS_DISPERSION_PE, FREC_DISPERSION_PE)
values ('66088000', '50', 0, 3, 0, 3, 0, 3, 0, 3);
insert into DIAS_DISPERSION (IDMUNICIPIO, IDBANCO, DIAS_DISPERSION_SL, FREC_DISPERSION_SL, DIAS_DISPERSION_PL, FREC_DISPERSION_PL, DIAS_DISPERSION_SE, FREC_DISPERSION_SE, DIAS_DISPERSION_PE, FREC_DISPERSION_PE)
values ('66170000', '50', 0, 3, 0, 3, 0, 3, 0, 3);
insert into DIAS_DISPERSION (IDMUNICIPIO, IDBANCO, DIAS_DISPERSION_SL, FREC_DISPERSION_SL, DIAS_DISPERSION_PL, FREC_DISPERSION_PL, DIAS_DISPERSION_SE, FREC_DISPERSION_SE, DIAS_DISPERSION_PE, FREC_DISPERSION_PE)
values ('66400000', '50', 0, 3, 0, 3, 0, 3, 0, 3);
insert into DIAS_DISPERSION (IDMUNICIPIO, IDBANCO, DIAS_DISPERSION_SL, FREC_DISPERSION_SL, DIAS_DISPERSION_PL, FREC_DISPERSION_PL, DIAS_DISPERSION_SE, FREC_DISPERSION_SE, DIAS_DISPERSION_PE, FREC_DISPERSION_PE)
values ('66594000', '50', 0, 3, 0, 3, 0, 3, 0, 3);
insert into DIAS_DISPERSION (IDMUNICIPIO, IDBANCO, DIAS_DISPERSION_SL, FREC_DISPERSION_SL, DIAS_DISPERSION_PL, FREC_DISPERSION_PL, DIAS_DISPERSION_SE, FREC_DISPERSION_SE, DIAS_DISPERSION_PE, FREC_DISPERSION_PE)
values ('66682000', '50', 0, 3, 0, 3, 0, 3, 0, 3);
insert into DIAS_DISPERSION (IDMUNICIPIO, IDBANCO, DIAS_DISPERSION_SL, FREC_DISPERSION_SL, DIAS_DISPERSION_PL, FREC_DISPERSION_PL, DIAS_DISPERSION_SE, FREC_DISPERSION_SE, DIAS_DISPERSION_PE, FREC_DISPERSION_PE)
values ('68001000', '50', 0, 3, 0, 3, 0, 3, 0, 3);
insert into DIAS_DISPERSION (IDMUNICIPIO, IDBANCO, DIAS_DISPERSION_SL, FREC_DISPERSION_SL, DIAS_DISPERSION_PL, FREC_DISPERSION_PL, DIAS_DISPERSION_SE, FREC_DISPERSION_SE, DIAS_DISPERSION_PE, FREC_DISPERSION_PE)
values ('68051000', '50', 0, 3, 0, 3, 0, 3, 0, 3);
insert into DIAS_DISPERSION (IDMUNICIPIO, IDBANCO, DIAS_DISPERSION_SL, FREC_DISPERSION_SL, DIAS_DISPERSION_PL, FREC_DISPERSION_PL, DIAS_DISPERSION_SE, FREC_DISPERSION_SE, DIAS_DISPERSION_PE, FREC_DISPERSION_PE)
values ('68077000', '50', 0, 3, 0, 3, 0, 3, 0, 3);
insert into DIAS_DISPERSION (IDMUNICIPIO, IDBANCO, DIAS_DISPERSION_SL, FREC_DISPERSION_SL, DIAS_DISPERSION_PL, FREC_DISPERSION_PL, DIAS_DISPERSION_SE, FREC_DISPERSION_SE, DIAS_DISPERSION_PE, FREC_DISPERSION_PE)
values ('68081000', '50', 0, 3, 0, 3, 0, 3, 0, 3);
insert into DIAS_DISPERSION (IDMUNICIPIO, IDBANCO, DIAS_DISPERSION_SL, FREC_DISPERSION_SL, DIAS_DISPERSION_PL, FREC_DISPERSION_PL, DIAS_DISPERSION_SE, FREC_DISPERSION_SE, DIAS_DISPERSION_PE, FREC_DISPERSION_PE)
values ('68167000', '50', 0, 3, 0, 3, 0, 3, 0, 3);
insert into DIAS_DISPERSION (IDMUNICIPIO, IDBANCO, DIAS_DISPERSION_SL, FREC_DISPERSION_SL, DIAS_DISPERSION_PL, FREC_DISPERSION_PL, DIAS_DISPERSION_SE, FREC_DISPERSION_SE, DIAS_DISPERSION_PE, FREC_DISPERSION_PE)
values ('68190000', '50', 0, 3, 0, 3, 0, 3, 0, 3);
insert into DIAS_DISPERSION (IDMUNICIPIO, IDBANCO, DIAS_DISPERSION_SL, FREC_DISPERSION_SL, DIAS_DISPERSION_PL, FREC_DISPERSION_PL, DIAS_DISPERSION_SE, FREC_DISPERSION_SE, DIAS_DISPERSION_PE, FREC_DISPERSION_PE)
values ('68229000', '50', 0, 3, 0, 3, 0, 3, 0, 3);
insert into DIAS_DISPERSION (IDMUNICIPIO, IDBANCO, DIAS_DISPERSION_SL, FREC_DISPERSION_SL, DIAS_DISPERSION_PL, FREC_DISPERSION_PL, DIAS_DISPERSION_SE, FREC_DISPERSION_SE, DIAS_DISPERSION_PE, FREC_DISPERSION_PE)
values ('68255000', '50', 0, 3, 0, 3, 0, 3, 0, 3);
insert into DIAS_DISPERSION (IDMUNICIPIO, IDBANCO, DIAS_DISPERSION_SL, FREC_DISPERSION_SL, DIAS_DISPERSION_PL, FREC_DISPERSION_PL, DIAS_DISPERSION_SE, FREC_DISPERSION_SE, DIAS_DISPERSION_PE, FREC_DISPERSION_PE)
values ('68276000', '50', 0, 3, 0, 3, 0, 3, 0, 3);
insert into DIAS_DISPERSION (IDMUNICIPIO, IDBANCO, DIAS_DISPERSION_SL, FREC_DISPERSION_SL, DIAS_DISPERSION_PL, FREC_DISPERSION_PL, DIAS_DISPERSION_SE, FREC_DISPERSION_SE, DIAS_DISPERSION_PE, FREC_DISPERSION_PE)
values ('68307000', '50', 0, 3, 0, 3, 0, 3, 0, 3);
insert into DIAS_DISPERSION (IDMUNICIPIO, IDBANCO, DIAS_DISPERSION_SL, FREC_DISPERSION_SL, DIAS_DISPERSION_PL, FREC_DISPERSION_PL, DIAS_DISPERSION_SE, FREC_DISPERSION_SE, DIAS_DISPERSION_PE, FREC_DISPERSION_PE)
values ('68397000', '50', 0, 3, 0, 3, 0, 3, 0, 3);
insert into DIAS_DISPERSION (IDMUNICIPIO, IDBANCO, DIAS_DISPERSION_SL, FREC_DISPERSION_SL, DIAS_DISPERSION_PL, FREC_DISPERSION_PL, DIAS_DISPERSION_SE, FREC_DISPERSION_SE, DIAS_DISPERSION_PE, FREC_DISPERSION_PE)
values ('68406000', '50', 0, 3, 0, 3, 0, 3, 0, 3);
insert into DIAS_DISPERSION (IDMUNICIPIO, IDBANCO, DIAS_DISPERSION_SL, FREC_DISPERSION_SL, DIAS_DISPERSION_PL, FREC_DISPERSION_PL, DIAS_DISPERSION_SE, FREC_DISPERSION_SE, DIAS_DISPERSION_PE, FREC_DISPERSION_PE)
values ('68432000', '50', 0, 3, 0, 3, 0, 3, 0, 3);
insert into DIAS_DISPERSION (IDMUNICIPIO, IDBANCO, DIAS_DISPERSION_SL, FREC_DISPERSION_SL, DIAS_DISPERSION_PL, FREC_DISPERSION_PL, DIAS_DISPERSION_SE, FREC_DISPERSION_SE, DIAS_DISPERSION_PE, FREC_DISPERSION_PE)
values ('68500000', '50', 0, 3, 0, 3, 0, 3, 0, 3);
insert into DIAS_DISPERSION (IDMUNICIPIO, IDBANCO, DIAS_DISPERSION_SL, FREC_DISPERSION_SL, DIAS_DISPERSION_PL, FREC_DISPERSION_PL, DIAS_DISPERSION_SE, FREC_DISPERSION_SE, DIAS_DISPERSION_PE, FREC_DISPERSION_PE)
values ('68547000', '50', 0, 3, 0, 3, 0, 3, 0, 3);
insert into DIAS_DISPERSION (IDMUNICIPIO, IDBANCO, DIAS_DISPERSION_SL, FREC_DISPERSION_SL, DIAS_DISPERSION_PL, FREC_DISPERSION_PL, DIAS_DISPERSION_SE, FREC_DISPERSION_SE, DIAS_DISPERSION_PE, FREC_DISPERSION_PE)
values ('68572000', '50', 0, 3, 0, 3, 0, 3, 0, 3);
insert into DIAS_DISPERSION (IDMUNICIPIO, IDBANCO, DIAS_DISPERSION_SL, FREC_DISPERSION_SL, DIAS_DISPERSION_PL, FREC_DISPERSION_PL, DIAS_DISPERSION_SE, FREC_DISPERSION_SE, DIAS_DISPERSION_PE, FREC_DISPERSION_PE)
values ('68615000', '50', 0, 3, 0, 3, 0, 3, 0, 3);
insert into DIAS_DISPERSION (IDMUNICIPIO, IDBANCO, DIAS_DISPERSION_SL, FREC_DISPERSION_SL, DIAS_DISPERSION_PL, FREC_DISPERSION_PL, DIAS_DISPERSION_SE, FREC_DISPERSION_SE, DIAS_DISPERSION_PE, FREC_DISPERSION_PE)
values ('68655000', '50', 0, 3, 0, 3, 0, 3, 0, 3);
insert into DIAS_DISPERSION (IDMUNICIPIO, IDBANCO, DIAS_DISPERSION_SL, FREC_DISPERSION_SL, DIAS_DISPERSION_PL, FREC_DISPERSION_PL, DIAS_DISPERSION_SE, FREC_DISPERSION_SE, DIAS_DISPERSION_PE, FREC_DISPERSION_PE)
values ('68679000', '50', 0, 3, 0, 3, 0, 3, 0, 3);
insert into DIAS_DISPERSION (IDMUNICIPIO, IDBANCO, DIAS_DISPERSION_SL, FREC_DISPERSION_SL, DIAS_DISPERSION_PL, FREC_DISPERSION_PL, DIAS_DISPERSION_SE, FREC_DISPERSION_SE, DIAS_DISPERSION_PE, FREC_DISPERSION_PE)
values ('68689000', '50', 0, 3, 0, 3, 0, 3, 0, 3);
insert into DIAS_DISPERSION (IDMUNICIPIO, IDBANCO, DIAS_DISPERSION_SL, FREC_DISPERSION_SL, DIAS_DISPERSION_PL, FREC_DISPERSION_PL, DIAS_DISPERSION_SE, FREC_DISPERSION_SE, DIAS_DISPERSION_PE, FREC_DISPERSION_PE)
values ('68755000', '50', 0, 3, 0, 3, 0, 3, 0, 3);
insert into DIAS_DISPERSION (IDMUNICIPIO, IDBANCO, DIAS_DISPERSION_SL, FREC_DISPERSION_SL, DIAS_DISPERSION_PL, FREC_DISPERSION_PL, DIAS_DISPERSION_SE, FREC_DISPERSION_SE, DIAS_DISPERSION_PE, FREC_DISPERSION_PE)
values ('68770000', '50', 0, 3, 0, 3, 0, 3, 0, 3);
insert into DIAS_DISPERSION (IDMUNICIPIO, IDBANCO, DIAS_DISPERSION_SL, FREC_DISPERSION_SL, DIAS_DISPERSION_PL, FREC_DISPERSION_PL, DIAS_DISPERSION_SE, FREC_DISPERSION_SE, DIAS_DISPERSION_PE, FREC_DISPERSION_PE)
values ('68861000', '50', 0, 3, 0, 3, 0, 3, 0, 3);
insert into DIAS_DISPERSION (IDMUNICIPIO, IDBANCO, DIAS_DISPERSION_SL, FREC_DISPERSION_SL, DIAS_DISPERSION_PL, FREC_DISPERSION_PL, DIAS_DISPERSION_SE, FREC_DISPERSION_SE, DIAS_DISPERSION_PE, FREC_DISPERSION_PE)
values ('70001000', '50', 0, 3, 0, 3, 0, 3, 0, 3);
insert into DIAS_DISPERSION (IDMUNICIPIO, IDBANCO, DIAS_DISPERSION_SL, FREC_DISPERSION_SL, DIAS_DISPERSION_PL, FREC_DISPERSION_PL, DIAS_DISPERSION_SE, FREC_DISPERSION_SE, DIAS_DISPERSION_PE, FREC_DISPERSION_PE)
values ('70215000', '50', 0, 3, 0, 3, 0, 3, 0, 3);
insert into DIAS_DISPERSION (IDMUNICIPIO, IDBANCO, DIAS_DISPERSION_SL, FREC_DISPERSION_SL, DIAS_DISPERSION_PL, FREC_DISPERSION_PL, DIAS_DISPERSION_SE, FREC_DISPERSION_SE, DIAS_DISPERSION_PE, FREC_DISPERSION_PE)
values ('70670000', '50', 0, 3, 0, 3, 0, 3, 0, 3);
insert into DIAS_DISPERSION (IDMUNICIPIO, IDBANCO, DIAS_DISPERSION_SL, FREC_DISPERSION_SL, DIAS_DISPERSION_PL, FREC_DISPERSION_PL, DIAS_DISPERSION_SE, FREC_DISPERSION_SE, DIAS_DISPERSION_PE, FREC_DISPERSION_PE)
values ('73000000', '50', 0, 3, 0, 3, 0, 3, 0, 3);
insert into DIAS_DISPERSION (IDMUNICIPIO, IDBANCO, DIAS_DISPERSION_SL, FREC_DISPERSION_SL, DIAS_DISPERSION_PL, FREC_DISPERSION_PL, DIAS_DISPERSION_SE, FREC_DISPERSION_SE, DIAS_DISPERSION_PE, FREC_DISPERSION_PE)
values ('73001000', '50', 0, 3, 0, 3, 0, 3, 0, 3);
insert into DIAS_DISPERSION (IDMUNICIPIO, IDBANCO, DIAS_DISPERSION_SL, FREC_DISPERSION_SL, DIAS_DISPERSION_PL, FREC_DISPERSION_PL, DIAS_DISPERSION_SE, FREC_DISPERSION_SE, DIAS_DISPERSION_PE, FREC_DISPERSION_PE)
values ('73026000', '50', 0, 3, 0, 3, 0, 3, 0, 3);
insert into DIAS_DISPERSION (IDMUNICIPIO, IDBANCO, DIAS_DISPERSION_SL, FREC_DISPERSION_SL, DIAS_DISPERSION_PL, FREC_DISPERSION_PL, DIAS_DISPERSION_SE, FREC_DISPERSION_SE, DIAS_DISPERSION_PE, FREC_DISPERSION_PE)
values ('73055000', '50', 0, 3, 0, 3, 0, 3, 0, 3);
insert into DIAS_DISPERSION (IDMUNICIPIO, IDBANCO, DIAS_DISPERSION_SL, FREC_DISPERSION_SL, DIAS_DISPERSION_PL, FREC_DISPERSION_PL, DIAS_DISPERSION_SE, FREC_DISPERSION_SE, DIAS_DISPERSION_PE, FREC_DISPERSION_PE)
values ('73124000', '50', 0, 3, 0, 3, 0, 3, 0, 3);
insert into DIAS_DISPERSION (IDMUNICIPIO, IDBANCO, DIAS_DISPERSION_SL, FREC_DISPERSION_SL, DIAS_DISPERSION_PL, FREC_DISPERSION_PL, DIAS_DISPERSION_SE, FREC_DISPERSION_SE, DIAS_DISPERSION_PE, FREC_DISPERSION_PE)
values ('73168000', '50', 0, 3, 0, 3, 0, 3, 0, 3);
insert into DIAS_DISPERSION (IDMUNICIPIO, IDBANCO, DIAS_DISPERSION_SL, FREC_DISPERSION_SL, DIAS_DISPERSION_PL, FREC_DISPERSION_PL, DIAS_DISPERSION_SE, FREC_DISPERSION_SE, DIAS_DISPERSION_PE, FREC_DISPERSION_PE)
values ('73268000', '50', 0, 3, 0, 3, 0, 3, 0, 3);
insert into DIAS_DISPERSION (IDMUNICIPIO, IDBANCO, DIAS_DISPERSION_SL, FREC_DISPERSION_SL, DIAS_DISPERSION_PL, FREC_DISPERSION_PL, DIAS_DISPERSION_SE, FREC_DISPERSION_SE, DIAS_DISPERSION_PE, FREC_DISPERSION_PE)
values ('73283000', '50', 0, 3, 0, 3, 0, 3, 0, 3);
insert into DIAS_DISPERSION (IDMUNICIPIO, IDBANCO, DIAS_DISPERSION_SL, FREC_DISPERSION_SL, DIAS_DISPERSION_PL, FREC_DISPERSION_PL, DIAS_DISPERSION_SE, FREC_DISPERSION_SE, DIAS_DISPERSION_PE, FREC_DISPERSION_PE)
values ('73319000', '50', 0, 3, 0, 3, 0, 3, 0, 3);
insert into DIAS_DISPERSION (IDMUNICIPIO, IDBANCO, DIAS_DISPERSION_SL, FREC_DISPERSION_SL, DIAS_DISPERSION_PL, FREC_DISPERSION_PL, DIAS_DISPERSION_SE, FREC_DISPERSION_SE, DIAS_DISPERSION_PE, FREC_DISPERSION_PE)
values ('73349000', '50', 0, 3, 0, 3, 0, 3, 0, 3);
insert into DIAS_DISPERSION (IDMUNICIPIO, IDBANCO, DIAS_DISPERSION_SL, FREC_DISPERSION_SL, DIAS_DISPERSION_PL, FREC_DISPERSION_PL, DIAS_DISPERSION_SE, FREC_DISPERSION_SE, DIAS_DISPERSION_PE, FREC_DISPERSION_PE)
values ('73411000', '50', 0, 3, 0, 3, 0, 3, 0, 3);
insert into DIAS_DISPERSION (IDMUNICIPIO, IDBANCO, DIAS_DISPERSION_SL, FREC_DISPERSION_SL, DIAS_DISPERSION_PL, FREC_DISPERSION_PL, DIAS_DISPERSION_SE, FREC_DISPERSION_SE, DIAS_DISPERSION_PE, FREC_DISPERSION_PE)
values ('73443000', '50', 0, 3, 0, 3, 0, 3, 0, 3);
insert into DIAS_DISPERSION (IDMUNICIPIO, IDBANCO, DIAS_DISPERSION_SL, FREC_DISPERSION_SL, DIAS_DISPERSION_PL, FREC_DISPERSION_PL, DIAS_DISPERSION_SE, FREC_DISPERSION_SE, DIAS_DISPERSION_PE, FREC_DISPERSION_PE)
values ('73449000', '50', 0, 3, 0, 3, 0, 3, 0, 3);
insert into DIAS_DISPERSION (IDMUNICIPIO, IDBANCO, DIAS_DISPERSION_SL, FREC_DISPERSION_SL, DIAS_DISPERSION_PL, FREC_DISPERSION_PL, DIAS_DISPERSION_SE, FREC_DISPERSION_SE, DIAS_DISPERSION_PE, FREC_DISPERSION_PE)
values ('73585000', '50', 0, 3, 0, 3, 0, 3, 0, 3);
insert into DIAS_DISPERSION (IDMUNICIPIO, IDBANCO, DIAS_DISPERSION_SL, FREC_DISPERSION_SL, DIAS_DISPERSION_PL, FREC_DISPERSION_PL, DIAS_DISPERSION_SE, FREC_DISPERSION_SE, DIAS_DISPERSION_PE, FREC_DISPERSION_PE)
values ('73873000', '50', 0, 3, 0, 3, 0, 3, 0, 3);
insert into DIAS_DISPERSION (IDMUNICIPIO, IDBANCO, DIAS_DISPERSION_SL, FREC_DISPERSION_SL, DIAS_DISPERSION_PL, FREC_DISPERSION_PL, DIAS_DISPERSION_SE, FREC_DISPERSION_SE, DIAS_DISPERSION_PE, FREC_DISPERSION_PE)
values ('76001000', '50', 0, 3, 0, 3, 0, 3, 0, 3);
insert into DIAS_DISPERSION (IDMUNICIPIO, IDBANCO, DIAS_DISPERSION_SL, FREC_DISPERSION_SL, DIAS_DISPERSION_PL, FREC_DISPERSION_PL, DIAS_DISPERSION_SE, FREC_DISPERSION_SE, DIAS_DISPERSION_PE, FREC_DISPERSION_PE)
values ('76036000', '50', 0, 3, 0, 3, 0, 3, 0, 3);
insert into DIAS_DISPERSION (IDMUNICIPIO, IDBANCO, DIAS_DISPERSION_SL, FREC_DISPERSION_SL, DIAS_DISPERSION_PL, FREC_DISPERSION_PL, DIAS_DISPERSION_SE, FREC_DISPERSION_SE, DIAS_DISPERSION_PE, FREC_DISPERSION_PE)
values ('76041000', '50', 0, 3, 0, 3, 0, 3, 0, 3);
insert into DIAS_DISPERSION (IDMUNICIPIO, IDBANCO, DIAS_DISPERSION_SL, FREC_DISPERSION_SL, DIAS_DISPERSION_PL, FREC_DISPERSION_PL, DIAS_DISPERSION_SE, FREC_DISPERSION_SE, DIAS_DISPERSION_PE, FREC_DISPERSION_PE)
values ('76109000', '50', 0, 3, 0, 3, 0, 3, 0, 3);
insert into DIAS_DISPERSION (IDMUNICIPIO, IDBANCO, DIAS_DISPERSION_SL, FREC_DISPERSION_SL, DIAS_DISPERSION_PL, FREC_DISPERSION_PL, DIAS_DISPERSION_SE, FREC_DISPERSION_SE, DIAS_DISPERSION_PE, FREC_DISPERSION_PE)
values ('76111000', '50', 0, 3, 0, 3, 0, 3, 0, 3);
insert into DIAS_DISPERSION (IDMUNICIPIO, IDBANCO, DIAS_DISPERSION_SL, FREC_DISPERSION_SL, DIAS_DISPERSION_PL, FREC_DISPERSION_PL, DIAS_DISPERSION_SE, FREC_DISPERSION_SE, DIAS_DISPERSION_PE, FREC_DISPERSION_PE)
values ('76113000', '50', 0, 3, 0, 3, 0, 3, 0, 3);
insert into DIAS_DISPERSION (IDMUNICIPIO, IDBANCO, DIAS_DISPERSION_SL, FREC_DISPERSION_SL, DIAS_DISPERSION_PL, FREC_DISPERSION_PL, DIAS_DISPERSION_SE, FREC_DISPERSION_SE, DIAS_DISPERSION_PE, FREC_DISPERSION_PE)
values ('76122000', '50', 0, 3, 0, 3, 0, 3, 0, 3);
insert into DIAS_DISPERSION (IDMUNICIPIO, IDBANCO, DIAS_DISPERSION_SL, FREC_DISPERSION_SL, DIAS_DISPERSION_PL, FREC_DISPERSION_PL, DIAS_DISPERSION_SE, FREC_DISPERSION_SE, DIAS_DISPERSION_PE, FREC_DISPERSION_PE)
values ('76130000', '50', 0, 3, 0, 3, 0, 3, 0, 3);
insert into DIAS_DISPERSION (IDMUNICIPIO, IDBANCO, DIAS_DISPERSION_SL, FREC_DISPERSION_SL, DIAS_DISPERSION_PL, FREC_DISPERSION_PL, DIAS_DISPERSION_SE, FREC_DISPERSION_SE, DIAS_DISPERSION_PE, FREC_DISPERSION_PE)
values ('76147000', '50', 0, 3, 0, 3, 0, 3, 0, 3);
insert into DIAS_DISPERSION (IDMUNICIPIO, IDBANCO, DIAS_DISPERSION_SL, FREC_DISPERSION_SL, DIAS_DISPERSION_PL, FREC_DISPERSION_PL, DIAS_DISPERSION_SE, FREC_DISPERSION_SE, DIAS_DISPERSION_PE, FREC_DISPERSION_PE)
values ('76223000', '50', 0, 3, 0, 3, 0, 3, 0, 3);
insert into DIAS_DISPERSION (IDMUNICIPIO, IDBANCO, DIAS_DISPERSION_SL, FREC_DISPERSION_SL, DIAS_DISPERSION_PL, FREC_DISPERSION_PL, DIAS_DISPERSION_SE, FREC_DISPERSION_SE, DIAS_DISPERSION_PE, FREC_DISPERSION_PE)
values ('76248000', '50', 0, 3, 0, 3, 0, 3, 0, 3);
insert into DIAS_DISPERSION (IDMUNICIPIO, IDBANCO, DIAS_DISPERSION_SL, FREC_DISPERSION_SL, DIAS_DISPERSION_PL, FREC_DISPERSION_PL, DIAS_DISPERSION_SE, FREC_DISPERSION_SE, DIAS_DISPERSION_PE, FREC_DISPERSION_PE)
values ('76275000', '50', 0, 3, 0, 3, 0, 3, 0, 3);
insert into DIAS_DISPERSION (IDMUNICIPIO, IDBANCO, DIAS_DISPERSION_SL, FREC_DISPERSION_SL, DIAS_DISPERSION_PL, FREC_DISPERSION_PL, DIAS_DISPERSION_SE, FREC_DISPERSION_SE, DIAS_DISPERSION_PE, FREC_DISPERSION_PE)
values ('76306000', '50', 0, 3, 0, 3, 0, 3, 0, 3);
insert into DIAS_DISPERSION (IDMUNICIPIO, IDBANCO, DIAS_DISPERSION_SL, FREC_DISPERSION_SL, DIAS_DISPERSION_PL, FREC_DISPERSION_PL, DIAS_DISPERSION_SE, FREC_DISPERSION_SE, DIAS_DISPERSION_PE, FREC_DISPERSION_PE)
values ('76318000', '50', 0, 3, 0, 3, 0, 3, 0, 3);
insert into DIAS_DISPERSION (IDMUNICIPIO, IDBANCO, DIAS_DISPERSION_SL, FREC_DISPERSION_SL, DIAS_DISPERSION_PL, FREC_DISPERSION_PL, DIAS_DISPERSION_SE, FREC_DISPERSION_SE, DIAS_DISPERSION_PE, FREC_DISPERSION_PE)
values ('76364000', '50', 0, 3, 0, 3, 0, 3, 0, 3);
insert into DIAS_DISPERSION (IDMUNICIPIO, IDBANCO, DIAS_DISPERSION_SL, FREC_DISPERSION_SL, DIAS_DISPERSION_PL, FREC_DISPERSION_PL, DIAS_DISPERSION_SE, FREC_DISPERSION_SE, DIAS_DISPERSION_PE, FREC_DISPERSION_PE)
values ('76377000', '50', 0, 3, 0, 3, 0, 3, 0, 3);
insert into DIAS_DISPERSION (IDMUNICIPIO, IDBANCO, DIAS_DISPERSION_SL, FREC_DISPERSION_SL, DIAS_DISPERSION_PL, FREC_DISPERSION_PL, DIAS_DISPERSION_SE, FREC_DISPERSION_SE, DIAS_DISPERSION_PE, FREC_DISPERSION_PE)
values ('76400000', '50', 0, 3, 0, 3, 0, 3, 0, 3);
insert into DIAS_DISPERSION (IDMUNICIPIO, IDBANCO, DIAS_DISPERSION_SL, FREC_DISPERSION_SL, DIAS_DISPERSION_PL, FREC_DISPERSION_PL, DIAS_DISPERSION_SE, FREC_DISPERSION_SE, DIAS_DISPERSION_PE, FREC_DISPERSION_PE)
values ('76520000', '50', 0, 3, 0, 3, 0, 3, 0, 3);
insert into DIAS_DISPERSION (IDMUNICIPIO, IDBANCO, DIAS_DISPERSION_SL, FREC_DISPERSION_SL, DIAS_DISPERSION_PL, FREC_DISPERSION_PL, DIAS_DISPERSION_SE, FREC_DISPERSION_SE, DIAS_DISPERSION_PE, FREC_DISPERSION_PE)
values ('76563000', '50', 0, 3, 0, 3, 0, 3, 0, 3);
insert into DIAS_DISPERSION (IDMUNICIPIO, IDBANCO, DIAS_DISPERSION_SL, FREC_DISPERSION_SL, DIAS_DISPERSION_PL, FREC_DISPERSION_PL, DIAS_DISPERSION_SE, FREC_DISPERSION_SE, DIAS_DISPERSION_PE, FREC_DISPERSION_PE)
values ('76616000', '50', 0, 3, 0, 3, 0, 3, 0, 3);
insert into DIAS_DISPERSION (IDMUNICIPIO, IDBANCO, DIAS_DISPERSION_SL, FREC_DISPERSION_SL, DIAS_DISPERSION_PL, FREC_DISPERSION_PL, DIAS_DISPERSION_SE, FREC_DISPERSION_SE, DIAS_DISPERSION_PE, FREC_DISPERSION_PE)
values ('76622000', '50', 0, 3, 0, 3, 0, 3, 0, 3);
insert into DIAS_DISPERSION (IDMUNICIPIO, IDBANCO, DIAS_DISPERSION_SL, FREC_DISPERSION_SL, DIAS_DISPERSION_PL, FREC_DISPERSION_PL, DIAS_DISPERSION_SE, FREC_DISPERSION_SE, DIAS_DISPERSION_PE, FREC_DISPERSION_PE)
values ('76670000', '50', 0, 3, 0, 3, 0, 3, 0, 3);
insert into DIAS_DISPERSION (IDMUNICIPIO, IDBANCO, DIAS_DISPERSION_SL, FREC_DISPERSION_SL, DIAS_DISPERSION_PL, FREC_DISPERSION_PL, DIAS_DISPERSION_SE, FREC_DISPERSION_SE, DIAS_DISPERSION_PE, FREC_DISPERSION_PE)
values ('76736000', '50', 0, 3, 0, 3, 0, 3, 0, 3);
insert into DIAS_DISPERSION (IDMUNICIPIO, IDBANCO, DIAS_DISPERSION_SL, FREC_DISPERSION_SL, DIAS_DISPERSION_PL, FREC_DISPERSION_PL, DIAS_DISPERSION_SE, FREC_DISPERSION_SE, DIAS_DISPERSION_PE, FREC_DISPERSION_PE)
values ('76823000', '50', 0, 3, 0, 3, 0, 3, 0, 3);
insert into DIAS_DISPERSION (IDMUNICIPIO, IDBANCO, DIAS_DISPERSION_SL, FREC_DISPERSION_SL, DIAS_DISPERSION_PL, FREC_DISPERSION_PL, DIAS_DISPERSION_SE, FREC_DISPERSION_SE, DIAS_DISPERSION_PE, FREC_DISPERSION_PE)
values ('76834000', '50', 0, 3, 0, 3, 0, 3, 0, 3);
insert into DIAS_DISPERSION (IDMUNICIPIO, IDBANCO, DIAS_DISPERSION_SL, FREC_DISPERSION_SL, DIAS_DISPERSION_PL, FREC_DISPERSION_PL, DIAS_DISPERSION_SE, FREC_DISPERSION_SE, DIAS_DISPERSION_PE, FREC_DISPERSION_PE)
values ('76869000', '50', 0, 3, 0, 3, 0, 3, 0, 3);
insert into DIAS_DISPERSION (IDMUNICIPIO, IDBANCO, DIAS_DISPERSION_SL, FREC_DISPERSION_SL, DIAS_DISPERSION_PL, FREC_DISPERSION_PL, DIAS_DISPERSION_SE, FREC_DISPERSION_SE, DIAS_DISPERSION_PE, FREC_DISPERSION_PE)
values ('76890000', '50', 0, 3, 0, 3, 0, 3, 0, 3);
insert into DIAS_DISPERSION (IDMUNICIPIO, IDBANCO, DIAS_DISPERSION_SL, FREC_DISPERSION_SL, DIAS_DISPERSION_PL, FREC_DISPERSION_PL, DIAS_DISPERSION_SE, FREC_DISPERSION_SE, DIAS_DISPERSION_PE, FREC_DISPERSION_PE)
values ('76892000', '50', 0, 3, 0, 3, 0, 3, 0, 3);
insert into DIAS_DISPERSION (IDMUNICIPIO, IDBANCO, DIAS_DISPERSION_SL, FREC_DISPERSION_SL, DIAS_DISPERSION_PL, FREC_DISPERSION_PL, DIAS_DISPERSION_SE, FREC_DISPERSION_SE, DIAS_DISPERSION_PE, FREC_DISPERSION_PE)
values ('76895000', '50', 0, 3, 0, 3, 0, 3, 0, 3);
insert into DIAS_DISPERSION (IDMUNICIPIO, IDBANCO, DIAS_DISPERSION_SL, FREC_DISPERSION_SL, DIAS_DISPERSION_PL, FREC_DISPERSION_PL, DIAS_DISPERSION_SE, FREC_DISPERSION_SE, DIAS_DISPERSION_PE, FREC_DISPERSION_PE)
values ('81001000', '50', 0, 3, 0, 3, 0, 3, 0, 3);
insert into DIAS_DISPERSION (IDMUNICIPIO, IDBANCO, DIAS_DISPERSION_SL, FREC_DISPERSION_SL, DIAS_DISPERSION_PL, FREC_DISPERSION_PL, DIAS_DISPERSION_SE, FREC_DISPERSION_SE, DIAS_DISPERSION_PE, FREC_DISPERSION_PE)
values ('81736000', '50', 0, 3, 0, 3, 0, 3, 0, 3);
insert into DIAS_DISPERSION (IDMUNICIPIO, IDBANCO, DIAS_DISPERSION_SL, FREC_DISPERSION_SL, DIAS_DISPERSION_PL, FREC_DISPERSION_PL, DIAS_DISPERSION_SE, FREC_DISPERSION_SE, DIAS_DISPERSION_PE, FREC_DISPERSION_PE)
values ('85001000', '50', 0, 3, 0, 3, 0, 3, 0, 3);
insert into DIAS_DISPERSION (IDMUNICIPIO, IDBANCO, DIAS_DISPERSION_SL, FREC_DISPERSION_SL, DIAS_DISPERSION_PL, FREC_DISPERSION_PL, DIAS_DISPERSION_SE, FREC_DISPERSION_SE, DIAS_DISPERSION_PE, FREC_DISPERSION_PE)
values ('85010000', '50', 0, 3, 0, 3, 0, 3, 0, 3);
insert into DIAS_DISPERSION (IDMUNICIPIO, IDBANCO, DIAS_DISPERSION_SL, FREC_DISPERSION_SL, DIAS_DISPERSION_PL, FREC_DISPERSION_PL, DIAS_DISPERSION_SE, FREC_DISPERSION_SE, DIAS_DISPERSION_PE, FREC_DISPERSION_PE)
values ('86001000', '50', 0, 3, 0, 3, 0, 3, 0, 3);
insert into DIAS_DISPERSION (IDMUNICIPIO, IDBANCO, DIAS_DISPERSION_SL, FREC_DISPERSION_SL, DIAS_DISPERSION_PL, FREC_DISPERSION_PL, DIAS_DISPERSION_SE, FREC_DISPERSION_SE, DIAS_DISPERSION_PE, FREC_DISPERSION_PE)
values ('86320000', '50', 0, 3, 0, 3, 0, 3, 0, 3);
insert into DIAS_DISPERSION (IDMUNICIPIO, IDBANCO, DIAS_DISPERSION_SL, FREC_DISPERSION_SL, DIAS_DISPERSION_PL, FREC_DISPERSION_PL, DIAS_DISPERSION_SE, FREC_DISPERSION_SE, DIAS_DISPERSION_PE, FREC_DISPERSION_PE)
values ('86568000', '50', 0, 3, 0, 3, 0, 3, 0, 3);
insert into DIAS_DISPERSION (IDMUNICIPIO, IDBANCO, DIAS_DISPERSION_SL, FREC_DISPERSION_SL, DIAS_DISPERSION_PL, FREC_DISPERSION_PL, DIAS_DISPERSION_SE, FREC_DISPERSION_SE, DIAS_DISPERSION_PE, FREC_DISPERSION_PE)
values ('86749000', '50', 0, 3, 0, 3, 0, 3, 0, 3);
insert into DIAS_DISPERSION (IDMUNICIPIO, IDBANCO, DIAS_DISPERSION_SL, FREC_DISPERSION_SL, DIAS_DISPERSION_PL, FREC_DISPERSION_PL, DIAS_DISPERSION_SE, FREC_DISPERSION_SE, DIAS_DISPERSION_PE, FREC_DISPERSION_PE)
values ('86865000', '50', 0, 3, 0, 3, 0, 3, 0, 3);
insert into DIAS_DISPERSION (IDMUNICIPIO, IDBANCO, DIAS_DISPERSION_SL, FREC_DISPERSION_SL, DIAS_DISPERSION_PL, FREC_DISPERSION_PL, DIAS_DISPERSION_SE, FREC_DISPERSION_SE, DIAS_DISPERSION_PE, FREC_DISPERSION_PE)
values ('88001000', '50', 0, 3, 0, 3, 0, 3, 0, 3);
insert into DIAS_DISPERSION (IDMUNICIPIO, IDBANCO, DIAS_DISPERSION_SL, FREC_DISPERSION_SL, DIAS_DISPERSION_PL, FREC_DISPERSION_PL, DIAS_DISPERSION_SE, FREC_DISPERSION_SE, DIAS_DISPERSION_PE, FREC_DISPERSION_PE)
values ('91001000', '50', 0, 3, 0, 3, 0, 3, 0, 3);
insert into DIAS_DISPERSION (IDMUNICIPIO, IDBANCO, DIAS_DISPERSION_SL, FREC_DISPERSION_SL, DIAS_DISPERSION_PL, FREC_DISPERSION_PL, DIAS_DISPERSION_SE, FREC_DISPERSION_SE, DIAS_DISPERSION_PE, FREC_DISPERSION_PE)
values ('94001000', '50', 0, 3, 0, 3, 0, 3, 0, 3);
insert into DIAS_DISPERSION (IDMUNICIPIO, IDBANCO, DIAS_DISPERSION_SL, FREC_DISPERSION_SL, DIAS_DISPERSION_PL, FREC_DISPERSION_PL, DIAS_DISPERSION_SE, FREC_DISPERSION_SE, DIAS_DISPERSION_PE, FREC_DISPERSION_PE)
values ('99001000', '50', 0, 3, 0, 3, 0, 3, 0, 3);
insert into DIAS_DISPERSION (IDMUNICIPIO, IDBANCO, DIAS_DISPERSION_SL, FREC_DISPERSION_SL, DIAS_DISPERSION_PL, FREC_DISPERSION_PL, DIAS_DISPERSION_SE, FREC_DISPERSION_SE, DIAS_DISPERSION_PE, FREC_DISPERSION_PE)
values ('05001000', '50', 0, 3, 0, 3, 0, 3, 0, 3);
insert into DIAS_DISPERSION (IDMUNICIPIO, IDBANCO, DIAS_DISPERSION_SL, FREC_DISPERSION_SL, DIAS_DISPERSION_PL, FREC_DISPERSION_PL, DIAS_DISPERSION_SE, FREC_DISPERSION_SE, DIAS_DISPERSION_PE, FREC_DISPERSION_PE)
values ('05030000', '50', 0, 3, 0, 3, 0, 3, 0, 3);
insert into DIAS_DISPERSION (IDMUNICIPIO, IDBANCO, DIAS_DISPERSION_SL, FREC_DISPERSION_SL, DIAS_DISPERSION_PL, FREC_DISPERSION_PL, DIAS_DISPERSION_SE, FREC_DISPERSION_SE, DIAS_DISPERSION_PE, FREC_DISPERSION_PE)
values ('05031000', '50', 0, 3, 0, 3, 0, 3, 0, 3);
insert into DIAS_DISPERSION (IDMUNICIPIO, IDBANCO, DIAS_DISPERSION_SL, FREC_DISPERSION_SL, DIAS_DISPERSION_PL, FREC_DISPERSION_PL, DIAS_DISPERSION_SE, FREC_DISPERSION_SE, DIAS_DISPERSION_PE, FREC_DISPERSION_PE)
values ('05034000', '50', 0, 3, 0, 3, 0, 3, 0, 3);
commit;
prompt 700 records committed...
insert into DIAS_DISPERSION (IDMUNICIPIO, IDBANCO, DIAS_DISPERSION_SL, FREC_DISPERSION_SL, DIAS_DISPERSION_PL, FREC_DISPERSION_PL, DIAS_DISPERSION_SE, FREC_DISPERSION_SE, DIAS_DISPERSION_PE, FREC_DISPERSION_PE)
values ('05042000', '50', 0, 3, 0, 3, 0, 3, 0, 3);
insert into DIAS_DISPERSION (IDMUNICIPIO, IDBANCO, DIAS_DISPERSION_SL, FREC_DISPERSION_SL, DIAS_DISPERSION_PL, FREC_DISPERSION_PL, DIAS_DISPERSION_SE, FREC_DISPERSION_SE, DIAS_DISPERSION_PE, FREC_DISPERSION_PE)
values ('05045000', '50', 0, 3, 0, 3, 0, 3, 0, 3);
insert into DIAS_DISPERSION (IDMUNICIPIO, IDBANCO, DIAS_DISPERSION_SL, FREC_DISPERSION_SL, DIAS_DISPERSION_PL, FREC_DISPERSION_PL, DIAS_DISPERSION_SE, FREC_DISPERSION_SE, DIAS_DISPERSION_PE, FREC_DISPERSION_PE)
values ('05051000', '50', 0, 3, 0, 3, 0, 3, 0, 3);
insert into DIAS_DISPERSION (IDMUNICIPIO, IDBANCO, DIAS_DISPERSION_SL, FREC_DISPERSION_SL, DIAS_DISPERSION_PL, FREC_DISPERSION_PL, DIAS_DISPERSION_SE, FREC_DISPERSION_SE, DIAS_DISPERSION_PE, FREC_DISPERSION_PE)
values ('05079000', '50', 0, 3, 0, 3, 0, 3, 0, 3);
insert into DIAS_DISPERSION (IDMUNICIPIO, IDBANCO, DIAS_DISPERSION_SL, FREC_DISPERSION_SL, DIAS_DISPERSION_PL, FREC_DISPERSION_PL, DIAS_DISPERSION_SE, FREC_DISPERSION_SE, DIAS_DISPERSION_PE, FREC_DISPERSION_PE)
values ('05088000', '50', 0, 3, 0, 3, 0, 3, 0, 3);
insert into DIAS_DISPERSION (IDMUNICIPIO, IDBANCO, DIAS_DISPERSION_SL, FREC_DISPERSION_SL, DIAS_DISPERSION_PL, FREC_DISPERSION_PL, DIAS_DISPERSION_SE, FREC_DISPERSION_SE, DIAS_DISPERSION_PE, FREC_DISPERSION_PE)
values ('05101000', '50', 0, 3, 0, 3, 0, 3, 0, 3);
insert into DIAS_DISPERSION (IDMUNICIPIO, IDBANCO, DIAS_DISPERSION_SL, FREC_DISPERSION_SL, DIAS_DISPERSION_PL, FREC_DISPERSION_PL, DIAS_DISPERSION_SE, FREC_DISPERSION_SE, DIAS_DISPERSION_PE, FREC_DISPERSION_PE)
values ('05120000', '50', 0, 3, 0, 3, 0, 3, 0, 3);
insert into DIAS_DISPERSION (IDMUNICIPIO, IDBANCO, DIAS_DISPERSION_SL, FREC_DISPERSION_SL, DIAS_DISPERSION_PL, FREC_DISPERSION_PL, DIAS_DISPERSION_SE, FREC_DISPERSION_SE, DIAS_DISPERSION_PE, FREC_DISPERSION_PE)
values ('05129000', '50', 0, 3, 0, 3, 0, 3, 0, 3);
insert into DIAS_DISPERSION (IDMUNICIPIO, IDBANCO, DIAS_DISPERSION_SL, FREC_DISPERSION_SL, DIAS_DISPERSION_PL, FREC_DISPERSION_PL, DIAS_DISPERSION_SE, FREC_DISPERSION_SE, DIAS_DISPERSION_PE, FREC_DISPERSION_PE)
values ('05138000', '50', 0, 3, 0, 3, 0, 3, 0, 3);
insert into DIAS_DISPERSION (IDMUNICIPIO, IDBANCO, DIAS_DISPERSION_SL, FREC_DISPERSION_SL, DIAS_DISPERSION_PL, FREC_DISPERSION_PL, DIAS_DISPERSION_SE, FREC_DISPERSION_SE, DIAS_DISPERSION_PE, FREC_DISPERSION_PE)
values ('05147000', '50', 0, 3, 0, 3, 0, 3, 0, 3);
insert into DIAS_DISPERSION (IDMUNICIPIO, IDBANCO, DIAS_DISPERSION_SL, FREC_DISPERSION_SL, DIAS_DISPERSION_PL, FREC_DISPERSION_PL, DIAS_DISPERSION_SE, FREC_DISPERSION_SE, DIAS_DISPERSION_PE, FREC_DISPERSION_PE)
values ('05148000', '50', 0, 3, 0, 3, 0, 3, 0, 3);
insert into DIAS_DISPERSION (IDMUNICIPIO, IDBANCO, DIAS_DISPERSION_SL, FREC_DISPERSION_SL, DIAS_DISPERSION_PL, FREC_DISPERSION_PL, DIAS_DISPERSION_SE, FREC_DISPERSION_SE, DIAS_DISPERSION_PE, FREC_DISPERSION_PE)
values ('05154000', '50', 0, 3, 0, 3, 0, 3, 0, 3);
insert into DIAS_DISPERSION (IDMUNICIPIO, IDBANCO, DIAS_DISPERSION_SL, FREC_DISPERSION_SL, DIAS_DISPERSION_PL, FREC_DISPERSION_PL, DIAS_DISPERSION_SE, FREC_DISPERSION_SE, DIAS_DISPERSION_PE, FREC_DISPERSION_PE)
values ('05172000', '50', 0, 3, 0, 3, 0, 3, 0, 3);
insert into DIAS_DISPERSION (IDMUNICIPIO, IDBANCO, DIAS_DISPERSION_SL, FREC_DISPERSION_SL, DIAS_DISPERSION_PL, FREC_DISPERSION_PL, DIAS_DISPERSION_SE, FREC_DISPERSION_SE, DIAS_DISPERSION_PE, FREC_DISPERSION_PE)
values ('05190000', '50', 0, 3, 0, 3, 0, 3, 0, 3);
insert into DIAS_DISPERSION (IDMUNICIPIO, IDBANCO, DIAS_DISPERSION_SL, FREC_DISPERSION_SL, DIAS_DISPERSION_PL, FREC_DISPERSION_PL, DIAS_DISPERSION_SE, FREC_DISPERSION_SE, DIAS_DISPERSION_PE, FREC_DISPERSION_PE)
values ('05197000', '50', 0, 3, 0, 3, 0, 3, 0, 3);
insert into DIAS_DISPERSION (IDMUNICIPIO, IDBANCO, DIAS_DISPERSION_SL, FREC_DISPERSION_SL, DIAS_DISPERSION_PL, FREC_DISPERSION_PL, DIAS_DISPERSION_SE, FREC_DISPERSION_SE, DIAS_DISPERSION_PE, FREC_DISPERSION_PE)
values ('05212000', '50', 0, 3, 0, 3, 0, 3, 0, 3);
insert into DIAS_DISPERSION (IDMUNICIPIO, IDBANCO, DIAS_DISPERSION_SL, FREC_DISPERSION_SL, DIAS_DISPERSION_PL, FREC_DISPERSION_PL, DIAS_DISPERSION_SE, FREC_DISPERSION_SE, DIAS_DISPERSION_PE, FREC_DISPERSION_PE)
values ('05237000', '50', 0, 3, 0, 3, 0, 3, 0, 3);
insert into DIAS_DISPERSION (IDMUNICIPIO, IDBANCO, DIAS_DISPERSION_SL, FREC_DISPERSION_SL, DIAS_DISPERSION_PL, FREC_DISPERSION_PL, DIAS_DISPERSION_SE, FREC_DISPERSION_SE, DIAS_DISPERSION_PE, FREC_DISPERSION_PE)
values ('05264000', '50', 0, 3, 0, 3, 0, 3, 0, 3);
insert into DIAS_DISPERSION (IDMUNICIPIO, IDBANCO, DIAS_DISPERSION_SL, FREC_DISPERSION_SL, DIAS_DISPERSION_PL, FREC_DISPERSION_PL, DIAS_DISPERSION_SE, FREC_DISPERSION_SE, DIAS_DISPERSION_PE, FREC_DISPERSION_PE)
values ('05266000', '50', 0, 3, 0, 3, 0, 3, 0, 3);
insert into DIAS_DISPERSION (IDMUNICIPIO, IDBANCO, DIAS_DISPERSION_SL, FREC_DISPERSION_SL, DIAS_DISPERSION_PL, FREC_DISPERSION_PL, DIAS_DISPERSION_SE, FREC_DISPERSION_SE, DIAS_DISPERSION_PE, FREC_DISPERSION_PE)
values ('05282000', '50', 0, 3, 0, 3, 0, 3, 0, 3);
insert into DIAS_DISPERSION (IDMUNICIPIO, IDBANCO, DIAS_DISPERSION_SL, FREC_DISPERSION_SL, DIAS_DISPERSION_PL, FREC_DISPERSION_PL, DIAS_DISPERSION_SE, FREC_DISPERSION_SE, DIAS_DISPERSION_PE, FREC_DISPERSION_PE)
values ('05284000', '50', 0, 3, 0, 3, 0, 3, 0, 3);
insert into DIAS_DISPERSION (IDMUNICIPIO, IDBANCO, DIAS_DISPERSION_SL, FREC_DISPERSION_SL, DIAS_DISPERSION_PL, FREC_DISPERSION_PL, DIAS_DISPERSION_SE, FREC_DISPERSION_SE, DIAS_DISPERSION_PE, FREC_DISPERSION_PE)
values ('05306000', '50', 0, 3, 0, 3, 0, 3, 0, 3);
insert into DIAS_DISPERSION (IDMUNICIPIO, IDBANCO, DIAS_DISPERSION_SL, FREC_DISPERSION_SL, DIAS_DISPERSION_PL, FREC_DISPERSION_PL, DIAS_DISPERSION_SE, FREC_DISPERSION_SE, DIAS_DISPERSION_PE, FREC_DISPERSION_PE)
values ('05308000', '50', 0, 3, 0, 3, 0, 3, 0, 3);
insert into DIAS_DISPERSION (IDMUNICIPIO, IDBANCO, DIAS_DISPERSION_SL, FREC_DISPERSION_SL, DIAS_DISPERSION_PL, FREC_DISPERSION_PL, DIAS_DISPERSION_SE, FREC_DISPERSION_SE, DIAS_DISPERSION_PE, FREC_DISPERSION_PE)
values ('05318000', '50', 0, 3, 0, 3, 0, 3, 0, 3);
insert into DIAS_DISPERSION (IDMUNICIPIO, IDBANCO, DIAS_DISPERSION_SL, FREC_DISPERSION_SL, DIAS_DISPERSION_PL, FREC_DISPERSION_PL, DIAS_DISPERSION_SE, FREC_DISPERSION_SE, DIAS_DISPERSION_PE, FREC_DISPERSION_PE)
values ('05321000', '50', 0, 3, 0, 3, 0, 3, 0, 3);
insert into DIAS_DISPERSION (IDMUNICIPIO, IDBANCO, DIAS_DISPERSION_SL, FREC_DISPERSION_SL, DIAS_DISPERSION_PL, FREC_DISPERSION_PL, DIAS_DISPERSION_SE, FREC_DISPERSION_SE, DIAS_DISPERSION_PE, FREC_DISPERSION_PE)
values ('05360000', '50', 0, 3, 0, 3, 0, 3, 0, 3);
insert into DIAS_DISPERSION (IDMUNICIPIO, IDBANCO, DIAS_DISPERSION_SL, FREC_DISPERSION_SL, DIAS_DISPERSION_PL, FREC_DISPERSION_PL, DIAS_DISPERSION_SE, FREC_DISPERSION_SE, DIAS_DISPERSION_PE, FREC_DISPERSION_PE)
values ('05368000', '50', 0, 3, 0, 3, 0, 3, 0, 3);
insert into DIAS_DISPERSION (IDMUNICIPIO, IDBANCO, DIAS_DISPERSION_SL, FREC_DISPERSION_SL, DIAS_DISPERSION_PL, FREC_DISPERSION_PL, DIAS_DISPERSION_SE, FREC_DISPERSION_SE, DIAS_DISPERSION_PE, FREC_DISPERSION_PE)
values ('05376000', '50', 0, 3, 0, 3, 0, 3, 0, 3);
insert into DIAS_DISPERSION (IDMUNICIPIO, IDBANCO, DIAS_DISPERSION_SL, FREC_DISPERSION_SL, DIAS_DISPERSION_PL, FREC_DISPERSION_PL, DIAS_DISPERSION_SE, FREC_DISPERSION_SE, DIAS_DISPERSION_PE, FREC_DISPERSION_PE)
values ('05390000', '50', 0, 3, 0, 3, 0, 3, 0, 3);
insert into DIAS_DISPERSION (IDMUNICIPIO, IDBANCO, DIAS_DISPERSION_SL, FREC_DISPERSION_SL, DIAS_DISPERSION_PL, FREC_DISPERSION_PL, DIAS_DISPERSION_SE, FREC_DISPERSION_SE, DIAS_DISPERSION_PE, FREC_DISPERSION_PE)
values ('05400000', '50', 0, 3, 0, 3, 0, 3, 0, 3);
insert into DIAS_DISPERSION (IDMUNICIPIO, IDBANCO, DIAS_DISPERSION_SL, FREC_DISPERSION_SL, DIAS_DISPERSION_PL, FREC_DISPERSION_PL, DIAS_DISPERSION_SE, FREC_DISPERSION_SE, DIAS_DISPERSION_PE, FREC_DISPERSION_PE)
values ('05425000', '50', 0, 3, 0, 3, 0, 3, 0, 3);
insert into DIAS_DISPERSION (IDMUNICIPIO, IDBANCO, DIAS_DISPERSION_SL, FREC_DISPERSION_SL, DIAS_DISPERSION_PL, FREC_DISPERSION_PL, DIAS_DISPERSION_SE, FREC_DISPERSION_SE, DIAS_DISPERSION_PE, FREC_DISPERSION_PE)
values ('05440000', '50', 0, 3, 0, 3, 0, 3, 0, 3);
insert into DIAS_DISPERSION (IDMUNICIPIO, IDBANCO, DIAS_DISPERSION_SL, FREC_DISPERSION_SL, DIAS_DISPERSION_PL, FREC_DISPERSION_PL, DIAS_DISPERSION_SE, FREC_DISPERSION_SE, DIAS_DISPERSION_PE, FREC_DISPERSION_PE)
values ('05541000', '50', 0, 3, 0, 3, 0, 3, 0, 3);
insert into DIAS_DISPERSION (IDMUNICIPIO, IDBANCO, DIAS_DISPERSION_SL, FREC_DISPERSION_SL, DIAS_DISPERSION_PL, FREC_DISPERSION_PL, DIAS_DISPERSION_SE, FREC_DISPERSION_SE, DIAS_DISPERSION_PE, FREC_DISPERSION_PE)
values ('05579000', '50', 0, 3, 0, 3, 0, 3, 0, 3);
insert into DIAS_DISPERSION (IDMUNICIPIO, IDBANCO, DIAS_DISPERSION_SL, FREC_DISPERSION_SL, DIAS_DISPERSION_PL, FREC_DISPERSION_PL, DIAS_DISPERSION_SE, FREC_DISPERSION_SE, DIAS_DISPERSION_PE, FREC_DISPERSION_PE)
values ('05591000', '50', 0, 3, 0, 3, 0, 3, 0, 3);
insert into DIAS_DISPERSION (IDMUNICIPIO, IDBANCO, DIAS_DISPERSION_SL, FREC_DISPERSION_SL, DIAS_DISPERSION_PL, FREC_DISPERSION_PL, DIAS_DISPERSION_SE, FREC_DISPERSION_SE, DIAS_DISPERSION_PE, FREC_DISPERSION_PE)
values ('05607000', '50', 0, 3, 0, 3, 0, 3, 0, 3);
insert into DIAS_DISPERSION (IDMUNICIPIO, IDBANCO, DIAS_DISPERSION_SL, FREC_DISPERSION_SL, DIAS_DISPERSION_PL, FREC_DISPERSION_PL, DIAS_DISPERSION_SE, FREC_DISPERSION_SE, DIAS_DISPERSION_PE, FREC_DISPERSION_PE)
values ('05615000', '50', 0, 3, 0, 3, 0, 3, 0, 3);
insert into DIAS_DISPERSION (IDMUNICIPIO, IDBANCO, DIAS_DISPERSION_SL, FREC_DISPERSION_SL, DIAS_DISPERSION_PL, FREC_DISPERSION_PL, DIAS_DISPERSION_SE, FREC_DISPERSION_SE, DIAS_DISPERSION_PE, FREC_DISPERSION_PE)
values ('05631000', '50', 0, 3, 0, 3, 0, 3, 0, 3);
insert into DIAS_DISPERSION (IDMUNICIPIO, IDBANCO, DIAS_DISPERSION_SL, FREC_DISPERSION_SL, DIAS_DISPERSION_PL, FREC_DISPERSION_PL, DIAS_DISPERSION_SE, FREC_DISPERSION_SE, DIAS_DISPERSION_PE, FREC_DISPERSION_PE)
values ('05656000', '50', 0, 3, 0, 3, 0, 3, 0, 3);
insert into DIAS_DISPERSION (IDMUNICIPIO, IDBANCO, DIAS_DISPERSION_SL, FREC_DISPERSION_SL, DIAS_DISPERSION_PL, FREC_DISPERSION_PL, DIAS_DISPERSION_SE, FREC_DISPERSION_SE, DIAS_DISPERSION_PE, FREC_DISPERSION_PE)
values ('05660000', '50', 0, 3, 0, 3, 0, 3, 0, 3);
insert into DIAS_DISPERSION (IDMUNICIPIO, IDBANCO, DIAS_DISPERSION_SL, FREC_DISPERSION_SL, DIAS_DISPERSION_PL, FREC_DISPERSION_PL, DIAS_DISPERSION_SE, FREC_DISPERSION_SE, DIAS_DISPERSION_PE, FREC_DISPERSION_PE)
values ('05664000', '50', 0, 3, 0, 3, 0, 3, 0, 3);
insert into DIAS_DISPERSION (IDMUNICIPIO, IDBANCO, DIAS_DISPERSION_SL, FREC_DISPERSION_SL, DIAS_DISPERSION_PL, FREC_DISPERSION_PL, DIAS_DISPERSION_SE, FREC_DISPERSION_SE, DIAS_DISPERSION_PE, FREC_DISPERSION_PE)
values ('05670000', '50', 0, 3, 0, 3, 0, 3, 0, 3);
insert into DIAS_DISPERSION (IDMUNICIPIO, IDBANCO, DIAS_DISPERSION_SL, FREC_DISPERSION_SL, DIAS_DISPERSION_PL, FREC_DISPERSION_PL, DIAS_DISPERSION_SE, FREC_DISPERSION_SE, DIAS_DISPERSION_PE, FREC_DISPERSION_PE)
values ('05674000', '50', 0, 3, 0, 3, 0, 3, 0, 3);
insert into DIAS_DISPERSION (IDMUNICIPIO, IDBANCO, DIAS_DISPERSION_SL, FREC_DISPERSION_SL, DIAS_DISPERSION_PL, FREC_DISPERSION_PL, DIAS_DISPERSION_SE, FREC_DISPERSION_SE, DIAS_DISPERSION_PE, FREC_DISPERSION_PE)
values ('05679000', '50', 0, 3, 0, 3, 0, 3, 0, 3);
insert into DIAS_DISPERSION (IDMUNICIPIO, IDBANCO, DIAS_DISPERSION_SL, FREC_DISPERSION_SL, DIAS_DISPERSION_PL, FREC_DISPERSION_PL, DIAS_DISPERSION_SE, FREC_DISPERSION_SE, DIAS_DISPERSION_PE, FREC_DISPERSION_PE)
values ('05686000', '50', 0, 3, 0, 3, 0, 3, 0, 3);
insert into DIAS_DISPERSION (IDMUNICIPIO, IDBANCO, DIAS_DISPERSION_SL, FREC_DISPERSION_SL, DIAS_DISPERSION_PL, FREC_DISPERSION_PL, DIAS_DISPERSION_SE, FREC_DISPERSION_SE, DIAS_DISPERSION_PE, FREC_DISPERSION_PE)
values ('05690000', '50', 0, 3, 0, 3, 0, 3, 0, 3);
insert into DIAS_DISPERSION (IDMUNICIPIO, IDBANCO, DIAS_DISPERSION_SL, FREC_DISPERSION_SL, DIAS_DISPERSION_PL, FREC_DISPERSION_PL, DIAS_DISPERSION_SE, FREC_DISPERSION_SE, DIAS_DISPERSION_PE, FREC_DISPERSION_PE)
values ('05697000', '50', 0, 3, 0, 3, 0, 3, 0, 3);
insert into DIAS_DISPERSION (IDMUNICIPIO, IDBANCO, DIAS_DISPERSION_SL, FREC_DISPERSION_SL, DIAS_DISPERSION_PL, FREC_DISPERSION_PL, DIAS_DISPERSION_SE, FREC_DISPERSION_SE, DIAS_DISPERSION_PE, FREC_DISPERSION_PE)
values ('05756000', '50', 0, 3, 0, 3, 0, 3, 0, 3);
insert into DIAS_DISPERSION (IDMUNICIPIO, IDBANCO, DIAS_DISPERSION_SL, FREC_DISPERSION_SL, DIAS_DISPERSION_PL, FREC_DISPERSION_PL, DIAS_DISPERSION_SE, FREC_DISPERSION_SE, DIAS_DISPERSION_PE, FREC_DISPERSION_PE)
values ('05761000', '50', 0, 3, 0, 3, 0, 3, 0, 3);
insert into DIAS_DISPERSION (IDMUNICIPIO, IDBANCO, DIAS_DISPERSION_SL, FREC_DISPERSION_SL, DIAS_DISPERSION_PL, FREC_DISPERSION_PL, DIAS_DISPERSION_SE, FREC_DISPERSION_SE, DIAS_DISPERSION_PE, FREC_DISPERSION_PE)
values ('05790000', '50', 0, 3, 0, 3, 0, 3, 0, 3);
insert into DIAS_DISPERSION (IDMUNICIPIO, IDBANCO, DIAS_DISPERSION_SL, FREC_DISPERSION_SL, DIAS_DISPERSION_PL, FREC_DISPERSION_PL, DIAS_DISPERSION_SE, FREC_DISPERSION_SE, DIAS_DISPERSION_PE, FREC_DISPERSION_PE)
values ('05792000', '50', 0, 3, 0, 3, 0, 3, 0, 3);
insert into DIAS_DISPERSION (IDMUNICIPIO, IDBANCO, DIAS_DISPERSION_SL, FREC_DISPERSION_SL, DIAS_DISPERSION_PL, FREC_DISPERSION_PL, DIAS_DISPERSION_SE, FREC_DISPERSION_SE, DIAS_DISPERSION_PE, FREC_DISPERSION_PE)
values ('05809000', '50', 0, 3, 0, 3, 0, 3, 0, 3);
insert into DIAS_DISPERSION (IDMUNICIPIO, IDBANCO, DIAS_DISPERSION_SL, FREC_DISPERSION_SL, DIAS_DISPERSION_PL, FREC_DISPERSION_PL, DIAS_DISPERSION_SE, FREC_DISPERSION_SE, DIAS_DISPERSION_PE, FREC_DISPERSION_PE)
values ('05837000', '50', 0, 3, 0, 3, 0, 3, 0, 3);
insert into DIAS_DISPERSION (IDMUNICIPIO, IDBANCO, DIAS_DISPERSION_SL, FREC_DISPERSION_SL, DIAS_DISPERSION_PL, FREC_DISPERSION_PL, DIAS_DISPERSION_SE, FREC_DISPERSION_SE, DIAS_DISPERSION_PE, FREC_DISPERSION_PE)
values ('05842000', '50', 0, 3, 0, 3, 0, 3, 0, 3);
insert into DIAS_DISPERSION (IDMUNICIPIO, IDBANCO, DIAS_DISPERSION_SL, FREC_DISPERSION_SL, DIAS_DISPERSION_PL, FREC_DISPERSION_PL, DIAS_DISPERSION_SE, FREC_DISPERSION_SE, DIAS_DISPERSION_PE, FREC_DISPERSION_PE)
values ('05847000', '50', 0, 3, 0, 3, 0, 3, 0, 3);
insert into DIAS_DISPERSION (IDMUNICIPIO, IDBANCO, DIAS_DISPERSION_SL, FREC_DISPERSION_SL, DIAS_DISPERSION_PL, FREC_DISPERSION_PL, DIAS_DISPERSION_SE, FREC_DISPERSION_SE, DIAS_DISPERSION_PE, FREC_DISPERSION_PE)
values ('05854000', '50', 0, 3, 0, 3, 0, 3, 0, 3);
insert into DIAS_DISPERSION (IDMUNICIPIO, IDBANCO, DIAS_DISPERSION_SL, FREC_DISPERSION_SL, DIAS_DISPERSION_PL, FREC_DISPERSION_PL, DIAS_DISPERSION_SE, FREC_DISPERSION_SE, DIAS_DISPERSION_PE, FREC_DISPERSION_PE)
values ('05861000', '50', 0, 3, 0, 3, 0, 3, 0, 3);
insert into DIAS_DISPERSION (IDMUNICIPIO, IDBANCO, DIAS_DISPERSION_SL, FREC_DISPERSION_SL, DIAS_DISPERSION_PL, FREC_DISPERSION_PL, DIAS_DISPERSION_SE, FREC_DISPERSION_SE, DIAS_DISPERSION_PE, FREC_DISPERSION_PE)
values ('05887000', '50', 0, 3, 0, 3, 0, 3, 0, 3);
insert into DIAS_DISPERSION (IDMUNICIPIO, IDBANCO, DIAS_DISPERSION_SL, FREC_DISPERSION_SL, DIAS_DISPERSION_PL, FREC_DISPERSION_PL, DIAS_DISPERSION_SE, FREC_DISPERSION_SE, DIAS_DISPERSION_PE, FREC_DISPERSION_PE)
values ('08000000', '50', 0, 3, 0, 3, 0, 3, 0, 3);
insert into DIAS_DISPERSION (IDMUNICIPIO, IDBANCO, DIAS_DISPERSION_SL, FREC_DISPERSION_SL, DIAS_DISPERSION_PL, FREC_DISPERSION_PL, DIAS_DISPERSION_SE, FREC_DISPERSION_SE, DIAS_DISPERSION_PE, FREC_DISPERSION_PE)
values ('08001000', '50', 0, 3, 0, 3, 6, 0, 6, 0);
insert into DIAS_DISPERSION (IDMUNICIPIO, IDBANCO, DIAS_DISPERSION_SL, FREC_DISPERSION_SL, DIAS_DISPERSION_PL, FREC_DISPERSION_PL, DIAS_DISPERSION_SE, FREC_DISPERSION_SE, DIAS_DISPERSION_PE, FREC_DISPERSION_PE)
values ('08078000', '50', 0, 3, 0, 3, 0, 3, 0, 3);
insert into DIAS_DISPERSION (IDMUNICIPIO, IDBANCO, DIAS_DISPERSION_SL, FREC_DISPERSION_SL, DIAS_DISPERSION_PL, FREC_DISPERSION_PL, DIAS_DISPERSION_SE, FREC_DISPERSION_SE, DIAS_DISPERSION_PE, FREC_DISPERSION_PE)
values ('08137000', '50', 0, 3, 0, 3, 0, 3, 0, 3);
insert into DIAS_DISPERSION (IDMUNICIPIO, IDBANCO, DIAS_DISPERSION_SL, FREC_DISPERSION_SL, DIAS_DISPERSION_PL, FREC_DISPERSION_PL, DIAS_DISPERSION_SE, FREC_DISPERSION_SE, DIAS_DISPERSION_PE, FREC_DISPERSION_PE)
values ('08296000', '50', 0, 3, 0, 3, 0, 3, 0, 3);
insert into DIAS_DISPERSION (IDMUNICIPIO, IDBANCO, DIAS_DISPERSION_SL, FREC_DISPERSION_SL, DIAS_DISPERSION_PL, FREC_DISPERSION_PL, DIAS_DISPERSION_SE, FREC_DISPERSION_SE, DIAS_DISPERSION_PE, FREC_DISPERSION_PE)
values ('08421000', '50', 0, 3, 0, 3, 0, 3, 0, 3);
insert into DIAS_DISPERSION (IDMUNICIPIO, IDBANCO, DIAS_DISPERSION_SL, FREC_DISPERSION_SL, DIAS_DISPERSION_PL, FREC_DISPERSION_PL, DIAS_DISPERSION_SE, FREC_DISPERSION_SE, DIAS_DISPERSION_PE, FREC_DISPERSION_PE)
values ('08433000', '50', 0, 3, 0, 3, 0, 3, 0, 3);
insert into DIAS_DISPERSION (IDMUNICIPIO, IDBANCO, DIAS_DISPERSION_SL, FREC_DISPERSION_SL, DIAS_DISPERSION_PL, FREC_DISPERSION_PL, DIAS_DISPERSION_SE, FREC_DISPERSION_SE, DIAS_DISPERSION_PE, FREC_DISPERSION_PE)
values ('08436000', '50', 0, 3, 0, 3, 0, 3, 0, 3);
insert into DIAS_DISPERSION (IDMUNICIPIO, IDBANCO, DIAS_DISPERSION_SL, FREC_DISPERSION_SL, DIAS_DISPERSION_PL, FREC_DISPERSION_PL, DIAS_DISPERSION_SE, FREC_DISPERSION_SE, DIAS_DISPERSION_PE, FREC_DISPERSION_PE)
values ('08520000', '50', 0, 3, 0, 3, 0, 3, 0, 3);
insert into DIAS_DISPERSION (IDMUNICIPIO, IDBANCO, DIAS_DISPERSION_SL, FREC_DISPERSION_SL, DIAS_DISPERSION_PL, FREC_DISPERSION_PL, DIAS_DISPERSION_SE, FREC_DISPERSION_SE, DIAS_DISPERSION_PE, FREC_DISPERSION_PE)
values ('08558000', '50', 0, 3, 0, 3, 0, 3, 0, 3);
insert into DIAS_DISPERSION (IDMUNICIPIO, IDBANCO, DIAS_DISPERSION_SL, FREC_DISPERSION_SL, DIAS_DISPERSION_PL, FREC_DISPERSION_PL, DIAS_DISPERSION_SE, FREC_DISPERSION_SE, DIAS_DISPERSION_PE, FREC_DISPERSION_PE)
values ('08560000', '50', 0, 3, 0, 3, 0, 3, 0, 3);
insert into DIAS_DISPERSION (IDMUNICIPIO, IDBANCO, DIAS_DISPERSION_SL, FREC_DISPERSION_SL, DIAS_DISPERSION_PL, FREC_DISPERSION_PL, DIAS_DISPERSION_SE, FREC_DISPERSION_SE, DIAS_DISPERSION_PE, FREC_DISPERSION_PE)
values ('08573000', '50', 0, 3, 0, 3, 0, 3, 0, 3);
insert into DIAS_DISPERSION (IDMUNICIPIO, IDBANCO, DIAS_DISPERSION_SL, FREC_DISPERSION_SL, DIAS_DISPERSION_PL, FREC_DISPERSION_PL, DIAS_DISPERSION_SE, FREC_DISPERSION_SE, DIAS_DISPERSION_PE, FREC_DISPERSION_PE)
values ('08634000', '50', 0, 3, 0, 3, 0, 3, 0, 3);
insert into DIAS_DISPERSION (IDMUNICIPIO, IDBANCO, DIAS_DISPERSION_SL, FREC_DISPERSION_SL, DIAS_DISPERSION_PL, FREC_DISPERSION_PL, DIAS_DISPERSION_SE, FREC_DISPERSION_SE, DIAS_DISPERSION_PE, FREC_DISPERSION_PE)
values ('13244000', '50', 0, 3, 0, 3, 0, 3, 0, 3);
insert into DIAS_DISPERSION (IDMUNICIPIO, IDBANCO, DIAS_DISPERSION_SL, FREC_DISPERSION_SL, DIAS_DISPERSION_PL, FREC_DISPERSION_PL, DIAS_DISPERSION_SE, FREC_DISPERSION_SE, DIAS_DISPERSION_PE, FREC_DISPERSION_PE)
values ('13468000', '50', 0, 3, 0, 3, 0, 3, 0, 3);
insert into DIAS_DISPERSION (IDMUNICIPIO, IDBANCO, DIAS_DISPERSION_SL, FREC_DISPERSION_SL, DIAS_DISPERSION_PL, FREC_DISPERSION_PL, DIAS_DISPERSION_SE, FREC_DISPERSION_SE, DIAS_DISPERSION_PE, FREC_DISPERSION_PE)
values ('13657000', '50', 0, 3, 0, 3, 0, 3, 0, 3);
insert into DIAS_DISPERSION (IDMUNICIPIO, IDBANCO, DIAS_DISPERSION_SL, FREC_DISPERSION_SL, DIAS_DISPERSION_PL, FREC_DISPERSION_PL, DIAS_DISPERSION_SE, FREC_DISPERSION_SE, DIAS_DISPERSION_PE, FREC_DISPERSION_PE)
values ('13836000', '50', 0, 3, 0, 3, 0, 3, 0, 3);
insert into DIAS_DISPERSION (IDMUNICIPIO, IDBANCO, DIAS_DISPERSION_SL, FREC_DISPERSION_SL, DIAS_DISPERSION_PL, FREC_DISPERSION_PL, DIAS_DISPERSION_SE, FREC_DISPERSION_SE, DIAS_DISPERSION_PE, FREC_DISPERSION_PE)
values ('15000000', '50', 0, 3, 0, 3, 0, 3, 0, 3);
insert into DIAS_DISPERSION (IDMUNICIPIO, IDBANCO, DIAS_DISPERSION_SL, FREC_DISPERSION_SL, DIAS_DISPERSION_PL, FREC_DISPERSION_PL, DIAS_DISPERSION_SE, FREC_DISPERSION_SE, DIAS_DISPERSION_PE, FREC_DISPERSION_PE)
values ('15001000', '50', 0, 3, 0, 3, 0, 3, 0, 3);
insert into DIAS_DISPERSION (IDMUNICIPIO, IDBANCO, DIAS_DISPERSION_SL, FREC_DISPERSION_SL, DIAS_DISPERSION_PL, FREC_DISPERSION_PL, DIAS_DISPERSION_SE, FREC_DISPERSION_SE, DIAS_DISPERSION_PE, FREC_DISPERSION_PE)
values ('15176000', '50', 0, 3, 0, 3, 0, 3, 0, 3);
insert into DIAS_DISPERSION (IDMUNICIPIO, IDBANCO, DIAS_DISPERSION_SL, FREC_DISPERSION_SL, DIAS_DISPERSION_PL, FREC_DISPERSION_PL, DIAS_DISPERSION_SE, FREC_DISPERSION_SE, DIAS_DISPERSION_PE, FREC_DISPERSION_PE)
values ('15204000', '50', 0, 3, 0, 3, 0, 3, 0, 3);
insert into DIAS_DISPERSION (IDMUNICIPIO, IDBANCO, DIAS_DISPERSION_SL, FREC_DISPERSION_SL, DIAS_DISPERSION_PL, FREC_DISPERSION_PL, DIAS_DISPERSION_SE, FREC_DISPERSION_SE, DIAS_DISPERSION_PE, FREC_DISPERSION_PE)
values ('15238000', '50', 0, 3, 0, 3, 0, 3, 0, 3);
insert into DIAS_DISPERSION (IDMUNICIPIO, IDBANCO, DIAS_DISPERSION_SL, FREC_DISPERSION_SL, DIAS_DISPERSION_PL, FREC_DISPERSION_PL, DIAS_DISPERSION_SE, FREC_DISPERSION_SE, DIAS_DISPERSION_PE, FREC_DISPERSION_PE)
values ('15299000', '50', 0, 3, 0, 3, 0, 3, 0, 3);
insert into DIAS_DISPERSION (IDMUNICIPIO, IDBANCO, DIAS_DISPERSION_SL, FREC_DISPERSION_SL, DIAS_DISPERSION_PL, FREC_DISPERSION_PL, DIAS_DISPERSION_SE, FREC_DISPERSION_SE, DIAS_DISPERSION_PE, FREC_DISPERSION_PE)
values ('15322000', '50', 0, 3, 0, 3, 0, 3, 0, 3);
insert into DIAS_DISPERSION (IDMUNICIPIO, IDBANCO, DIAS_DISPERSION_SL, FREC_DISPERSION_SL, DIAS_DISPERSION_PL, FREC_DISPERSION_PL, DIAS_DISPERSION_SE, FREC_DISPERSION_SE, DIAS_DISPERSION_PE, FREC_DISPERSION_PE)
values ('15491000', '50', 0, 3, 0, 3, 0, 3, 0, 3);
insert into DIAS_DISPERSION (IDMUNICIPIO, IDBANCO, DIAS_DISPERSION_SL, FREC_DISPERSION_SL, DIAS_DISPERSION_PL, FREC_DISPERSION_PL, DIAS_DISPERSION_SE, FREC_DISPERSION_SE, DIAS_DISPERSION_PE, FREC_DISPERSION_PE)
values ('15516000', '50', 0, 3, 0, 3, 0, 3, 0, 3);
insert into DIAS_DISPERSION (IDMUNICIPIO, IDBANCO, DIAS_DISPERSION_SL, FREC_DISPERSION_SL, DIAS_DISPERSION_PL, FREC_DISPERSION_PL, DIAS_DISPERSION_SE, FREC_DISPERSION_SE, DIAS_DISPERSION_PE, FREC_DISPERSION_PE)
values ('15572000', '50', 0, 3, 0, 3, 0, 3, 0, 3);
insert into DIAS_DISPERSION (IDMUNICIPIO, IDBANCO, DIAS_DISPERSION_SL, FREC_DISPERSION_SL, DIAS_DISPERSION_PL, FREC_DISPERSION_PL, DIAS_DISPERSION_SE, FREC_DISPERSION_SE, DIAS_DISPERSION_PE, FREC_DISPERSION_PE)
values ('15632000', '50', 0, 3, 0, 3, 0, 3, 0, 3);
insert into DIAS_DISPERSION (IDMUNICIPIO, IDBANCO, DIAS_DISPERSION_SL, FREC_DISPERSION_SL, DIAS_DISPERSION_PL, FREC_DISPERSION_PL, DIAS_DISPERSION_SE, FREC_DISPERSION_SE, DIAS_DISPERSION_PE, FREC_DISPERSION_PE)
values ('15693000', '50', 0, 3, 0, 3, 0, 3, 0, 3);
insert into DIAS_DISPERSION (IDMUNICIPIO, IDBANCO, DIAS_DISPERSION_SL, FREC_DISPERSION_SL, DIAS_DISPERSION_PL, FREC_DISPERSION_PL, DIAS_DISPERSION_SE, FREC_DISPERSION_SE, DIAS_DISPERSION_PE, FREC_DISPERSION_PE)
values ('15759000', '50', 0, 3, 0, 3, 0, 3, 0, 3);
insert into DIAS_DISPERSION (IDMUNICIPIO, IDBANCO, DIAS_DISPERSION_SL, FREC_DISPERSION_SL, DIAS_DISPERSION_PL, FREC_DISPERSION_PL, DIAS_DISPERSION_SE, FREC_DISPERSION_SE, DIAS_DISPERSION_PE, FREC_DISPERSION_PE)
values ('15806000', '50', 0, 3, 0, 3, 0, 3, 0, 3);
insert into DIAS_DISPERSION (IDMUNICIPIO, IDBANCO, DIAS_DISPERSION_SL, FREC_DISPERSION_SL, DIAS_DISPERSION_PL, FREC_DISPERSION_PL, DIAS_DISPERSION_SE, FREC_DISPERSION_SE, DIAS_DISPERSION_PE, FREC_DISPERSION_PE)
values ('17001000', '50', 0, 3, 0, 3, 0, 3, 0, 3);
insert into DIAS_DISPERSION (IDMUNICIPIO, IDBANCO, DIAS_DISPERSION_SL, FREC_DISPERSION_SL, DIAS_DISPERSION_PL, FREC_DISPERSION_PL, DIAS_DISPERSION_SE, FREC_DISPERSION_SE, DIAS_DISPERSION_PE, FREC_DISPERSION_PE)
values ('17013000', '50', 0, 3, 0, 3, 0, 3, 0, 3);
insert into DIAS_DISPERSION (IDMUNICIPIO, IDBANCO, DIAS_DISPERSION_SL, FREC_DISPERSION_SL, DIAS_DISPERSION_PL, FREC_DISPERSION_PL, DIAS_DISPERSION_SE, FREC_DISPERSION_SE, DIAS_DISPERSION_PE, FREC_DISPERSION_PE)
values ('17042000', '50', 0, 3, 0, 3, 0, 3, 0, 3);
insert into DIAS_DISPERSION (IDMUNICIPIO, IDBANCO, DIAS_DISPERSION_SL, FREC_DISPERSION_SL, DIAS_DISPERSION_PL, FREC_DISPERSION_PL, DIAS_DISPERSION_SE, FREC_DISPERSION_SE, DIAS_DISPERSION_PE, FREC_DISPERSION_PE)
values ('17050000', '50', 0, 3, 0, 3, 0, 3, 0, 3);
insert into DIAS_DISPERSION (IDMUNICIPIO, IDBANCO, DIAS_DISPERSION_SL, FREC_DISPERSION_SL, DIAS_DISPERSION_PL, FREC_DISPERSION_PL, DIAS_DISPERSION_SE, FREC_DISPERSION_SE, DIAS_DISPERSION_PE, FREC_DISPERSION_PE)
values ('17174000', '50', 0, 3, 0, 3, 0, 3, 0, 3);
insert into DIAS_DISPERSION (IDMUNICIPIO, IDBANCO, DIAS_DISPERSION_SL, FREC_DISPERSION_SL, DIAS_DISPERSION_PL, FREC_DISPERSION_PL, DIAS_DISPERSION_SE, FREC_DISPERSION_SE, DIAS_DISPERSION_PE, FREC_DISPERSION_PE)
values ('17380000', '50', 0, 3, 0, 3, 0, 3, 0, 3);
insert into DIAS_DISPERSION (IDMUNICIPIO, IDBANCO, DIAS_DISPERSION_SL, FREC_DISPERSION_SL, DIAS_DISPERSION_PL, FREC_DISPERSION_PL, DIAS_DISPERSION_SE, FREC_DISPERSION_SE, DIAS_DISPERSION_PE, FREC_DISPERSION_PE)
values ('17433000', '50', 0, 3, 0, 3, 0, 3, 0, 3);
insert into DIAS_DISPERSION (IDMUNICIPIO, IDBANCO, DIAS_DISPERSION_SL, FREC_DISPERSION_SL, DIAS_DISPERSION_PL, FREC_DISPERSION_PL, DIAS_DISPERSION_SE, FREC_DISPERSION_SE, DIAS_DISPERSION_PE, FREC_DISPERSION_PE)
values ('17486000', '50', 0, 3, 0, 3, 0, 3, 0, 3);
insert into DIAS_DISPERSION (IDMUNICIPIO, IDBANCO, DIAS_DISPERSION_SL, FREC_DISPERSION_SL, DIAS_DISPERSION_PL, FREC_DISPERSION_PL, DIAS_DISPERSION_SE, FREC_DISPERSION_SE, DIAS_DISPERSION_PE, FREC_DISPERSION_PE)
values ('17524000', '50', 0, 3, 0, 3, 0, 3, 0, 3);
insert into DIAS_DISPERSION (IDMUNICIPIO, IDBANCO, DIAS_DISPERSION_SL, FREC_DISPERSION_SL, DIAS_DISPERSION_PL, FREC_DISPERSION_PL, DIAS_DISPERSION_SE, FREC_DISPERSION_SE, DIAS_DISPERSION_PE, FREC_DISPERSION_PE)
values ('17614000', '50', 0, 3, 0, 3, 0, 3, 0, 3);
insert into DIAS_DISPERSION (IDMUNICIPIO, IDBANCO, DIAS_DISPERSION_SL, FREC_DISPERSION_SL, DIAS_DISPERSION_PL, FREC_DISPERSION_PL, DIAS_DISPERSION_SE, FREC_DISPERSION_SE, DIAS_DISPERSION_PE, FREC_DISPERSION_PE)
values ('17616000', '50', 0, 3, 0, 3, 0, 3, 0, 3);
commit;
prompt 800 records committed...
insert into DIAS_DISPERSION (IDMUNICIPIO, IDBANCO, DIAS_DISPERSION_SL, FREC_DISPERSION_SL, DIAS_DISPERSION_PL, FREC_DISPERSION_PL, DIAS_DISPERSION_SE, FREC_DISPERSION_SE, DIAS_DISPERSION_PE, FREC_DISPERSION_PE)
values ('17653000', '50', 0, 3, 0, 3, 0, 3, 0, 3);
insert into DIAS_DISPERSION (IDMUNICIPIO, IDBANCO, DIAS_DISPERSION_SL, FREC_DISPERSION_SL, DIAS_DISPERSION_PL, FREC_DISPERSION_PL, DIAS_DISPERSION_SE, FREC_DISPERSION_SE, DIAS_DISPERSION_PE, FREC_DISPERSION_PE)
values ('17665000', '50', 0, 3, 0, 3, 0, 3, 0, 3);
insert into DIAS_DISPERSION (IDMUNICIPIO, IDBANCO, DIAS_DISPERSION_SL, FREC_DISPERSION_SL, DIAS_DISPERSION_PL, FREC_DISPERSION_PL, DIAS_DISPERSION_SE, FREC_DISPERSION_SE, DIAS_DISPERSION_PE, FREC_DISPERSION_PE)
values ('17777000', '50', 0, 3, 0, 3, 0, 3, 0, 3);
insert into DIAS_DISPERSION (IDMUNICIPIO, IDBANCO, DIAS_DISPERSION_SL, FREC_DISPERSION_SL, DIAS_DISPERSION_PL, FREC_DISPERSION_PL, DIAS_DISPERSION_SE, FREC_DISPERSION_SE, DIAS_DISPERSION_PE, FREC_DISPERSION_PE)
values ('17873000', '50', 0, 3, 0, 3, 0, 3, 0, 3);
insert into DIAS_DISPERSION (IDMUNICIPIO, IDBANCO, DIAS_DISPERSION_SL, FREC_DISPERSION_SL, DIAS_DISPERSION_PL, FREC_DISPERSION_PL, DIAS_DISPERSION_SE, FREC_DISPERSION_SE, DIAS_DISPERSION_PE, FREC_DISPERSION_PE)
values ('17877000', '50', 0, 3, 0, 3, 0, 3, 0, 3);
insert into DIAS_DISPERSION (IDMUNICIPIO, IDBANCO, DIAS_DISPERSION_SL, FREC_DISPERSION_SL, DIAS_DISPERSION_PL, FREC_DISPERSION_PL, DIAS_DISPERSION_SE, FREC_DISPERSION_SE, DIAS_DISPERSION_PE, FREC_DISPERSION_PE)
values ('18001000', '50', 0, 3, 0, 3, 0, 3, 0, 3);
insert into DIAS_DISPERSION (IDMUNICIPIO, IDBANCO, DIAS_DISPERSION_SL, FREC_DISPERSION_SL, DIAS_DISPERSION_PL, FREC_DISPERSION_PL, DIAS_DISPERSION_SE, FREC_DISPERSION_SE, DIAS_DISPERSION_PE, FREC_DISPERSION_PE)
values ('18094000', '50', 0, 3, 0, 3, 0, 3, 0, 3);
insert into DIAS_DISPERSION (IDMUNICIPIO, IDBANCO, DIAS_DISPERSION_SL, FREC_DISPERSION_SL, DIAS_DISPERSION_PL, FREC_DISPERSION_PL, DIAS_DISPERSION_SE, FREC_DISPERSION_SE, DIAS_DISPERSION_PE, FREC_DISPERSION_PE)
values ('18256000', '50', 0, 3, 0, 3, 0, 3, 0, 3);
insert into DIAS_DISPERSION (IDMUNICIPIO, IDBANCO, DIAS_DISPERSION_SL, FREC_DISPERSION_SL, DIAS_DISPERSION_PL, FREC_DISPERSION_PL, DIAS_DISPERSION_SE, FREC_DISPERSION_SE, DIAS_DISPERSION_PE, FREC_DISPERSION_PE)
values ('18753000', '50', 0, 3, 0, 3, 0, 3, 0, 3);
insert into DIAS_DISPERSION (IDMUNICIPIO, IDBANCO, DIAS_DISPERSION_SL, FREC_DISPERSION_SL, DIAS_DISPERSION_PL, FREC_DISPERSION_PL, DIAS_DISPERSION_SE, FREC_DISPERSION_SE, DIAS_DISPERSION_PE, FREC_DISPERSION_PE)
values ('19001000', '50', 0, 3, 0, 3, 0, 3, 0, 3);
insert into DIAS_DISPERSION (IDMUNICIPIO, IDBANCO, DIAS_DISPERSION_SL, FREC_DISPERSION_SL, DIAS_DISPERSION_PL, FREC_DISPERSION_PL, DIAS_DISPERSION_SE, FREC_DISPERSION_SE, DIAS_DISPERSION_PE, FREC_DISPERSION_PE)
values ('05353000', '50', 0, 3, 0, 3, 0, 3, 0, 3);
insert into DIAS_DISPERSION (IDMUNICIPIO, IDBANCO, DIAS_DISPERSION_SL, FREC_DISPERSION_SL, DIAS_DISPERSION_PL, FREC_DISPERSION_PL, DIAS_DISPERSION_SE, FREC_DISPERSION_SE, DIAS_DISPERSION_PE, FREC_DISPERSION_PE)
values ('19130000', '50', 0, 3, 0, 3, 0, 3, 0, 3);
insert into DIAS_DISPERSION (IDMUNICIPIO, IDBANCO, DIAS_DISPERSION_SL, FREC_DISPERSION_SL, DIAS_DISPERSION_PL, FREC_DISPERSION_PL, DIAS_DISPERSION_SE, FREC_DISPERSION_SE, DIAS_DISPERSION_PE, FREC_DISPERSION_PE)
values ('19137000', '50', 0, 3, 0, 3, 0, 3, 0, 3);
insert into DIAS_DISPERSION (IDMUNICIPIO, IDBANCO, DIAS_DISPERSION_SL, FREC_DISPERSION_SL, DIAS_DISPERSION_PL, FREC_DISPERSION_PL, DIAS_DISPERSION_SE, FREC_DISPERSION_SE, DIAS_DISPERSION_PE, FREC_DISPERSION_PE)
values ('19142000', '50', 0, 3, 0, 3, 0, 3, 0, 3);
insert into DIAS_DISPERSION (IDMUNICIPIO, IDBANCO, DIAS_DISPERSION_SL, FREC_DISPERSION_SL, DIAS_DISPERSION_PL, FREC_DISPERSION_PL, DIAS_DISPERSION_SE, FREC_DISPERSION_SE, DIAS_DISPERSION_PE, FREC_DISPERSION_PE)
values ('19256000', '50', 0, 3, 0, 3, 0, 3, 0, 3);
insert into DIAS_DISPERSION (IDMUNICIPIO, IDBANCO, DIAS_DISPERSION_SL, FREC_DISPERSION_SL, DIAS_DISPERSION_PL, FREC_DISPERSION_PL, DIAS_DISPERSION_SE, FREC_DISPERSION_SE, DIAS_DISPERSION_PE, FREC_DISPERSION_PE)
values ('19450000', '50', 0, 3, 0, 3, 0, 3, 0, 3);
insert into DIAS_DISPERSION (IDMUNICIPIO, IDBANCO, DIAS_DISPERSION_SL, FREC_DISPERSION_SL, DIAS_DISPERSION_PL, FREC_DISPERSION_PL, DIAS_DISPERSION_SE, FREC_DISPERSION_SE, DIAS_DISPERSION_PE, FREC_DISPERSION_PE)
values ('19455000', '50', 0, 3, 0, 3, 0, 3, 0, 3);
insert into DIAS_DISPERSION (IDMUNICIPIO, IDBANCO, DIAS_DISPERSION_SL, FREC_DISPERSION_SL, DIAS_DISPERSION_PL, FREC_DISPERSION_PL, DIAS_DISPERSION_SE, FREC_DISPERSION_SE, DIAS_DISPERSION_PE, FREC_DISPERSION_PE)
values ('19532000', '50', 0, 3, 0, 3, 0, 3, 0, 3);
insert into DIAS_DISPERSION (IDMUNICIPIO, IDBANCO, DIAS_DISPERSION_SL, FREC_DISPERSION_SL, DIAS_DISPERSION_PL, FREC_DISPERSION_PL, DIAS_DISPERSION_SE, FREC_DISPERSION_SE, DIAS_DISPERSION_PE, FREC_DISPERSION_PE)
values ('19548000', '50', 0, 3, 0, 3, 0, 3, 0, 3);
insert into DIAS_DISPERSION (IDMUNICIPIO, IDBANCO, DIAS_DISPERSION_SL, FREC_DISPERSION_SL, DIAS_DISPERSION_PL, FREC_DISPERSION_PL, DIAS_DISPERSION_SE, FREC_DISPERSION_SE, DIAS_DISPERSION_PE, FREC_DISPERSION_PE)
values ('19573000', '50', 0, 3, 0, 3, 0, 3, 0, 3);
insert into DIAS_DISPERSION (IDMUNICIPIO, IDBANCO, DIAS_DISPERSION_SL, FREC_DISPERSION_SL, DIAS_DISPERSION_PL, FREC_DISPERSION_PL, DIAS_DISPERSION_SE, FREC_DISPERSION_SE, DIAS_DISPERSION_PE, FREC_DISPERSION_PE)
values ('19622000', '50', 0, 3, 0, 3, 0, 3, 0, 3);
insert into DIAS_DISPERSION (IDMUNICIPIO, IDBANCO, DIAS_DISPERSION_SL, FREC_DISPERSION_SL, DIAS_DISPERSION_PL, FREC_DISPERSION_PL, DIAS_DISPERSION_SE, FREC_DISPERSION_SE, DIAS_DISPERSION_PE, FREC_DISPERSION_PE)
values ('19698000', '50', 0, 3, 0, 3, 0, 3, 0, 3);
insert into DIAS_DISPERSION (IDMUNICIPIO, IDBANCO, DIAS_DISPERSION_SL, FREC_DISPERSION_SL, DIAS_DISPERSION_PL, FREC_DISPERSION_PL, DIAS_DISPERSION_SE, FREC_DISPERSION_SE, DIAS_DISPERSION_PE, FREC_DISPERSION_PE)
values ('19743000', '50', 0, 3, 0, 3, 0, 3, 0, 3);
insert into DIAS_DISPERSION (IDMUNICIPIO, IDBANCO, DIAS_DISPERSION_SL, FREC_DISPERSION_SL, DIAS_DISPERSION_PL, FREC_DISPERSION_PL, DIAS_DISPERSION_SE, FREC_DISPERSION_SE, DIAS_DISPERSION_PE, FREC_DISPERSION_PE)
values ('19807000', '50', 0, 3, 0, 3, 0, 3, 0, 3);
insert into DIAS_DISPERSION (IDMUNICIPIO, IDBANCO, DIAS_DISPERSION_SL, FREC_DISPERSION_SL, DIAS_DISPERSION_PL, FREC_DISPERSION_PL, DIAS_DISPERSION_SE, FREC_DISPERSION_SE, DIAS_DISPERSION_PE, FREC_DISPERSION_PE)
values ('19824000', '50', 0, 3, 0, 3, 0, 3, 0, 3);
insert into DIAS_DISPERSION (IDMUNICIPIO, IDBANCO, DIAS_DISPERSION_SL, FREC_DISPERSION_SL, DIAS_DISPERSION_PL, FREC_DISPERSION_PL, DIAS_DISPERSION_SE, FREC_DISPERSION_SE, DIAS_DISPERSION_PE, FREC_DISPERSION_PE)
values ('19873000', '50', 0, 3, 0, 3, 0, 3, 0, 3);
insert into DIAS_DISPERSION (IDMUNICIPIO, IDBANCO, DIAS_DISPERSION_SL, FREC_DISPERSION_SL, DIAS_DISPERSION_PL, FREC_DISPERSION_PL, DIAS_DISPERSION_SE, FREC_DISPERSION_SE, DIAS_DISPERSION_PE, FREC_DISPERSION_PE)
values ('19992000', '50', 0, 3, 0, 3, 0, 3, 0, 3);
insert into DIAS_DISPERSION (IDMUNICIPIO, IDBANCO, DIAS_DISPERSION_SL, FREC_DISPERSION_SL, DIAS_DISPERSION_PL, FREC_DISPERSION_PL, DIAS_DISPERSION_SE, FREC_DISPERSION_SE, DIAS_DISPERSION_PE, FREC_DISPERSION_PE)
values ('20001000', '50', 0, 3, 0, 3, 0, 3, 0, 3);
insert into DIAS_DISPERSION (IDMUNICIPIO, IDBANCO, DIAS_DISPERSION_SL, FREC_DISPERSION_SL, DIAS_DISPERSION_PL, FREC_DISPERSION_PL, DIAS_DISPERSION_SE, FREC_DISPERSION_SE, DIAS_DISPERSION_PE, FREC_DISPERSION_PE)
values ('20011000', '50', 0, 3, 0, 3, 0, 3, 0, 3);
insert into DIAS_DISPERSION (IDMUNICIPIO, IDBANCO, DIAS_DISPERSION_SL, FREC_DISPERSION_SL, DIAS_DISPERSION_PL, FREC_DISPERSION_PL, DIAS_DISPERSION_SE, FREC_DISPERSION_SE, DIAS_DISPERSION_PE, FREC_DISPERSION_PE)
values ('20013000', '50', 0, 3, 0, 3, 0, 3, 0, 3);
insert into DIAS_DISPERSION (IDMUNICIPIO, IDBANCO, DIAS_DISPERSION_SL, FREC_DISPERSION_SL, DIAS_DISPERSION_PL, FREC_DISPERSION_PL, DIAS_DISPERSION_SE, FREC_DISPERSION_SE, DIAS_DISPERSION_PE, FREC_DISPERSION_PE)
values ('20060000', '50', 0, 3, 0, 3, 0, 3, 0, 3);
insert into DIAS_DISPERSION (IDMUNICIPIO, IDBANCO, DIAS_DISPERSION_SL, FREC_DISPERSION_SL, DIAS_DISPERSION_PL, FREC_DISPERSION_PL, DIAS_DISPERSION_SE, FREC_DISPERSION_SE, DIAS_DISPERSION_PE, FREC_DISPERSION_PE)
values ('20178000', '50', 0, 3, 0, 3, 0, 3, 0, 3);
insert into DIAS_DISPERSION (IDMUNICIPIO, IDBANCO, DIAS_DISPERSION_SL, FREC_DISPERSION_SL, DIAS_DISPERSION_PL, FREC_DISPERSION_PL, DIAS_DISPERSION_SE, FREC_DISPERSION_SE, DIAS_DISPERSION_PE, FREC_DISPERSION_PE)
values ('20228000', '50', 0, 3, 0, 3, 0, 3, 0, 3);
insert into DIAS_DISPERSION (IDMUNICIPIO, IDBANCO, DIAS_DISPERSION_SL, FREC_DISPERSION_SL, DIAS_DISPERSION_PL, FREC_DISPERSION_PL, DIAS_DISPERSION_SE, FREC_DISPERSION_SE, DIAS_DISPERSION_PE, FREC_DISPERSION_PE)
values ('20517000', '50', 0, 3, 0, 3, 0, 3, 0, 3);
insert into DIAS_DISPERSION (IDMUNICIPIO, IDBANCO, DIAS_DISPERSION_SL, FREC_DISPERSION_SL, DIAS_DISPERSION_PL, FREC_DISPERSION_PL, DIAS_DISPERSION_SE, FREC_DISPERSION_SE, DIAS_DISPERSION_PE, FREC_DISPERSION_PE)
values ('20621000', '50', 0, 3, 0, 3, 0, 3, 0, 3);
insert into DIAS_DISPERSION (IDMUNICIPIO, IDBANCO, DIAS_DISPERSION_SL, FREC_DISPERSION_SL, DIAS_DISPERSION_PL, FREC_DISPERSION_PL, DIAS_DISPERSION_SE, FREC_DISPERSION_SE, DIAS_DISPERSION_PE, FREC_DISPERSION_PE)
values ('20710000', '50', 0, 3, 0, 3, 0, 3, 0, 3);
insert into DIAS_DISPERSION (IDMUNICIPIO, IDBANCO, DIAS_DISPERSION_SL, FREC_DISPERSION_SL, DIAS_DISPERSION_PL, FREC_DISPERSION_PL, DIAS_DISPERSION_SE, FREC_DISPERSION_SE, DIAS_DISPERSION_PE, FREC_DISPERSION_PE)
values ('23000000', '50', 0, 3, 0, 3, 0, 3, 0, 3);
insert into DIAS_DISPERSION (IDMUNICIPIO, IDBANCO, DIAS_DISPERSION_SL, FREC_DISPERSION_SL, DIAS_DISPERSION_PL, FREC_DISPERSION_PL, DIAS_DISPERSION_SE, FREC_DISPERSION_SE, DIAS_DISPERSION_PE, FREC_DISPERSION_PE)
values ('23001000', '50', 0, 3, 0, 3, 0, 3, 0, 3);
insert into DIAS_DISPERSION (IDMUNICIPIO, IDBANCO, DIAS_DISPERSION_SL, FREC_DISPERSION_SL, DIAS_DISPERSION_PL, FREC_DISPERSION_PL, DIAS_DISPERSION_SE, FREC_DISPERSION_SE, DIAS_DISPERSION_PE, FREC_DISPERSION_PE)
values ('23162000', '50', 0, 3, 0, 3, 0, 3, 0, 3);
insert into DIAS_DISPERSION (IDMUNICIPIO, IDBANCO, DIAS_DISPERSION_SL, FREC_DISPERSION_SL, DIAS_DISPERSION_PL, FREC_DISPERSION_PL, DIAS_DISPERSION_SE, FREC_DISPERSION_SE, DIAS_DISPERSION_PE, FREC_DISPERSION_PE)
values ('23417000', '50', 0, 3, 0, 3, 0, 3, 0, 3);
insert into DIAS_DISPERSION (IDMUNICIPIO, IDBANCO, DIAS_DISPERSION_SL, FREC_DISPERSION_SL, DIAS_DISPERSION_PL, FREC_DISPERSION_PL, DIAS_DISPERSION_SE, FREC_DISPERSION_SE, DIAS_DISPERSION_PE, FREC_DISPERSION_PE)
values ('23555000', '50', 0, 3, 0, 3, 0, 3, 0, 3);
insert into DIAS_DISPERSION (IDMUNICIPIO, IDBANCO, DIAS_DISPERSION_SL, FREC_DISPERSION_SL, DIAS_DISPERSION_PL, FREC_DISPERSION_PL, DIAS_DISPERSION_SE, FREC_DISPERSION_SE, DIAS_DISPERSION_PE, FREC_DISPERSION_PE)
values ('23660000', '50', 0, 3, 0, 3, 0, 3, 0, 3);
insert into DIAS_DISPERSION (IDMUNICIPIO, IDBANCO, DIAS_DISPERSION_SL, FREC_DISPERSION_SL, DIAS_DISPERSION_PL, FREC_DISPERSION_PL, DIAS_DISPERSION_SE, FREC_DISPERSION_SE, DIAS_DISPERSION_PE, FREC_DISPERSION_PE)
values ('25000000', '50', 0, 3, 0, 3, 0, 3, 0, 3);
insert into DIAS_DISPERSION (IDMUNICIPIO, IDBANCO, DIAS_DISPERSION_SL, FREC_DISPERSION_SL, DIAS_DISPERSION_PL, FREC_DISPERSION_PL, DIAS_DISPERSION_SE, FREC_DISPERSION_SE, DIAS_DISPERSION_PE, FREC_DISPERSION_PE)
values ('25151000', '50', 0, 3, 0, 3, 0, 1, 0, 1);
insert into DIAS_DISPERSION (IDMUNICIPIO, IDBANCO, DIAS_DISPERSION_SL, FREC_DISPERSION_SL, DIAS_DISPERSION_PL, FREC_DISPERSION_PL, DIAS_DISPERSION_SE, FREC_DISPERSION_SE, DIAS_DISPERSION_PE, FREC_DISPERSION_PE)
values ('25175000', '50', 0, 3, 0, 3, 0, 3, 0, 3);
insert into DIAS_DISPERSION (IDMUNICIPIO, IDBANCO, DIAS_DISPERSION_SL, FREC_DISPERSION_SL, DIAS_DISPERSION_PL, FREC_DISPERSION_PL, DIAS_DISPERSION_SE, FREC_DISPERSION_SE, DIAS_DISPERSION_PE, FREC_DISPERSION_PE)
values ('25183000', '50', 0, 3, 0, 3, 0, 1, 0, 1);
insert into DIAS_DISPERSION (IDMUNICIPIO, IDBANCO, DIAS_DISPERSION_SL, FREC_DISPERSION_SL, DIAS_DISPERSION_PL, FREC_DISPERSION_PL, DIAS_DISPERSION_SE, FREC_DISPERSION_SE, DIAS_DISPERSION_PE, FREC_DISPERSION_PE)
values ('25214000', '50', 0, 3, 0, 3, 0, 1, 0, 1);
insert into DIAS_DISPERSION (IDMUNICIPIO, IDBANCO, DIAS_DISPERSION_SL, FREC_DISPERSION_SL, DIAS_DISPERSION_PL, FREC_DISPERSION_PL, DIAS_DISPERSION_SE, FREC_DISPERSION_SE, DIAS_DISPERSION_PE, FREC_DISPERSION_PE)
values ('25260000', '50', 0, 3, 0, 3, 0, 1, 0, 1);
insert into DIAS_DISPERSION (IDMUNICIPIO, IDBANCO, DIAS_DISPERSION_SL, FREC_DISPERSION_SL, DIAS_DISPERSION_PL, FREC_DISPERSION_PL, DIAS_DISPERSION_SE, FREC_DISPERSION_SE, DIAS_DISPERSION_PE, FREC_DISPERSION_PE)
values ('25269000', '50', 0, 3, 0, 3, 0, 3, 0, 3);
insert into DIAS_DISPERSION (IDMUNICIPIO, IDBANCO, DIAS_DISPERSION_SL, FREC_DISPERSION_SL, DIAS_DISPERSION_PL, FREC_DISPERSION_PL, DIAS_DISPERSION_SE, FREC_DISPERSION_SE, DIAS_DISPERSION_PE, FREC_DISPERSION_PE)
values ('25290000', '50', 0, 3, 0, 3, 0, 3, 0, 3);
insert into DIAS_DISPERSION (IDMUNICIPIO, IDBANCO, DIAS_DISPERSION_SL, FREC_DISPERSION_SL, DIAS_DISPERSION_PL, FREC_DISPERSION_PL, DIAS_DISPERSION_SE, FREC_DISPERSION_SE, DIAS_DISPERSION_PE, FREC_DISPERSION_PE)
values ('25307000', '50', 0, 3, 0, 3, 0, 3, 0, 3);
insert into DIAS_DISPERSION (IDMUNICIPIO, IDBANCO, DIAS_DISPERSION_SL, FREC_DISPERSION_SL, DIAS_DISPERSION_PL, FREC_DISPERSION_PL, DIAS_DISPERSION_SE, FREC_DISPERSION_SE, DIAS_DISPERSION_PE, FREC_DISPERSION_PE)
values ('25335000', '50', 0, 3, 0, 3, 0, 3, 0, 3);
insert into DIAS_DISPERSION (IDMUNICIPIO, IDBANCO, DIAS_DISPERSION_SL, FREC_DISPERSION_SL, DIAS_DISPERSION_PL, FREC_DISPERSION_PL, DIAS_DISPERSION_SE, FREC_DISPERSION_SE, DIAS_DISPERSION_PE, FREC_DISPERSION_PE)
values ('25377000', '50', 0, 3, 0, 3, 0, 1, 0, 1);
insert into DIAS_DISPERSION (IDMUNICIPIO, IDBANCO, DIAS_DISPERSION_SL, FREC_DISPERSION_SL, DIAS_DISPERSION_PL, FREC_DISPERSION_PL, DIAS_DISPERSION_SE, FREC_DISPERSION_SE, DIAS_DISPERSION_PE, FREC_DISPERSION_PE)
values ('25473000', '50', 0, 3, 0, 3, 0, 1, 0, 1);
insert into DIAS_DISPERSION (IDMUNICIPIO, IDBANCO, DIAS_DISPERSION_SL, FREC_DISPERSION_SL, DIAS_DISPERSION_PL, FREC_DISPERSION_PL, DIAS_DISPERSION_SE, FREC_DISPERSION_SE, DIAS_DISPERSION_PE, FREC_DISPERSION_PE)
values ('25513000', '50', 0, 3, 0, 3, 0, 3, 0, 3);
insert into DIAS_DISPERSION (IDMUNICIPIO, IDBANCO, DIAS_DISPERSION_SL, FREC_DISPERSION_SL, DIAS_DISPERSION_PL, FREC_DISPERSION_PL, DIAS_DISPERSION_SE, FREC_DISPERSION_SE, DIAS_DISPERSION_PE, FREC_DISPERSION_PE)
values ('25572000', '50', 0, 3, 0, 3, 0, 3, 0, 3);
insert into DIAS_DISPERSION (IDMUNICIPIO, IDBANCO, DIAS_DISPERSION_SL, FREC_DISPERSION_SL, DIAS_DISPERSION_PL, FREC_DISPERSION_PL, DIAS_DISPERSION_SE, FREC_DISPERSION_SE, DIAS_DISPERSION_PE, FREC_DISPERSION_PE)
values ('25612000', '50', 0, 3, 0, 3, 0, 1, 0, 1);
insert into DIAS_DISPERSION (IDMUNICIPIO, IDBANCO, DIAS_DISPERSION_SL, FREC_DISPERSION_SL, DIAS_DISPERSION_PL, FREC_DISPERSION_PL, DIAS_DISPERSION_SE, FREC_DISPERSION_SE, DIAS_DISPERSION_PE, FREC_DISPERSION_PE)
values ('25754000', '50', 0, 3, 0, 3, 0, 1, 0, 1);
insert into DIAS_DISPERSION (IDMUNICIPIO, IDBANCO, DIAS_DISPERSION_SL, FREC_DISPERSION_SL, DIAS_DISPERSION_PL, FREC_DISPERSION_PL, DIAS_DISPERSION_SE, FREC_DISPERSION_SE, DIAS_DISPERSION_PE, FREC_DISPERSION_PE)
values ('25843000', '50', 0, 3, 0, 3, 0, 3, 0, 3);
insert into DIAS_DISPERSION (IDMUNICIPIO, IDBANCO, DIAS_DISPERSION_SL, FREC_DISPERSION_SL, DIAS_DISPERSION_PL, FREC_DISPERSION_PL, DIAS_DISPERSION_SE, FREC_DISPERSION_SE, DIAS_DISPERSION_PE, FREC_DISPERSION_PE)
values ('25875000', '50', 0, 3, 0, 3, 0, 1, 0, 1);
insert into DIAS_DISPERSION (IDMUNICIPIO, IDBANCO, DIAS_DISPERSION_SL, FREC_DISPERSION_SL, DIAS_DISPERSION_PL, FREC_DISPERSION_PL, DIAS_DISPERSION_SE, FREC_DISPERSION_SE, DIAS_DISPERSION_PE, FREC_DISPERSION_PE)
values ('25899000', '50', 0, 3, 0, 3, 0, 1, 0, 1);
insert into DIAS_DISPERSION (IDMUNICIPIO, IDBANCO, DIAS_DISPERSION_SL, FREC_DISPERSION_SL, DIAS_DISPERSION_PL, FREC_DISPERSION_PL, DIAS_DISPERSION_SE, FREC_DISPERSION_SE, DIAS_DISPERSION_PE, FREC_DISPERSION_PE)
values ('27000000', '50', 0, 3, 0, 3, 0, 3, 0, 3);
insert into DIAS_DISPERSION (IDMUNICIPIO, IDBANCO, DIAS_DISPERSION_SL, FREC_DISPERSION_SL, DIAS_DISPERSION_PL, FREC_DISPERSION_PL, DIAS_DISPERSION_SE, FREC_DISPERSION_SE, DIAS_DISPERSION_PE, FREC_DISPERSION_PE)
values ('27001000', '50', 0, 3, 0, 3, 0, 3, 0, 3);
insert into DIAS_DISPERSION (IDMUNICIPIO, IDBANCO, DIAS_DISPERSION_SL, FREC_DISPERSION_SL, DIAS_DISPERSION_PL, FREC_DISPERSION_PL, DIAS_DISPERSION_SE, FREC_DISPERSION_SE, DIAS_DISPERSION_PE, FREC_DISPERSION_PE)
values ('41000000', '50', 0, 3, 0, 3, 0, 3, 0, 3);
insert into DIAS_DISPERSION (IDMUNICIPIO, IDBANCO, DIAS_DISPERSION_SL, FREC_DISPERSION_SL, DIAS_DISPERSION_PL, FREC_DISPERSION_PL, DIAS_DISPERSION_SE, FREC_DISPERSION_SE, DIAS_DISPERSION_PE, FREC_DISPERSION_PE)
values ('41001000', '50', 0, 3, 0, 3, 0, 3, 0, 3);
insert into DIAS_DISPERSION (IDMUNICIPIO, IDBANCO, DIAS_DISPERSION_SL, FREC_DISPERSION_SL, DIAS_DISPERSION_PL, FREC_DISPERSION_PL, DIAS_DISPERSION_SE, FREC_DISPERSION_SE, DIAS_DISPERSION_PE, FREC_DISPERSION_PE)
values ('41016000', '50', 0, 3, 0, 3, 0, 3, 0, 3);
insert into DIAS_DISPERSION (IDMUNICIPIO, IDBANCO, DIAS_DISPERSION_SL, FREC_DISPERSION_SL, DIAS_DISPERSION_PL, FREC_DISPERSION_PL, DIAS_DISPERSION_SE, FREC_DISPERSION_SE, DIAS_DISPERSION_PE, FREC_DISPERSION_PE)
values ('41132000', '50', 0, 3, 0, 3, 0, 3, 0, 3);
insert into DIAS_DISPERSION (IDMUNICIPIO, IDBANCO, DIAS_DISPERSION_SL, FREC_DISPERSION_SL, DIAS_DISPERSION_PL, FREC_DISPERSION_PL, DIAS_DISPERSION_SE, FREC_DISPERSION_SE, DIAS_DISPERSION_PE, FREC_DISPERSION_PE)
values ('41298000', '50', 0, 3, 0, 3, 0, 3, 0, 3);
insert into DIAS_DISPERSION (IDMUNICIPIO, IDBANCO, DIAS_DISPERSION_SL, FREC_DISPERSION_SL, DIAS_DISPERSION_PL, FREC_DISPERSION_PL, DIAS_DISPERSION_SE, FREC_DISPERSION_SE, DIAS_DISPERSION_PE, FREC_DISPERSION_PE)
values ('41319000', '50', 0, 3, 0, 3, 0, 3, 0, 3);
insert into DIAS_DISPERSION (IDMUNICIPIO, IDBANCO, DIAS_DISPERSION_SL, FREC_DISPERSION_SL, DIAS_DISPERSION_PL, FREC_DISPERSION_PL, DIAS_DISPERSION_SE, FREC_DISPERSION_SE, DIAS_DISPERSION_PE, FREC_DISPERSION_PE)
values ('41396000', '50', 0, 3, 0, 3, 0, 3, 0, 3);
insert into DIAS_DISPERSION (IDMUNICIPIO, IDBANCO, DIAS_DISPERSION_SL, FREC_DISPERSION_SL, DIAS_DISPERSION_PL, FREC_DISPERSION_PL, DIAS_DISPERSION_SE, FREC_DISPERSION_SE, DIAS_DISPERSION_PE, FREC_DISPERSION_PE)
values ('41524000', '50', 0, 3, 0, 3, 0, 3, 0, 3);
insert into DIAS_DISPERSION (IDMUNICIPIO, IDBANCO, DIAS_DISPERSION_SL, FREC_DISPERSION_SL, DIAS_DISPERSION_PL, FREC_DISPERSION_PL, DIAS_DISPERSION_SE, FREC_DISPERSION_SE, DIAS_DISPERSION_PE, FREC_DISPERSION_PE)
values ('41551000', '50', 0, 3, 0, 3, 0, 3, 0, 3);
insert into DIAS_DISPERSION (IDMUNICIPIO, IDBANCO, DIAS_DISPERSION_SL, FREC_DISPERSION_SL, DIAS_DISPERSION_PL, FREC_DISPERSION_PL, DIAS_DISPERSION_SE, FREC_DISPERSION_SE, DIAS_DISPERSION_PE, FREC_DISPERSION_PE)
values ('41791000', '50', 0, 3, 0, 3, 0, 3, 0, 3);
insert into DIAS_DISPERSION (IDMUNICIPIO, IDBANCO, DIAS_DISPERSION_SL, FREC_DISPERSION_SL, DIAS_DISPERSION_PL, FREC_DISPERSION_PL, DIAS_DISPERSION_SE, FREC_DISPERSION_SE, DIAS_DISPERSION_PE, FREC_DISPERSION_PE)
values ('41807000', '50', 0, 3, 0, 3, 0, 3, 0, 3);
insert into DIAS_DISPERSION (IDMUNICIPIO, IDBANCO, DIAS_DISPERSION_SL, FREC_DISPERSION_SL, DIAS_DISPERSION_PL, FREC_DISPERSION_PL, DIAS_DISPERSION_SE, FREC_DISPERSION_SE, DIAS_DISPERSION_PE, FREC_DISPERSION_PE)
values ('44000000', '50', 0, 3, 0, 3, 0, 3, 0, 3);
insert into DIAS_DISPERSION (IDMUNICIPIO, IDBANCO, DIAS_DISPERSION_SL, FREC_DISPERSION_SL, DIAS_DISPERSION_PL, FREC_DISPERSION_PL, DIAS_DISPERSION_SE, FREC_DISPERSION_SE, DIAS_DISPERSION_PE, FREC_DISPERSION_PE)
values ('44001000', '50', 0, 3, 0, 3, 0, 3, 0, 3);
insert into DIAS_DISPERSION (IDMUNICIPIO, IDBANCO, DIAS_DISPERSION_SL, FREC_DISPERSION_SL, DIAS_DISPERSION_PL, FREC_DISPERSION_PL, DIAS_DISPERSION_SE, FREC_DISPERSION_SE, DIAS_DISPERSION_PE, FREC_DISPERSION_PE)
values ('47001000', '50', 0, 3, 0, 3, 6, 0, 6, 0);
insert into DIAS_DISPERSION (IDMUNICIPIO, IDBANCO, DIAS_DISPERSION_SL, FREC_DISPERSION_SL, DIAS_DISPERSION_PL, FREC_DISPERSION_PL, DIAS_DISPERSION_SE, FREC_DISPERSION_SE, DIAS_DISPERSION_PE, FREC_DISPERSION_PE)
values ('47053000', '50', 0, 3, 0, 3, 0, 3, 0, 3);
insert into DIAS_DISPERSION (IDMUNICIPIO, IDBANCO, DIAS_DISPERSION_SL, FREC_DISPERSION_SL, DIAS_DISPERSION_PL, FREC_DISPERSION_PL, DIAS_DISPERSION_SE, FREC_DISPERSION_SE, DIAS_DISPERSION_PE, FREC_DISPERSION_PE)
values ('47189000', '50', 0, 3, 0, 3, 0, 2, 0, 2);
insert into DIAS_DISPERSION (IDMUNICIPIO, IDBANCO, DIAS_DISPERSION_SL, FREC_DISPERSION_SL, DIAS_DISPERSION_PL, FREC_DISPERSION_PL, DIAS_DISPERSION_SE, FREC_DISPERSION_SE, DIAS_DISPERSION_PE, FREC_DISPERSION_PE)
values ('47245000', '50', 0, 3, 0, 3, 0, 3, 0, 3);
insert into DIAS_DISPERSION (IDMUNICIPIO, IDBANCO, DIAS_DISPERSION_SL, FREC_DISPERSION_SL, DIAS_DISPERSION_PL, FREC_DISPERSION_PL, DIAS_DISPERSION_SE, FREC_DISPERSION_SE, DIAS_DISPERSION_PE, FREC_DISPERSION_PE)
values ('08638000', '50', 0, 3, 0, 3, 0, 3, 0, 3);
insert into DIAS_DISPERSION (IDMUNICIPIO, IDBANCO, DIAS_DISPERSION_SL, FREC_DISPERSION_SL, DIAS_DISPERSION_PL, FREC_DISPERSION_PL, DIAS_DISPERSION_SE, FREC_DISPERSION_SE, DIAS_DISPERSION_PE, FREC_DISPERSION_PE)
values ('08685000', '50', 0, 3, 0, 3, 0, 3, 0, 3);
insert into DIAS_DISPERSION (IDMUNICIPIO, IDBANCO, DIAS_DISPERSION_SL, FREC_DISPERSION_SL, DIAS_DISPERSION_PL, FREC_DISPERSION_PL, DIAS_DISPERSION_SE, FREC_DISPERSION_SE, DIAS_DISPERSION_PE, FREC_DISPERSION_PE)
values ('08758000', '50', 0, 3, 0, 3, 0, 3, 0, 3);
insert into DIAS_DISPERSION (IDMUNICIPIO, IDBANCO, DIAS_DISPERSION_SL, FREC_DISPERSION_SL, DIAS_DISPERSION_PL, FREC_DISPERSION_PL, DIAS_DISPERSION_SE, FREC_DISPERSION_SE, DIAS_DISPERSION_PE, FREC_DISPERSION_PE)
values ('08770000', '50', 0, 3, 0, 3, 0, 3, 0, 3);
insert into DIAS_DISPERSION (IDMUNICIPIO, IDBANCO, DIAS_DISPERSION_SL, FREC_DISPERSION_SL, DIAS_DISPERSION_PL, FREC_DISPERSION_PL, DIAS_DISPERSION_SE, FREC_DISPERSION_SE, DIAS_DISPERSION_PE, FREC_DISPERSION_PE)
values ('08849000', '50', 0, 3, 0, 3, 0, 3, 0, 3);
insert into DIAS_DISPERSION (IDMUNICIPIO, IDBANCO, DIAS_DISPERSION_SL, FREC_DISPERSION_SL, DIAS_DISPERSION_PL, FREC_DISPERSION_PL, DIAS_DISPERSION_SE, FREC_DISPERSION_SE, DIAS_DISPERSION_PE, FREC_DISPERSION_PE)
values ('11001000', '50', 0, 3, 0, 3, 0, 1, 0, 1);
insert into DIAS_DISPERSION (IDMUNICIPIO, IDBANCO, DIAS_DISPERSION_SL, FREC_DISPERSION_SL, DIAS_DISPERSION_PL, FREC_DISPERSION_PL, DIAS_DISPERSION_SE, FREC_DISPERSION_SE, DIAS_DISPERSION_PE, FREC_DISPERSION_PE)
values ('13000000', '50', 0, 3, 0, 3, 0, 3, 0, 3);
insert into DIAS_DISPERSION (IDMUNICIPIO, IDBANCO, DIAS_DISPERSION_SL, FREC_DISPERSION_SL, DIAS_DISPERSION_PL, FREC_DISPERSION_PL, DIAS_DISPERSION_SE, FREC_DISPERSION_SE, DIAS_DISPERSION_PE, FREC_DISPERSION_PE)
values ('13001000', '50', 0, 3, 0, 3, 0, 3, 0, 3);
insert into DIAS_DISPERSION (IDMUNICIPIO, IDBANCO, DIAS_DISPERSION_SL, FREC_DISPERSION_SL, DIAS_DISPERSION_PL, FREC_DISPERSION_PL, DIAS_DISPERSION_SE, FREC_DISPERSION_SE, DIAS_DISPERSION_PE, FREC_DISPERSION_PE)
values ('13052000', '50', 0, 3, 0, 3, 0, 3, 0, 3);
insert into DIAS_DISPERSION (IDMUNICIPIO, IDBANCO, DIAS_DISPERSION_SL, FREC_DISPERSION_SL, DIAS_DISPERSION_PL, FREC_DISPERSION_PL, DIAS_DISPERSION_SE, FREC_DISPERSION_SE, DIAS_DISPERSION_PE, FREC_DISPERSION_PE)
values ('13222000', '50', 0, 3, 0, 3, 0, 3, 0, 3);
insert into DIAS_DISPERSION (IDMUNICIPIO, IDBANCO, DIAS_DISPERSION_SL, FREC_DISPERSION_SL, DIAS_DISPERSION_PL, FREC_DISPERSION_PL, DIAS_DISPERSION_SE, FREC_DISPERSION_SE, DIAS_DISPERSION_PE, FREC_DISPERSION_PE)
values ('19100000', '50', 0, 3, 0, 3, 0, 3, 0, 3);
insert into DIAS_DISPERSION (IDMUNICIPIO, IDBANCO, DIAS_DISPERSION_SL, FREC_DISPERSION_SL, DIAS_DISPERSION_PL, FREC_DISPERSION_PL, DIAS_DISPERSION_SE, FREC_DISPERSION_SE, DIAS_DISPERSION_PE, FREC_DISPERSION_PE)
values ('05044000', '50', 0, 3, 0, 3, 0, 3, 0, 3);
insert into DIAS_DISPERSION (IDMUNICIPIO, IDBANCO, DIAS_DISPERSION_SL, FREC_DISPERSION_SL, DIAS_DISPERSION_PL, FREC_DISPERSION_PL, DIAS_DISPERSION_SE, FREC_DISPERSION_SE, DIAS_DISPERSION_PE, FREC_DISPERSION_PE)
values ('05002000', '52', 0, 2, 0, 2, 20, 0, 5, 0);
insert into DIAS_DISPERSION (IDMUNICIPIO, IDBANCO, DIAS_DISPERSION_SL, FREC_DISPERSION_SL, DIAS_DISPERSION_PL, FREC_DISPERSION_PL, DIAS_DISPERSION_SE, FREC_DISPERSION_SE, DIAS_DISPERSION_PE, FREC_DISPERSION_PE)
values ('27245000', '52', 0, 2, 0, 2, 20, 0, 5, 0);
insert into DIAS_DISPERSION (IDMUNICIPIO, IDBANCO, DIAS_DISPERSION_SL, FREC_DISPERSION_SL, DIAS_DISPERSION_PL, FREC_DISPERSION_PL, DIAS_DISPERSION_SE, FREC_DISPERSION_SE, DIAS_DISPERSION_PE, FREC_DISPERSION_PE)
values ('05490000', '52', 0, 2, 0, 2, 20, 0, 5, 0);
insert into DIAS_DISPERSION (IDMUNICIPIO, IDBANCO, DIAS_DISPERSION_SL, FREC_DISPERSION_SL, DIAS_DISPERSION_PL, FREC_DISPERSION_PL, DIAS_DISPERSION_SE, FREC_DISPERSION_SE, DIAS_DISPERSION_PE, FREC_DISPERSION_PE)
values ('08832000', '52', 0, 2, 0, 2, 20, 0, 5, 0);
insert into DIAS_DISPERSION (IDMUNICIPIO, IDBANCO, DIAS_DISPERSION_SL, FREC_DISPERSION_SL, DIAS_DISPERSION_PL, FREC_DISPERSION_PL, DIAS_DISPERSION_SE, FREC_DISPERSION_SE, DIAS_DISPERSION_PE, FREC_DISPERSION_PE)
values ('47288000', '52', 0, 2, 0, 2, 20, 0, 5, 0);
insert into DIAS_DISPERSION (IDMUNICIPIO, IDBANCO, DIAS_DISPERSION_SL, FREC_DISPERSION_SL, DIAS_DISPERSION_PL, FREC_DISPERSION_PL, DIAS_DISPERSION_SE, FREC_DISPERSION_SE, DIAS_DISPERSION_PE, FREC_DISPERSION_PE)
values ('47555000', '52', 0, 2, 0, 2, 20, 0, 5, 0);
insert into DIAS_DISPERSION (IDMUNICIPIO, IDBANCO, DIAS_DISPERSION_SL, FREC_DISPERSION_SL, DIAS_DISPERSION_PL, FREC_DISPERSION_PL, DIAS_DISPERSION_SE, FREC_DISPERSION_SE, DIAS_DISPERSION_PE, FREC_DISPERSION_PE)
values ('50000000', '52', 0, 2, 0, 2, 20, 0, 5, 0);
insert into DIAS_DISPERSION (IDMUNICIPIO, IDBANCO, DIAS_DISPERSION_SL, FREC_DISPERSION_SL, DIAS_DISPERSION_PL, FREC_DISPERSION_PL, DIAS_DISPERSION_SE, FREC_DISPERSION_SE, DIAS_DISPERSION_PE, FREC_DISPERSION_PE)
values ('50001000', '52', 0, 2, 0, 2, 20, 0, 5, 0);
commit;
prompt 900 records committed...
insert into DIAS_DISPERSION (IDMUNICIPIO, IDBANCO, DIAS_DISPERSION_SL, FREC_DISPERSION_SL, DIAS_DISPERSION_PL, FREC_DISPERSION_PL, DIAS_DISPERSION_SE, FREC_DISPERSION_SE, DIAS_DISPERSION_PE, FREC_DISPERSION_PE)
values ('50006000', '52', 0, 2, 0, 2, 20, 0, 5, 0);
insert into DIAS_DISPERSION (IDMUNICIPIO, IDBANCO, DIAS_DISPERSION_SL, FREC_DISPERSION_SL, DIAS_DISPERSION_PL, FREC_DISPERSION_PL, DIAS_DISPERSION_SE, FREC_DISPERSION_SE, DIAS_DISPERSION_PE, FREC_DISPERSION_PE)
values ('50313000', '52', 0, 2, 0, 2, 20, 0, 5, 0);
insert into DIAS_DISPERSION (IDMUNICIPIO, IDBANCO, DIAS_DISPERSION_SL, FREC_DISPERSION_SL, DIAS_DISPERSION_PL, FREC_DISPERSION_PL, DIAS_DISPERSION_SE, FREC_DISPERSION_SE, DIAS_DISPERSION_PE, FREC_DISPERSION_PE)
values ('50606000', '52', 0, 2, 0, 2, 20, 0, 5, 0);
insert into DIAS_DISPERSION (IDMUNICIPIO, IDBANCO, DIAS_DISPERSION_SL, FREC_DISPERSION_SL, DIAS_DISPERSION_PL, FREC_DISPERSION_PL, DIAS_DISPERSION_SE, FREC_DISPERSION_SE, DIAS_DISPERSION_PE, FREC_DISPERSION_PE)
values ('52000000', '52', 0, 2, 0, 2, 20, 0, 5, 0);
insert into DIAS_DISPERSION (IDMUNICIPIO, IDBANCO, DIAS_DISPERSION_SL, FREC_DISPERSION_SL, DIAS_DISPERSION_PL, FREC_DISPERSION_PL, DIAS_DISPERSION_SE, FREC_DISPERSION_SE, DIAS_DISPERSION_PE, FREC_DISPERSION_PE)
values ('52001000', '52', 0, 2, 0, 2, 20, 0, 5, 0);
insert into DIAS_DISPERSION (IDMUNICIPIO, IDBANCO, DIAS_DISPERSION_SL, FREC_DISPERSION_SL, DIAS_DISPERSION_PL, FREC_DISPERSION_PL, DIAS_DISPERSION_SE, FREC_DISPERSION_SE, DIAS_DISPERSION_PE, FREC_DISPERSION_PE)
values ('52356000', '52', 0, 2, 0, 2, 20, 0, 5, 0);
insert into DIAS_DISPERSION (IDMUNICIPIO, IDBANCO, DIAS_DISPERSION_SL, FREC_DISPERSION_SL, DIAS_DISPERSION_PL, FREC_DISPERSION_PL, DIAS_DISPERSION_SE, FREC_DISPERSION_SE, DIAS_DISPERSION_PE, FREC_DISPERSION_PE)
values ('52480000', '52', 0, 2, 0, 2, 20, 0, 5, 0);
insert into DIAS_DISPERSION (IDMUNICIPIO, IDBANCO, DIAS_DISPERSION_SL, FREC_DISPERSION_SL, DIAS_DISPERSION_PL, FREC_DISPERSION_PL, DIAS_DISPERSION_SE, FREC_DISPERSION_SE, DIAS_DISPERSION_PE, FREC_DISPERSION_PE)
values ('52835000', '52', 0, 2, 0, 2, 20, 0, 5, 0);
insert into DIAS_DISPERSION (IDMUNICIPIO, IDBANCO, DIAS_DISPERSION_SL, FREC_DISPERSION_SL, DIAS_DISPERSION_PL, FREC_DISPERSION_PL, DIAS_DISPERSION_SE, FREC_DISPERSION_SE, DIAS_DISPERSION_PE, FREC_DISPERSION_PE)
values ('52838000', '52', 0, 2, 0, 2, 20, 0, 5, 0);
insert into DIAS_DISPERSION (IDMUNICIPIO, IDBANCO, DIAS_DISPERSION_SL, FREC_DISPERSION_SL, DIAS_DISPERSION_PL, FREC_DISPERSION_PL, DIAS_DISPERSION_SE, FREC_DISPERSION_SE, DIAS_DISPERSION_PE, FREC_DISPERSION_PE)
values ('54001000', '52', 0, 2, 0, 2, 20, 0, 5, 0);
insert into DIAS_DISPERSION (IDMUNICIPIO, IDBANCO, DIAS_DISPERSION_SL, FREC_DISPERSION_SL, DIAS_DISPERSION_PL, FREC_DISPERSION_PL, DIAS_DISPERSION_SE, FREC_DISPERSION_SE, DIAS_DISPERSION_PE, FREC_DISPERSION_PE)
values ('54003000', '52', 0, 2, 0, 2, 20, 0, 5, 0);
insert into DIAS_DISPERSION (IDMUNICIPIO, IDBANCO, DIAS_DISPERSION_SL, FREC_DISPERSION_SL, DIAS_DISPERSION_PL, FREC_DISPERSION_PL, DIAS_DISPERSION_SE, FREC_DISPERSION_SE, DIAS_DISPERSION_PE, FREC_DISPERSION_PE)
values ('54206000', '52', 0, 2, 0, 2, 20, 0, 5, 0);
insert into DIAS_DISPERSION (IDMUNICIPIO, IDBANCO, DIAS_DISPERSION_SL, FREC_DISPERSION_SL, DIAS_DISPERSION_PL, FREC_DISPERSION_PL, DIAS_DISPERSION_SE, FREC_DISPERSION_SE, DIAS_DISPERSION_PE, FREC_DISPERSION_PE)
values ('54261000', '52', 0, 2, 0, 2, 20, 0, 5, 0);
insert into DIAS_DISPERSION (IDMUNICIPIO, IDBANCO, DIAS_DISPERSION_SL, FREC_DISPERSION_SL, DIAS_DISPERSION_PL, FREC_DISPERSION_PL, DIAS_DISPERSION_SE, FREC_DISPERSION_SE, DIAS_DISPERSION_PE, FREC_DISPERSION_PE)
values ('54405000', '52', 0, 2, 0, 2, 20, 0, 5, 0);
insert into DIAS_DISPERSION (IDMUNICIPIO, IDBANCO, DIAS_DISPERSION_SL, FREC_DISPERSION_SL, DIAS_DISPERSION_PL, FREC_DISPERSION_PL, DIAS_DISPERSION_SE, FREC_DISPERSION_SE, DIAS_DISPERSION_PE, FREC_DISPERSION_PE)
values ('54498000', '52', 0, 2, 0, 2, 20, 0, 5, 0);
insert into DIAS_DISPERSION (IDMUNICIPIO, IDBANCO, DIAS_DISPERSION_SL, FREC_DISPERSION_SL, DIAS_DISPERSION_PL, FREC_DISPERSION_PL, DIAS_DISPERSION_SE, FREC_DISPERSION_SE, DIAS_DISPERSION_PE, FREC_DISPERSION_PE)
values ('54518000', '52', 0, 2, 0, 2, 20, 0, 5, 0);
insert into DIAS_DISPERSION (IDMUNICIPIO, IDBANCO, DIAS_DISPERSION_SL, FREC_DISPERSION_SL, DIAS_DISPERSION_PL, FREC_DISPERSION_PL, DIAS_DISPERSION_SE, FREC_DISPERSION_SE, DIAS_DISPERSION_PE, FREC_DISPERSION_PE)
values ('54874000', '52', 0, 2, 0, 2, 20, 0, 5, 0);
insert into DIAS_DISPERSION (IDMUNICIPIO, IDBANCO, DIAS_DISPERSION_SL, FREC_DISPERSION_SL, DIAS_DISPERSION_PL, FREC_DISPERSION_PL, DIAS_DISPERSION_SE, FREC_DISPERSION_SE, DIAS_DISPERSION_PE, FREC_DISPERSION_PE)
values ('63001000', '52', 0, 2, 0, 2, 20, 0, 5, 0);
insert into DIAS_DISPERSION (IDMUNICIPIO, IDBANCO, DIAS_DISPERSION_SL, FREC_DISPERSION_SL, DIAS_DISPERSION_PL, FREC_DISPERSION_PL, DIAS_DISPERSION_SE, FREC_DISPERSION_SE, DIAS_DISPERSION_PE, FREC_DISPERSION_PE)
values ('63130000', '52', 0, 2, 0, 2, 20, 0, 5, 0);
insert into DIAS_DISPERSION (IDMUNICIPIO, IDBANCO, DIAS_DISPERSION_SL, FREC_DISPERSION_SL, DIAS_DISPERSION_PL, FREC_DISPERSION_PL, DIAS_DISPERSION_SE, FREC_DISPERSION_SE, DIAS_DISPERSION_PE, FREC_DISPERSION_PE)
values ('63190000', '52', 0, 2, 0, 2, 20, 0, 5, 0);
insert into DIAS_DISPERSION (IDMUNICIPIO, IDBANCO, DIAS_DISPERSION_SL, FREC_DISPERSION_SL, DIAS_DISPERSION_PL, FREC_DISPERSION_PL, DIAS_DISPERSION_SE, FREC_DISPERSION_SE, DIAS_DISPERSION_PE, FREC_DISPERSION_PE)
values ('63272000', '52', 0, 2, 0, 2, 20, 0, 5, 0);
insert into DIAS_DISPERSION (IDMUNICIPIO, IDBANCO, DIAS_DISPERSION_SL, FREC_DISPERSION_SL, DIAS_DISPERSION_PL, FREC_DISPERSION_PL, DIAS_DISPERSION_SE, FREC_DISPERSION_SE, DIAS_DISPERSION_PE, FREC_DISPERSION_PE)
values ('63401000', '52', 0, 2, 0, 2, 20, 0, 5, 0);
insert into DIAS_DISPERSION (IDMUNICIPIO, IDBANCO, DIAS_DISPERSION_SL, FREC_DISPERSION_SL, DIAS_DISPERSION_PL, FREC_DISPERSION_PL, DIAS_DISPERSION_SE, FREC_DISPERSION_SE, DIAS_DISPERSION_PE, FREC_DISPERSION_PE)
values ('63470000', '52', 0, 2, 0, 2, 20, 0, 5, 0);
insert into DIAS_DISPERSION (IDMUNICIPIO, IDBANCO, DIAS_DISPERSION_SL, FREC_DISPERSION_SL, DIAS_DISPERSION_PL, FREC_DISPERSION_PL, DIAS_DISPERSION_SE, FREC_DISPERSION_SE, DIAS_DISPERSION_PE, FREC_DISPERSION_PE)
values ('63594000', '52', 0, 2, 0, 2, 20, 0, 5, 0);
insert into DIAS_DISPERSION (IDMUNICIPIO, IDBANCO, DIAS_DISPERSION_SL, FREC_DISPERSION_SL, DIAS_DISPERSION_PL, FREC_DISPERSION_PL, DIAS_DISPERSION_SE, FREC_DISPERSION_SE, DIAS_DISPERSION_PE, FREC_DISPERSION_PE)
values ('63690000', '52', 0, 2, 0, 2, 20, 0, 5, 0);
insert into DIAS_DISPERSION (IDMUNICIPIO, IDBANCO, DIAS_DISPERSION_SL, FREC_DISPERSION_SL, DIAS_DISPERSION_PL, FREC_DISPERSION_PL, DIAS_DISPERSION_SE, FREC_DISPERSION_SE, DIAS_DISPERSION_PE, FREC_DISPERSION_PE)
values ('66001000', '52', 0, 2, 0, 2, 20, 0, 5, 0);
insert into DIAS_DISPERSION (IDMUNICIPIO, IDBANCO, DIAS_DISPERSION_SL, FREC_DISPERSION_SL, DIAS_DISPERSION_PL, FREC_DISPERSION_PL, DIAS_DISPERSION_SE, FREC_DISPERSION_SE, DIAS_DISPERSION_PE, FREC_DISPERSION_PE)
values ('66045000', '52', 0, 2, 0, 2, 20, 0, 5, 0);
insert into DIAS_DISPERSION (IDMUNICIPIO, IDBANCO, DIAS_DISPERSION_SL, FREC_DISPERSION_SL, DIAS_DISPERSION_PL, FREC_DISPERSION_PL, DIAS_DISPERSION_SE, FREC_DISPERSION_SE, DIAS_DISPERSION_PE, FREC_DISPERSION_PE)
values ('66075000', '52', 0, 2, 0, 2, 20, 0, 5, 0);
insert into DIAS_DISPERSION (IDMUNICIPIO, IDBANCO, DIAS_DISPERSION_SL, FREC_DISPERSION_SL, DIAS_DISPERSION_PL, FREC_DISPERSION_PL, DIAS_DISPERSION_SE, FREC_DISPERSION_SE, DIAS_DISPERSION_PE, FREC_DISPERSION_PE)
values ('66088000', '52', 0, 2, 0, 2, 20, 0, 5, 0);
insert into DIAS_DISPERSION (IDMUNICIPIO, IDBANCO, DIAS_DISPERSION_SL, FREC_DISPERSION_SL, DIAS_DISPERSION_PL, FREC_DISPERSION_PL, DIAS_DISPERSION_SE, FREC_DISPERSION_SE, DIAS_DISPERSION_PE, FREC_DISPERSION_PE)
values ('66170000', '52', 0, 2, 0, 2, 20, 0, 5, 0);
insert into DIAS_DISPERSION (IDMUNICIPIO, IDBANCO, DIAS_DISPERSION_SL, FREC_DISPERSION_SL, DIAS_DISPERSION_PL, FREC_DISPERSION_PL, DIAS_DISPERSION_SE, FREC_DISPERSION_SE, DIAS_DISPERSION_PE, FREC_DISPERSION_PE)
values ('66400000', '52', 0, 2, 0, 2, 20, 0, 5, 0);
insert into DIAS_DISPERSION (IDMUNICIPIO, IDBANCO, DIAS_DISPERSION_SL, FREC_DISPERSION_SL, DIAS_DISPERSION_PL, FREC_DISPERSION_PL, DIAS_DISPERSION_SE, FREC_DISPERSION_SE, DIAS_DISPERSION_PE, FREC_DISPERSION_PE)
values ('66594000', '52', 0, 2, 0, 2, 20, 0, 5, 0);
insert into DIAS_DISPERSION (IDMUNICIPIO, IDBANCO, DIAS_DISPERSION_SL, FREC_DISPERSION_SL, DIAS_DISPERSION_PL, FREC_DISPERSION_PL, DIAS_DISPERSION_SE, FREC_DISPERSION_SE, DIAS_DISPERSION_PE, FREC_DISPERSION_PE)
values ('66682000', '52', 0, 2, 0, 2, 20, 0, 5, 0);
insert into DIAS_DISPERSION (IDMUNICIPIO, IDBANCO, DIAS_DISPERSION_SL, FREC_DISPERSION_SL, DIAS_DISPERSION_PL, FREC_DISPERSION_PL, DIAS_DISPERSION_SE, FREC_DISPERSION_SE, DIAS_DISPERSION_PE, FREC_DISPERSION_PE)
values ('68001000', '52', 0, 2, 0, 2, 20, 0, 5, 0);
insert into DIAS_DISPERSION (IDMUNICIPIO, IDBANCO, DIAS_DISPERSION_SL, FREC_DISPERSION_SL, DIAS_DISPERSION_PL, FREC_DISPERSION_PL, DIAS_DISPERSION_SE, FREC_DISPERSION_SE, DIAS_DISPERSION_PE, FREC_DISPERSION_PE)
values ('68051000', '52', 0, 2, 0, 2, 20, 0, 5, 0);
insert into DIAS_DISPERSION (IDMUNICIPIO, IDBANCO, DIAS_DISPERSION_SL, FREC_DISPERSION_SL, DIAS_DISPERSION_PL, FREC_DISPERSION_PL, DIAS_DISPERSION_SE, FREC_DISPERSION_SE, DIAS_DISPERSION_PE, FREC_DISPERSION_PE)
values ('68077000', '52', 0, 2, 0, 2, 20, 0, 5, 0);
insert into DIAS_DISPERSION (IDMUNICIPIO, IDBANCO, DIAS_DISPERSION_SL, FREC_DISPERSION_SL, DIAS_DISPERSION_PL, FREC_DISPERSION_PL, DIAS_DISPERSION_SE, FREC_DISPERSION_SE, DIAS_DISPERSION_PE, FREC_DISPERSION_PE)
values ('68081000', '52', 0, 2, 0, 2, 20, 0, 5, 0);
insert into DIAS_DISPERSION (IDMUNICIPIO, IDBANCO, DIAS_DISPERSION_SL, FREC_DISPERSION_SL, DIAS_DISPERSION_PL, FREC_DISPERSION_PL, DIAS_DISPERSION_SE, FREC_DISPERSION_SE, DIAS_DISPERSION_PE, FREC_DISPERSION_PE)
values ('68167000', '52', 0, 2, 0, 2, 20, 0, 5, 0);
insert into DIAS_DISPERSION (IDMUNICIPIO, IDBANCO, DIAS_DISPERSION_SL, FREC_DISPERSION_SL, DIAS_DISPERSION_PL, FREC_DISPERSION_PL, DIAS_DISPERSION_SE, FREC_DISPERSION_SE, DIAS_DISPERSION_PE, FREC_DISPERSION_PE)
values ('68190000', '52', 0, 2, 0, 2, 20, 0, 5, 0);
insert into DIAS_DISPERSION (IDMUNICIPIO, IDBANCO, DIAS_DISPERSION_SL, FREC_DISPERSION_SL, DIAS_DISPERSION_PL, FREC_DISPERSION_PL, DIAS_DISPERSION_SE, FREC_DISPERSION_SE, DIAS_DISPERSION_PE, FREC_DISPERSION_PE)
values ('68229000', '52', 0, 2, 0, 2, 20, 0, 5, 0);
insert into DIAS_DISPERSION (IDMUNICIPIO, IDBANCO, DIAS_DISPERSION_SL, FREC_DISPERSION_SL, DIAS_DISPERSION_PL, FREC_DISPERSION_PL, DIAS_DISPERSION_SE, FREC_DISPERSION_SE, DIAS_DISPERSION_PE, FREC_DISPERSION_PE)
values ('68255000', '52', 0, 2, 0, 2, 20, 0, 5, 0);
insert into DIAS_DISPERSION (IDMUNICIPIO, IDBANCO, DIAS_DISPERSION_SL, FREC_DISPERSION_SL, DIAS_DISPERSION_PL, FREC_DISPERSION_PL, DIAS_DISPERSION_SE, FREC_DISPERSION_SE, DIAS_DISPERSION_PE, FREC_DISPERSION_PE)
values ('68276000', '52', 0, 2, 0, 2, 20, 0, 5, 0);
insert into DIAS_DISPERSION (IDMUNICIPIO, IDBANCO, DIAS_DISPERSION_SL, FREC_DISPERSION_SL, DIAS_DISPERSION_PL, FREC_DISPERSION_PL, DIAS_DISPERSION_SE, FREC_DISPERSION_SE, DIAS_DISPERSION_PE, FREC_DISPERSION_PE)
values ('68307000', '52', 0, 2, 0, 2, 20, 0, 5, 0);
insert into DIAS_DISPERSION (IDMUNICIPIO, IDBANCO, DIAS_DISPERSION_SL, FREC_DISPERSION_SL, DIAS_DISPERSION_PL, FREC_DISPERSION_PL, DIAS_DISPERSION_SE, FREC_DISPERSION_SE, DIAS_DISPERSION_PE, FREC_DISPERSION_PE)
values ('68397000', '52', 0, 2, 0, 2, 20, 0, 5, 0);
insert into DIAS_DISPERSION (IDMUNICIPIO, IDBANCO, DIAS_DISPERSION_SL, FREC_DISPERSION_SL, DIAS_DISPERSION_PL, FREC_DISPERSION_PL, DIAS_DISPERSION_SE, FREC_DISPERSION_SE, DIAS_DISPERSION_PE, FREC_DISPERSION_PE)
values ('68406000', '52', 0, 2, 0, 2, 20, 0, 5, 0);
insert into DIAS_DISPERSION (IDMUNICIPIO, IDBANCO, DIAS_DISPERSION_SL, FREC_DISPERSION_SL, DIAS_DISPERSION_PL, FREC_DISPERSION_PL, DIAS_DISPERSION_SE, FREC_DISPERSION_SE, DIAS_DISPERSION_PE, FREC_DISPERSION_PE)
values ('68432000', '52', 0, 2, 0, 2, 20, 0, 5, 0);
insert into DIAS_DISPERSION (IDMUNICIPIO, IDBANCO, DIAS_DISPERSION_SL, FREC_DISPERSION_SL, DIAS_DISPERSION_PL, FREC_DISPERSION_PL, DIAS_DISPERSION_SE, FREC_DISPERSION_SE, DIAS_DISPERSION_PE, FREC_DISPERSION_PE)
values ('68500000', '52', 0, 2, 0, 2, 20, 0, 5, 0);
insert into DIAS_DISPERSION (IDMUNICIPIO, IDBANCO, DIAS_DISPERSION_SL, FREC_DISPERSION_SL, DIAS_DISPERSION_PL, FREC_DISPERSION_PL, DIAS_DISPERSION_SE, FREC_DISPERSION_SE, DIAS_DISPERSION_PE, FREC_DISPERSION_PE)
values ('68547000', '52', 0, 2, 0, 2, 20, 0, 5, 0);
insert into DIAS_DISPERSION (IDMUNICIPIO, IDBANCO, DIAS_DISPERSION_SL, FREC_DISPERSION_SL, DIAS_DISPERSION_PL, FREC_DISPERSION_PL, DIAS_DISPERSION_SE, FREC_DISPERSION_SE, DIAS_DISPERSION_PE, FREC_DISPERSION_PE)
values ('68572000', '52', 0, 2, 0, 2, 20, 0, 5, 0);
insert into DIAS_DISPERSION (IDMUNICIPIO, IDBANCO, DIAS_DISPERSION_SL, FREC_DISPERSION_SL, DIAS_DISPERSION_PL, FREC_DISPERSION_PL, DIAS_DISPERSION_SE, FREC_DISPERSION_SE, DIAS_DISPERSION_PE, FREC_DISPERSION_PE)
values ('68615000', '52', 0, 2, 0, 2, 20, 0, 5, 0);
insert into DIAS_DISPERSION (IDMUNICIPIO, IDBANCO, DIAS_DISPERSION_SL, FREC_DISPERSION_SL, DIAS_DISPERSION_PL, FREC_DISPERSION_PL, DIAS_DISPERSION_SE, FREC_DISPERSION_SE, DIAS_DISPERSION_PE, FREC_DISPERSION_PE)
values ('68655000', '52', 0, 2, 0, 2, 20, 0, 5, 0);
insert into DIAS_DISPERSION (IDMUNICIPIO, IDBANCO, DIAS_DISPERSION_SL, FREC_DISPERSION_SL, DIAS_DISPERSION_PL, FREC_DISPERSION_PL, DIAS_DISPERSION_SE, FREC_DISPERSION_SE, DIAS_DISPERSION_PE, FREC_DISPERSION_PE)
values ('68679000', '52', 0, 2, 0, 2, 20, 0, 5, 0);
insert into DIAS_DISPERSION (IDMUNICIPIO, IDBANCO, DIAS_DISPERSION_SL, FREC_DISPERSION_SL, DIAS_DISPERSION_PL, FREC_DISPERSION_PL, DIAS_DISPERSION_SE, FREC_DISPERSION_SE, DIAS_DISPERSION_PE, FREC_DISPERSION_PE)
values ('68689000', '52', 0, 2, 0, 2, 20, 0, 5, 0);
insert into DIAS_DISPERSION (IDMUNICIPIO, IDBANCO, DIAS_DISPERSION_SL, FREC_DISPERSION_SL, DIAS_DISPERSION_PL, FREC_DISPERSION_PL, DIAS_DISPERSION_SE, FREC_DISPERSION_SE, DIAS_DISPERSION_PE, FREC_DISPERSION_PE)
values ('68755000', '52', 0, 2, 0, 2, 20, 0, 5, 0);
insert into DIAS_DISPERSION (IDMUNICIPIO, IDBANCO, DIAS_DISPERSION_SL, FREC_DISPERSION_SL, DIAS_DISPERSION_PL, FREC_DISPERSION_PL, DIAS_DISPERSION_SE, FREC_DISPERSION_SE, DIAS_DISPERSION_PE, FREC_DISPERSION_PE)
values ('68770000', '52', 0, 2, 0, 2, 20, 0, 5, 0);
insert into DIAS_DISPERSION (IDMUNICIPIO, IDBANCO, DIAS_DISPERSION_SL, FREC_DISPERSION_SL, DIAS_DISPERSION_PL, FREC_DISPERSION_PL, DIAS_DISPERSION_SE, FREC_DISPERSION_SE, DIAS_DISPERSION_PE, FREC_DISPERSION_PE)
values ('68861000', '52', 0, 2, 0, 2, 20, 0, 5, 0);
insert into DIAS_DISPERSION (IDMUNICIPIO, IDBANCO, DIAS_DISPERSION_SL, FREC_DISPERSION_SL, DIAS_DISPERSION_PL, FREC_DISPERSION_PL, DIAS_DISPERSION_SE, FREC_DISPERSION_SE, DIAS_DISPERSION_PE, FREC_DISPERSION_PE)
values ('70001000', '52', 0, 2, 0, 2, 20, 0, 5, 0);
insert into DIAS_DISPERSION (IDMUNICIPIO, IDBANCO, DIAS_DISPERSION_SL, FREC_DISPERSION_SL, DIAS_DISPERSION_PL, FREC_DISPERSION_PL, DIAS_DISPERSION_SE, FREC_DISPERSION_SE, DIAS_DISPERSION_PE, FREC_DISPERSION_PE)
values ('70215000', '52', 0, 2, 0, 2, 20, 0, 5, 0);
insert into DIAS_DISPERSION (IDMUNICIPIO, IDBANCO, DIAS_DISPERSION_SL, FREC_DISPERSION_SL, DIAS_DISPERSION_PL, FREC_DISPERSION_PL, DIAS_DISPERSION_SE, FREC_DISPERSION_SE, DIAS_DISPERSION_PE, FREC_DISPERSION_PE)
values ('70670000', '52', 0, 2, 0, 2, 20, 0, 5, 0);
insert into DIAS_DISPERSION (IDMUNICIPIO, IDBANCO, DIAS_DISPERSION_SL, FREC_DISPERSION_SL, DIAS_DISPERSION_PL, FREC_DISPERSION_PL, DIAS_DISPERSION_SE, FREC_DISPERSION_SE, DIAS_DISPERSION_PE, FREC_DISPERSION_PE)
values ('73000000', '52', 0, 2, 0, 2, 20, 0, 5, 0);
insert into DIAS_DISPERSION (IDMUNICIPIO, IDBANCO, DIAS_DISPERSION_SL, FREC_DISPERSION_SL, DIAS_DISPERSION_PL, FREC_DISPERSION_PL, DIAS_DISPERSION_SE, FREC_DISPERSION_SE, DIAS_DISPERSION_PE, FREC_DISPERSION_PE)
values ('73001000', '52', 0, 2, 0, 2, 20, 0, 5, 0);
insert into DIAS_DISPERSION (IDMUNICIPIO, IDBANCO, DIAS_DISPERSION_SL, FREC_DISPERSION_SL, DIAS_DISPERSION_PL, FREC_DISPERSION_PL, DIAS_DISPERSION_SE, FREC_DISPERSION_SE, DIAS_DISPERSION_PE, FREC_DISPERSION_PE)
values ('73026000', '52', 0, 2, 0, 2, 20, 0, 5, 0);
insert into DIAS_DISPERSION (IDMUNICIPIO, IDBANCO, DIAS_DISPERSION_SL, FREC_DISPERSION_SL, DIAS_DISPERSION_PL, FREC_DISPERSION_PL, DIAS_DISPERSION_SE, FREC_DISPERSION_SE, DIAS_DISPERSION_PE, FREC_DISPERSION_PE)
values ('73055000', '52', 0, 2, 0, 2, 20, 0, 5, 0);
insert into DIAS_DISPERSION (IDMUNICIPIO, IDBANCO, DIAS_DISPERSION_SL, FREC_DISPERSION_SL, DIAS_DISPERSION_PL, FREC_DISPERSION_PL, DIAS_DISPERSION_SE, FREC_DISPERSION_SE, DIAS_DISPERSION_PE, FREC_DISPERSION_PE)
values ('73124000', '52', 0, 2, 0, 2, 20, 0, 5, 0);
insert into DIAS_DISPERSION (IDMUNICIPIO, IDBANCO, DIAS_DISPERSION_SL, FREC_DISPERSION_SL, DIAS_DISPERSION_PL, FREC_DISPERSION_PL, DIAS_DISPERSION_SE, FREC_DISPERSION_SE, DIAS_DISPERSION_PE, FREC_DISPERSION_PE)
values ('73168000', '52', 0, 2, 0, 2, 20, 0, 5, 0);
insert into DIAS_DISPERSION (IDMUNICIPIO, IDBANCO, DIAS_DISPERSION_SL, FREC_DISPERSION_SL, DIAS_DISPERSION_PL, FREC_DISPERSION_PL, DIAS_DISPERSION_SE, FREC_DISPERSION_SE, DIAS_DISPERSION_PE, FREC_DISPERSION_PE)
values ('73268000', '52', 0, 2, 0, 2, 20, 0, 5, 0);
insert into DIAS_DISPERSION (IDMUNICIPIO, IDBANCO, DIAS_DISPERSION_SL, FREC_DISPERSION_SL, DIAS_DISPERSION_PL, FREC_DISPERSION_PL, DIAS_DISPERSION_SE, FREC_DISPERSION_SE, DIAS_DISPERSION_PE, FREC_DISPERSION_PE)
values ('73283000', '52', 0, 2, 0, 2, 20, 0, 5, 0);
insert into DIAS_DISPERSION (IDMUNICIPIO, IDBANCO, DIAS_DISPERSION_SL, FREC_DISPERSION_SL, DIAS_DISPERSION_PL, FREC_DISPERSION_PL, DIAS_DISPERSION_SE, FREC_DISPERSION_SE, DIAS_DISPERSION_PE, FREC_DISPERSION_PE)
values ('73319000', '52', 0, 2, 0, 2, 20, 0, 5, 0);
insert into DIAS_DISPERSION (IDMUNICIPIO, IDBANCO, DIAS_DISPERSION_SL, FREC_DISPERSION_SL, DIAS_DISPERSION_PL, FREC_DISPERSION_PL, DIAS_DISPERSION_SE, FREC_DISPERSION_SE, DIAS_DISPERSION_PE, FREC_DISPERSION_PE)
values ('73349000', '52', 0, 2, 0, 2, 20, 0, 5, 0);
insert into DIAS_DISPERSION (IDMUNICIPIO, IDBANCO, DIAS_DISPERSION_SL, FREC_DISPERSION_SL, DIAS_DISPERSION_PL, FREC_DISPERSION_PL, DIAS_DISPERSION_SE, FREC_DISPERSION_SE, DIAS_DISPERSION_PE, FREC_DISPERSION_PE)
values ('73411000', '52', 0, 2, 0, 2, 20, 0, 5, 0);
insert into DIAS_DISPERSION (IDMUNICIPIO, IDBANCO, DIAS_DISPERSION_SL, FREC_DISPERSION_SL, DIAS_DISPERSION_PL, FREC_DISPERSION_PL, DIAS_DISPERSION_SE, FREC_DISPERSION_SE, DIAS_DISPERSION_PE, FREC_DISPERSION_PE)
values ('73443000', '52', 0, 2, 0, 2, 20, 0, 5, 0);
insert into DIAS_DISPERSION (IDMUNICIPIO, IDBANCO, DIAS_DISPERSION_SL, FREC_DISPERSION_SL, DIAS_DISPERSION_PL, FREC_DISPERSION_PL, DIAS_DISPERSION_SE, FREC_DISPERSION_SE, DIAS_DISPERSION_PE, FREC_DISPERSION_PE)
values ('73449000', '52', 0, 2, 0, 2, 20, 0, 5, 0);
insert into DIAS_DISPERSION (IDMUNICIPIO, IDBANCO, DIAS_DISPERSION_SL, FREC_DISPERSION_SL, DIAS_DISPERSION_PL, FREC_DISPERSION_PL, DIAS_DISPERSION_SE, FREC_DISPERSION_SE, DIAS_DISPERSION_PE, FREC_DISPERSION_PE)
values ('73585000', '52', 0, 2, 0, 2, 20, 0, 5, 0);
insert into DIAS_DISPERSION (IDMUNICIPIO, IDBANCO, DIAS_DISPERSION_SL, FREC_DISPERSION_SL, DIAS_DISPERSION_PL, FREC_DISPERSION_PL, DIAS_DISPERSION_SE, FREC_DISPERSION_SE, DIAS_DISPERSION_PE, FREC_DISPERSION_PE)
values ('73873000', '52', 0, 2, 0, 2, 20, 0, 5, 0);
insert into DIAS_DISPERSION (IDMUNICIPIO, IDBANCO, DIAS_DISPERSION_SL, FREC_DISPERSION_SL, DIAS_DISPERSION_PL, FREC_DISPERSION_PL, DIAS_DISPERSION_SE, FREC_DISPERSION_SE, DIAS_DISPERSION_PE, FREC_DISPERSION_PE)
values ('76001000', '52', 0, 2, 0, 2, 20, 0, 5, 0);
insert into DIAS_DISPERSION (IDMUNICIPIO, IDBANCO, DIAS_DISPERSION_SL, FREC_DISPERSION_SL, DIAS_DISPERSION_PL, FREC_DISPERSION_PL, DIAS_DISPERSION_SE, FREC_DISPERSION_SE, DIAS_DISPERSION_PE, FREC_DISPERSION_PE)
values ('76036000', '52', 0, 2, 0, 2, 20, 0, 5, 0);
insert into DIAS_DISPERSION (IDMUNICIPIO, IDBANCO, DIAS_DISPERSION_SL, FREC_DISPERSION_SL, DIAS_DISPERSION_PL, FREC_DISPERSION_PL, DIAS_DISPERSION_SE, FREC_DISPERSION_SE, DIAS_DISPERSION_PE, FREC_DISPERSION_PE)
values ('76041000', '52', 0, 2, 0, 2, 20, 0, 5, 0);
insert into DIAS_DISPERSION (IDMUNICIPIO, IDBANCO, DIAS_DISPERSION_SL, FREC_DISPERSION_SL, DIAS_DISPERSION_PL, FREC_DISPERSION_PL, DIAS_DISPERSION_SE, FREC_DISPERSION_SE, DIAS_DISPERSION_PE, FREC_DISPERSION_PE)
values ('76109000', '52', 0, 2, 0, 2, 20, 0, 5, 0);
insert into DIAS_DISPERSION (IDMUNICIPIO, IDBANCO, DIAS_DISPERSION_SL, FREC_DISPERSION_SL, DIAS_DISPERSION_PL, FREC_DISPERSION_PL, DIAS_DISPERSION_SE, FREC_DISPERSION_SE, DIAS_DISPERSION_PE, FREC_DISPERSION_PE)
values ('76111000', '52', 0, 2, 0, 2, 20, 0, 5, 0);
insert into DIAS_DISPERSION (IDMUNICIPIO, IDBANCO, DIAS_DISPERSION_SL, FREC_DISPERSION_SL, DIAS_DISPERSION_PL, FREC_DISPERSION_PL, DIAS_DISPERSION_SE, FREC_DISPERSION_SE, DIAS_DISPERSION_PE, FREC_DISPERSION_PE)
values ('76113000', '52', 0, 2, 0, 2, 20, 0, 5, 0);
insert into DIAS_DISPERSION (IDMUNICIPIO, IDBANCO, DIAS_DISPERSION_SL, FREC_DISPERSION_SL, DIAS_DISPERSION_PL, FREC_DISPERSION_PL, DIAS_DISPERSION_SE, FREC_DISPERSION_SE, DIAS_DISPERSION_PE, FREC_DISPERSION_PE)
values ('41524000', '02', 0, 3, 0, 3, 0, 3, 0, 3);
insert into DIAS_DISPERSION (IDMUNICIPIO, IDBANCO, DIAS_DISPERSION_SL, FREC_DISPERSION_SL, DIAS_DISPERSION_PL, FREC_DISPERSION_PL, DIAS_DISPERSION_SE, FREC_DISPERSION_SE, DIAS_DISPERSION_PE, FREC_DISPERSION_PE)
values ('41551000', '02', 0, 3, 0, 3, 0, 3, 0, 3);
insert into DIAS_DISPERSION (IDMUNICIPIO, IDBANCO, DIAS_DISPERSION_SL, FREC_DISPERSION_SL, DIAS_DISPERSION_PL, FREC_DISPERSION_PL, DIAS_DISPERSION_SE, FREC_DISPERSION_SE, DIAS_DISPERSION_PE, FREC_DISPERSION_PE)
values ('41791000', '02', 0, 3, 0, 3, 0, 3, 0, 3);
insert into DIAS_DISPERSION (IDMUNICIPIO, IDBANCO, DIAS_DISPERSION_SL, FREC_DISPERSION_SL, DIAS_DISPERSION_PL, FREC_DISPERSION_PL, DIAS_DISPERSION_SE, FREC_DISPERSION_SE, DIAS_DISPERSION_PE, FREC_DISPERSION_PE)
values ('41807000', '02', 0, 3, 0, 3, 0, 3, 0, 3);
insert into DIAS_DISPERSION (IDMUNICIPIO, IDBANCO, DIAS_DISPERSION_SL, FREC_DISPERSION_SL, DIAS_DISPERSION_PL, FREC_DISPERSION_PL, DIAS_DISPERSION_SE, FREC_DISPERSION_SE, DIAS_DISPERSION_PE, FREC_DISPERSION_PE)
values ('44000000', '02', 0, 3, 0, 3, 0, 3, 0, 3);
insert into DIAS_DISPERSION (IDMUNICIPIO, IDBANCO, DIAS_DISPERSION_SL, FREC_DISPERSION_SL, DIAS_DISPERSION_PL, FREC_DISPERSION_PL, DIAS_DISPERSION_SE, FREC_DISPERSION_SE, DIAS_DISPERSION_PE, FREC_DISPERSION_PE)
values ('44001000', '02', 0, 3, 0, 3, 0, 3, 0, 3);
insert into DIAS_DISPERSION (IDMUNICIPIO, IDBANCO, DIAS_DISPERSION_SL, FREC_DISPERSION_SL, DIAS_DISPERSION_PL, FREC_DISPERSION_PL, DIAS_DISPERSION_SE, FREC_DISPERSION_SE, DIAS_DISPERSION_PE, FREC_DISPERSION_PE)
values ('47001000', '02', 0, 3, 0, 3, 0, 3, 0, 3);
insert into DIAS_DISPERSION (IDMUNICIPIO, IDBANCO, DIAS_DISPERSION_SL, FREC_DISPERSION_SL, DIAS_DISPERSION_PL, FREC_DISPERSION_PL, DIAS_DISPERSION_SE, FREC_DISPERSION_SE, DIAS_DISPERSION_PE, FREC_DISPERSION_PE)
values ('47053000', '02', 0, 3, 0, 3, 0, 3, 0, 3);
insert into DIAS_DISPERSION (IDMUNICIPIO, IDBANCO, DIAS_DISPERSION_SL, FREC_DISPERSION_SL, DIAS_DISPERSION_PL, FREC_DISPERSION_PL, DIAS_DISPERSION_SE, FREC_DISPERSION_SE, DIAS_DISPERSION_PE, FREC_DISPERSION_PE)
values ('47189000', '02', 0, 3, 0, 3, 0, 3, 0, 3);
insert into DIAS_DISPERSION (IDMUNICIPIO, IDBANCO, DIAS_DISPERSION_SL, FREC_DISPERSION_SL, DIAS_DISPERSION_PL, FREC_DISPERSION_PL, DIAS_DISPERSION_SE, FREC_DISPERSION_SE, DIAS_DISPERSION_PE, FREC_DISPERSION_PE)
values ('47245000', '02', 0, 3, 0, 3, 0, 3, 0, 3);
insert into DIAS_DISPERSION (IDMUNICIPIO, IDBANCO, DIAS_DISPERSION_SL, FREC_DISPERSION_SL, DIAS_DISPERSION_PL, FREC_DISPERSION_PL, DIAS_DISPERSION_SE, FREC_DISPERSION_SE, DIAS_DISPERSION_PE, FREC_DISPERSION_PE)
values ('08638000', '02', 0, 3, 0, 3, 0, 3, 0, 3);
insert into DIAS_DISPERSION (IDMUNICIPIO, IDBANCO, DIAS_DISPERSION_SL, FREC_DISPERSION_SL, DIAS_DISPERSION_PL, FREC_DISPERSION_PL, DIAS_DISPERSION_SE, FREC_DISPERSION_SE, DIAS_DISPERSION_PE, FREC_DISPERSION_PE)
values ('08685000', '02', 0, 3, 0, 3, 0, 3, 0, 3);
insert into DIAS_DISPERSION (IDMUNICIPIO, IDBANCO, DIAS_DISPERSION_SL, FREC_DISPERSION_SL, DIAS_DISPERSION_PL, FREC_DISPERSION_PL, DIAS_DISPERSION_SE, FREC_DISPERSION_SE, DIAS_DISPERSION_PE, FREC_DISPERSION_PE)
values ('08758000', '02', 0, 3, 0, 3, 0, 3, 0, 3);
insert into DIAS_DISPERSION (IDMUNICIPIO, IDBANCO, DIAS_DISPERSION_SL, FREC_DISPERSION_SL, DIAS_DISPERSION_PL, FREC_DISPERSION_PL, DIAS_DISPERSION_SE, FREC_DISPERSION_SE, DIAS_DISPERSION_PE, FREC_DISPERSION_PE)
values ('08770000', '02', 0, 3, 0, 3, 0, 3, 0, 3);
insert into DIAS_DISPERSION (IDMUNICIPIO, IDBANCO, DIAS_DISPERSION_SL, FREC_DISPERSION_SL, DIAS_DISPERSION_PL, FREC_DISPERSION_PL, DIAS_DISPERSION_SE, FREC_DISPERSION_SE, DIAS_DISPERSION_PE, FREC_DISPERSION_PE)
values ('08849000', '02', 0, 3, 0, 3, 0, 3, 0, 3);
insert into DIAS_DISPERSION (IDMUNICIPIO, IDBANCO, DIAS_DISPERSION_SL, FREC_DISPERSION_SL, DIAS_DISPERSION_PL, FREC_DISPERSION_PL, DIAS_DISPERSION_SE, FREC_DISPERSION_SE, DIAS_DISPERSION_PE, FREC_DISPERSION_PE)
values ('11001000', '02', 0, 3, 0, 3, 0, 3, 0, 3);
insert into DIAS_DISPERSION (IDMUNICIPIO, IDBANCO, DIAS_DISPERSION_SL, FREC_DISPERSION_SL, DIAS_DISPERSION_PL, FREC_DISPERSION_PL, DIAS_DISPERSION_SE, FREC_DISPERSION_SE, DIAS_DISPERSION_PE, FREC_DISPERSION_PE)
values ('13000000', '02', 0, 3, 0, 3, 0, 3, 0, 3);
insert into DIAS_DISPERSION (IDMUNICIPIO, IDBANCO, DIAS_DISPERSION_SL, FREC_DISPERSION_SL, DIAS_DISPERSION_PL, FREC_DISPERSION_PL, DIAS_DISPERSION_SE, FREC_DISPERSION_SE, DIAS_DISPERSION_PE, FREC_DISPERSION_PE)
values ('13001000', '02', 0, 3, 0, 3, 0, 3, 0, 3);
insert into DIAS_DISPERSION (IDMUNICIPIO, IDBANCO, DIAS_DISPERSION_SL, FREC_DISPERSION_SL, DIAS_DISPERSION_PL, FREC_DISPERSION_PL, DIAS_DISPERSION_SE, FREC_DISPERSION_SE, DIAS_DISPERSION_PE, FREC_DISPERSION_PE)
values ('13052000', '02', 0, 3, 0, 3, 0, 3, 0, 3);
insert into DIAS_DISPERSION (IDMUNICIPIO, IDBANCO, DIAS_DISPERSION_SL, FREC_DISPERSION_SL, DIAS_DISPERSION_PL, FREC_DISPERSION_PL, DIAS_DISPERSION_SE, FREC_DISPERSION_SE, DIAS_DISPERSION_PE, FREC_DISPERSION_PE)
values ('13222000', '02', 0, 3, 0, 3, 0, 3, 0, 3);
commit;
prompt 1000 records committed...
insert into DIAS_DISPERSION (IDMUNICIPIO, IDBANCO, DIAS_DISPERSION_SL, FREC_DISPERSION_SL, DIAS_DISPERSION_PL, FREC_DISPERSION_PL, DIAS_DISPERSION_SE, FREC_DISPERSION_SE, DIAS_DISPERSION_PE, FREC_DISPERSION_PE)
values ('19100000', '02', 0, 3, 0, 3, 0, 3, 0, 3);
insert into DIAS_DISPERSION (IDMUNICIPIO, IDBANCO, DIAS_DISPERSION_SL, FREC_DISPERSION_SL, DIAS_DISPERSION_PL, FREC_DISPERSION_PL, DIAS_DISPERSION_SE, FREC_DISPERSION_SE, DIAS_DISPERSION_PE, FREC_DISPERSION_PE)
values ('05044000', '02', 0, 3, 0, 3, 0, 3, 0, 3);
insert into DIAS_DISPERSION (IDMUNICIPIO, IDBANCO, DIAS_DISPERSION_SL, FREC_DISPERSION_SL, DIAS_DISPERSION_PL, FREC_DISPERSION_PL, DIAS_DISPERSION_SE, FREC_DISPERSION_SE, DIAS_DISPERSION_PE, FREC_DISPERSION_PE)
values ('05002000', '02', 0, 3, 0, 3, 0, 3, 0, 3);
insert into DIAS_DISPERSION (IDMUNICIPIO, IDBANCO, DIAS_DISPERSION_SL, FREC_DISPERSION_SL, DIAS_DISPERSION_PL, FREC_DISPERSION_PL, DIAS_DISPERSION_SE, FREC_DISPERSION_SE, DIAS_DISPERSION_PE, FREC_DISPERSION_PE)
values ('27245000', '02', 0, 3, 0, 3, 0, 3, 0, 3);
insert into DIAS_DISPERSION (IDMUNICIPIO, IDBANCO, DIAS_DISPERSION_SL, FREC_DISPERSION_SL, DIAS_DISPERSION_PL, FREC_DISPERSION_PL, DIAS_DISPERSION_SE, FREC_DISPERSION_SE, DIAS_DISPERSION_PE, FREC_DISPERSION_PE)
values ('05490000', '02', 0, 3, 0, 3, 0, 3, 0, 3);
insert into DIAS_DISPERSION (IDMUNICIPIO, IDBANCO, DIAS_DISPERSION_SL, FREC_DISPERSION_SL, DIAS_DISPERSION_PL, FREC_DISPERSION_PL, DIAS_DISPERSION_SE, FREC_DISPERSION_SE, DIAS_DISPERSION_PE, FREC_DISPERSION_PE)
values ('08832000', '02', 0, 3, 0, 3, 0, 3, 0, 3);
insert into DIAS_DISPERSION (IDMUNICIPIO, IDBANCO, DIAS_DISPERSION_SL, FREC_DISPERSION_SL, DIAS_DISPERSION_PL, FREC_DISPERSION_PL, DIAS_DISPERSION_SE, FREC_DISPERSION_SE, DIAS_DISPERSION_PE, FREC_DISPERSION_PE)
values ('47288000', '02', 0, 3, 0, 3, 0, 3, 0, 3);
insert into DIAS_DISPERSION (IDMUNICIPIO, IDBANCO, DIAS_DISPERSION_SL, FREC_DISPERSION_SL, DIAS_DISPERSION_PL, FREC_DISPERSION_PL, DIAS_DISPERSION_SE, FREC_DISPERSION_SE, DIAS_DISPERSION_PE, FREC_DISPERSION_PE)
values ('47555000', '02', 0, 3, 0, 3, 0, 3, 0, 3);
insert into DIAS_DISPERSION (IDMUNICIPIO, IDBANCO, DIAS_DISPERSION_SL, FREC_DISPERSION_SL, DIAS_DISPERSION_PL, FREC_DISPERSION_PL, DIAS_DISPERSION_SE, FREC_DISPERSION_SE, DIAS_DISPERSION_PE, FREC_DISPERSION_PE)
values ('50000000', '02', 0, 3, 0, 3, 0, 3, 0, 3);
insert into DIAS_DISPERSION (IDMUNICIPIO, IDBANCO, DIAS_DISPERSION_SL, FREC_DISPERSION_SL, DIAS_DISPERSION_PL, FREC_DISPERSION_PL, DIAS_DISPERSION_SE, FREC_DISPERSION_SE, DIAS_DISPERSION_PE, FREC_DISPERSION_PE)
values ('50001000', '02', 0, 3, 0, 3, 0, 3, 0, 3);
insert into DIAS_DISPERSION (IDMUNICIPIO, IDBANCO, DIAS_DISPERSION_SL, FREC_DISPERSION_SL, DIAS_DISPERSION_PL, FREC_DISPERSION_PL, DIAS_DISPERSION_SE, FREC_DISPERSION_SE, DIAS_DISPERSION_PE, FREC_DISPERSION_PE)
values ('50006000', '02', 0, 3, 0, 3, 0, 3, 0, 3);
insert into DIAS_DISPERSION (IDMUNICIPIO, IDBANCO, DIAS_DISPERSION_SL, FREC_DISPERSION_SL, DIAS_DISPERSION_PL, FREC_DISPERSION_PL, DIAS_DISPERSION_SE, FREC_DISPERSION_SE, DIAS_DISPERSION_PE, FREC_DISPERSION_PE)
values ('50313000', '02', 0, 3, 0, 3, 0, 3, 0, 3);
insert into DIAS_DISPERSION (IDMUNICIPIO, IDBANCO, DIAS_DISPERSION_SL, FREC_DISPERSION_SL, DIAS_DISPERSION_PL, FREC_DISPERSION_PL, DIAS_DISPERSION_SE, FREC_DISPERSION_SE, DIAS_DISPERSION_PE, FREC_DISPERSION_PE)
values ('50606000', '02', 0, 3, 0, 3, 0, 3, 0, 3);
insert into DIAS_DISPERSION (IDMUNICIPIO, IDBANCO, DIAS_DISPERSION_SL, FREC_DISPERSION_SL, DIAS_DISPERSION_PL, FREC_DISPERSION_PL, DIAS_DISPERSION_SE, FREC_DISPERSION_SE, DIAS_DISPERSION_PE, FREC_DISPERSION_PE)
values ('52000000', '02', 0, 3, 0, 3, 0, 3, 0, 3);
insert into DIAS_DISPERSION (IDMUNICIPIO, IDBANCO, DIAS_DISPERSION_SL, FREC_DISPERSION_SL, DIAS_DISPERSION_PL, FREC_DISPERSION_PL, DIAS_DISPERSION_SE, FREC_DISPERSION_SE, DIAS_DISPERSION_PE, FREC_DISPERSION_PE)
values ('52001000', '02', 0, 3, 0, 3, 0, 3, 0, 3);
insert into DIAS_DISPERSION (IDMUNICIPIO, IDBANCO, DIAS_DISPERSION_SL, FREC_DISPERSION_SL, DIAS_DISPERSION_PL, FREC_DISPERSION_PL, DIAS_DISPERSION_SE, FREC_DISPERSION_SE, DIAS_DISPERSION_PE, FREC_DISPERSION_PE)
values ('52356000', '02', 0, 3, 0, 3, 0, 3, 0, 3);
insert into DIAS_DISPERSION (IDMUNICIPIO, IDBANCO, DIAS_DISPERSION_SL, FREC_DISPERSION_SL, DIAS_DISPERSION_PL, FREC_DISPERSION_PL, DIAS_DISPERSION_SE, FREC_DISPERSION_SE, DIAS_DISPERSION_PE, FREC_DISPERSION_PE)
values ('52480000', '02', 0, 3, 0, 3, 0, 3, 0, 3);
insert into DIAS_DISPERSION (IDMUNICIPIO, IDBANCO, DIAS_DISPERSION_SL, FREC_DISPERSION_SL, DIAS_DISPERSION_PL, FREC_DISPERSION_PL, DIAS_DISPERSION_SE, FREC_DISPERSION_SE, DIAS_DISPERSION_PE, FREC_DISPERSION_PE)
values ('52835000', '02', 0, 3, 0, 3, 0, 3, 0, 3);
insert into DIAS_DISPERSION (IDMUNICIPIO, IDBANCO, DIAS_DISPERSION_SL, FREC_DISPERSION_SL, DIAS_DISPERSION_PL, FREC_DISPERSION_PL, DIAS_DISPERSION_SE, FREC_DISPERSION_SE, DIAS_DISPERSION_PE, FREC_DISPERSION_PE)
values ('52838000', '02', 0, 3, 0, 3, 0, 3, 0, 3);
insert into DIAS_DISPERSION (IDMUNICIPIO, IDBANCO, DIAS_DISPERSION_SL, FREC_DISPERSION_SL, DIAS_DISPERSION_PL, FREC_DISPERSION_PL, DIAS_DISPERSION_SE, FREC_DISPERSION_SE, DIAS_DISPERSION_PE, FREC_DISPERSION_PE)
values ('54001000', '02', 0, 3, 0, 3, 0, 3, 0, 3);
insert into DIAS_DISPERSION (IDMUNICIPIO, IDBANCO, DIAS_DISPERSION_SL, FREC_DISPERSION_SL, DIAS_DISPERSION_PL, FREC_DISPERSION_PL, DIAS_DISPERSION_SE, FREC_DISPERSION_SE, DIAS_DISPERSION_PE, FREC_DISPERSION_PE)
values ('54003000', '02', 0, 3, 0, 3, 0, 3, 0, 3);
insert into DIAS_DISPERSION (IDMUNICIPIO, IDBANCO, DIAS_DISPERSION_SL, FREC_DISPERSION_SL, DIAS_DISPERSION_PL, FREC_DISPERSION_PL, DIAS_DISPERSION_SE, FREC_DISPERSION_SE, DIAS_DISPERSION_PE, FREC_DISPERSION_PE)
values ('54206000', '02', 0, 3, 0, 3, 0, 3, 0, 3);
insert into DIAS_DISPERSION (IDMUNICIPIO, IDBANCO, DIAS_DISPERSION_SL, FREC_DISPERSION_SL, DIAS_DISPERSION_PL, FREC_DISPERSION_PL, DIAS_DISPERSION_SE, FREC_DISPERSION_SE, DIAS_DISPERSION_PE, FREC_DISPERSION_PE)
values ('54261000', '02', 0, 3, 0, 3, 0, 3, 0, 3);
insert into DIAS_DISPERSION (IDMUNICIPIO, IDBANCO, DIAS_DISPERSION_SL, FREC_DISPERSION_SL, DIAS_DISPERSION_PL, FREC_DISPERSION_PL, DIAS_DISPERSION_SE, FREC_DISPERSION_SE, DIAS_DISPERSION_PE, FREC_DISPERSION_PE)
values ('54405000', '02', 0, 3, 0, 3, 0, 3, 0, 3);
insert into DIAS_DISPERSION (IDMUNICIPIO, IDBANCO, DIAS_DISPERSION_SL, FREC_DISPERSION_SL, DIAS_DISPERSION_PL, FREC_DISPERSION_PL, DIAS_DISPERSION_SE, FREC_DISPERSION_SE, DIAS_DISPERSION_PE, FREC_DISPERSION_PE)
values ('54498000', '02', 0, 3, 0, 3, 0, 3, 0, 3);
insert into DIAS_DISPERSION (IDMUNICIPIO, IDBANCO, DIAS_DISPERSION_SL, FREC_DISPERSION_SL, DIAS_DISPERSION_PL, FREC_DISPERSION_PL, DIAS_DISPERSION_SE, FREC_DISPERSION_SE, DIAS_DISPERSION_PE, FREC_DISPERSION_PE)
values ('54518000', '02', 0, 3, 0, 3, 0, 3, 0, 3);
insert into DIAS_DISPERSION (IDMUNICIPIO, IDBANCO, DIAS_DISPERSION_SL, FREC_DISPERSION_SL, DIAS_DISPERSION_PL, FREC_DISPERSION_PL, DIAS_DISPERSION_SE, FREC_DISPERSION_SE, DIAS_DISPERSION_PE, FREC_DISPERSION_PE)
values ('54874000', '02', 0, 3, 0, 3, 0, 3, 0, 3);
insert into DIAS_DISPERSION (IDMUNICIPIO, IDBANCO, DIAS_DISPERSION_SL, FREC_DISPERSION_SL, DIAS_DISPERSION_PL, FREC_DISPERSION_PL, DIAS_DISPERSION_SE, FREC_DISPERSION_SE, DIAS_DISPERSION_PE, FREC_DISPERSION_PE)
values ('63001000', '02', 0, 3, 0, 3, 0, 3, 0, 3);
insert into DIAS_DISPERSION (IDMUNICIPIO, IDBANCO, DIAS_DISPERSION_SL, FREC_DISPERSION_SL, DIAS_DISPERSION_PL, FREC_DISPERSION_PL, DIAS_DISPERSION_SE, FREC_DISPERSION_SE, DIAS_DISPERSION_PE, FREC_DISPERSION_PE)
values ('63130000', '02', 0, 3, 0, 3, 0, 3, 0, 3);
insert into DIAS_DISPERSION (IDMUNICIPIO, IDBANCO, DIAS_DISPERSION_SL, FREC_DISPERSION_SL, DIAS_DISPERSION_PL, FREC_DISPERSION_PL, DIAS_DISPERSION_SE, FREC_DISPERSION_SE, DIAS_DISPERSION_PE, FREC_DISPERSION_PE)
values ('63190000', '02', 0, 3, 0, 3, 0, 3, 0, 3);
insert into DIAS_DISPERSION (IDMUNICIPIO, IDBANCO, DIAS_DISPERSION_SL, FREC_DISPERSION_SL, DIAS_DISPERSION_PL, FREC_DISPERSION_PL, DIAS_DISPERSION_SE, FREC_DISPERSION_SE, DIAS_DISPERSION_PE, FREC_DISPERSION_PE)
values ('63272000', '02', 0, 3, 0, 3, 0, 3, 0, 3);
insert into DIAS_DISPERSION (IDMUNICIPIO, IDBANCO, DIAS_DISPERSION_SL, FREC_DISPERSION_SL, DIAS_DISPERSION_PL, FREC_DISPERSION_PL, DIAS_DISPERSION_SE, FREC_DISPERSION_SE, DIAS_DISPERSION_PE, FREC_DISPERSION_PE)
values ('63401000', '02', 0, 3, 0, 3, 0, 3, 0, 3);
insert into DIAS_DISPERSION (IDMUNICIPIO, IDBANCO, DIAS_DISPERSION_SL, FREC_DISPERSION_SL, DIAS_DISPERSION_PL, FREC_DISPERSION_PL, DIAS_DISPERSION_SE, FREC_DISPERSION_SE, DIAS_DISPERSION_PE, FREC_DISPERSION_PE)
values ('63470000', '02', 0, 3, 0, 3, 0, 3, 0, 3);
insert into DIAS_DISPERSION (IDMUNICIPIO, IDBANCO, DIAS_DISPERSION_SL, FREC_DISPERSION_SL, DIAS_DISPERSION_PL, FREC_DISPERSION_PL, DIAS_DISPERSION_SE, FREC_DISPERSION_SE, DIAS_DISPERSION_PE, FREC_DISPERSION_PE)
values ('63594000', '02', 0, 3, 0, 3, 0, 3, 0, 3);
insert into DIAS_DISPERSION (IDMUNICIPIO, IDBANCO, DIAS_DISPERSION_SL, FREC_DISPERSION_SL, DIAS_DISPERSION_PL, FREC_DISPERSION_PL, DIAS_DISPERSION_SE, FREC_DISPERSION_SE, DIAS_DISPERSION_PE, FREC_DISPERSION_PE)
values ('63690000', '02', 0, 3, 0, 3, 0, 3, 0, 3);
insert into DIAS_DISPERSION (IDMUNICIPIO, IDBANCO, DIAS_DISPERSION_SL, FREC_DISPERSION_SL, DIAS_DISPERSION_PL, FREC_DISPERSION_PL, DIAS_DISPERSION_SE, FREC_DISPERSION_SE, DIAS_DISPERSION_PE, FREC_DISPERSION_PE)
values ('66001000', '02', 0, 3, 0, 3, 0, 3, 0, 3);
insert into DIAS_DISPERSION (IDMUNICIPIO, IDBANCO, DIAS_DISPERSION_SL, FREC_DISPERSION_SL, DIAS_DISPERSION_PL, FREC_DISPERSION_PL, DIAS_DISPERSION_SE, FREC_DISPERSION_SE, DIAS_DISPERSION_PE, FREC_DISPERSION_PE)
values ('66045000', '02', 0, 3, 0, 3, 0, 3, 0, 3);
insert into DIAS_DISPERSION (IDMUNICIPIO, IDBANCO, DIAS_DISPERSION_SL, FREC_DISPERSION_SL, DIAS_DISPERSION_PL, FREC_DISPERSION_PL, DIAS_DISPERSION_SE, FREC_DISPERSION_SE, DIAS_DISPERSION_PE, FREC_DISPERSION_PE)
values ('66075000', '02', 0, 3, 0, 3, 0, 3, 0, 3);
insert into DIAS_DISPERSION (IDMUNICIPIO, IDBANCO, DIAS_DISPERSION_SL, FREC_DISPERSION_SL, DIAS_DISPERSION_PL, FREC_DISPERSION_PL, DIAS_DISPERSION_SE, FREC_DISPERSION_SE, DIAS_DISPERSION_PE, FREC_DISPERSION_PE)
values ('66088000', '02', 0, 3, 0, 3, 0, 3, 0, 3);
insert into DIAS_DISPERSION (IDMUNICIPIO, IDBANCO, DIAS_DISPERSION_SL, FREC_DISPERSION_SL, DIAS_DISPERSION_PL, FREC_DISPERSION_PL, DIAS_DISPERSION_SE, FREC_DISPERSION_SE, DIAS_DISPERSION_PE, FREC_DISPERSION_PE)
values ('66170000', '02', 0, 3, 0, 3, 0, 3, 0, 3);
insert into DIAS_DISPERSION (IDMUNICIPIO, IDBANCO, DIAS_DISPERSION_SL, FREC_DISPERSION_SL, DIAS_DISPERSION_PL, FREC_DISPERSION_PL, DIAS_DISPERSION_SE, FREC_DISPERSION_SE, DIAS_DISPERSION_PE, FREC_DISPERSION_PE)
values ('66400000', '02', 0, 3, 0, 3, 0, 3, 0, 3);
insert into DIAS_DISPERSION (IDMUNICIPIO, IDBANCO, DIAS_DISPERSION_SL, FREC_DISPERSION_SL, DIAS_DISPERSION_PL, FREC_DISPERSION_PL, DIAS_DISPERSION_SE, FREC_DISPERSION_SE, DIAS_DISPERSION_PE, FREC_DISPERSION_PE)
values ('66594000', '02', 0, 3, 0, 3, 0, 3, 0, 3);
insert into DIAS_DISPERSION (IDMUNICIPIO, IDBANCO, DIAS_DISPERSION_SL, FREC_DISPERSION_SL, DIAS_DISPERSION_PL, FREC_DISPERSION_PL, DIAS_DISPERSION_SE, FREC_DISPERSION_SE, DIAS_DISPERSION_PE, FREC_DISPERSION_PE)
values ('66682000', '02', 0, 3, 0, 3, 0, 3, 0, 3);
insert into DIAS_DISPERSION (IDMUNICIPIO, IDBANCO, DIAS_DISPERSION_SL, FREC_DISPERSION_SL, DIAS_DISPERSION_PL, FREC_DISPERSION_PL, DIAS_DISPERSION_SE, FREC_DISPERSION_SE, DIAS_DISPERSION_PE, FREC_DISPERSION_PE)
values ('68001000', '02', 0, 3, 0, 3, 0, 3, 0, 3);
insert into DIAS_DISPERSION (IDMUNICIPIO, IDBANCO, DIAS_DISPERSION_SL, FREC_DISPERSION_SL, DIAS_DISPERSION_PL, FREC_DISPERSION_PL, DIAS_DISPERSION_SE, FREC_DISPERSION_SE, DIAS_DISPERSION_PE, FREC_DISPERSION_PE)
values ('68051000', '02', 0, 3, 0, 3, 0, 3, 0, 3);
insert into DIAS_DISPERSION (IDMUNICIPIO, IDBANCO, DIAS_DISPERSION_SL, FREC_DISPERSION_SL, DIAS_DISPERSION_PL, FREC_DISPERSION_PL, DIAS_DISPERSION_SE, FREC_DISPERSION_SE, DIAS_DISPERSION_PE, FREC_DISPERSION_PE)
values ('68077000', '02', 0, 3, 0, 3, 0, 3, 0, 3);
insert into DIAS_DISPERSION (IDMUNICIPIO, IDBANCO, DIAS_DISPERSION_SL, FREC_DISPERSION_SL, DIAS_DISPERSION_PL, FREC_DISPERSION_PL, DIAS_DISPERSION_SE, FREC_DISPERSION_SE, DIAS_DISPERSION_PE, FREC_DISPERSION_PE)
values ('68081000', '02', 0, 3, 0, 3, 0, 3, 0, 3);
insert into DIAS_DISPERSION (IDMUNICIPIO, IDBANCO, DIAS_DISPERSION_SL, FREC_DISPERSION_SL, DIAS_DISPERSION_PL, FREC_DISPERSION_PL, DIAS_DISPERSION_SE, FREC_DISPERSION_SE, DIAS_DISPERSION_PE, FREC_DISPERSION_PE)
values ('68167000', '02', 0, 3, 0, 3, 0, 3, 0, 3);
insert into DIAS_DISPERSION (IDMUNICIPIO, IDBANCO, DIAS_DISPERSION_SL, FREC_DISPERSION_SL, DIAS_DISPERSION_PL, FREC_DISPERSION_PL, DIAS_DISPERSION_SE, FREC_DISPERSION_SE, DIAS_DISPERSION_PE, FREC_DISPERSION_PE)
values ('68190000', '02', 0, 3, 0, 3, 0, 3, 0, 3);
insert into DIAS_DISPERSION (IDMUNICIPIO, IDBANCO, DIAS_DISPERSION_SL, FREC_DISPERSION_SL, DIAS_DISPERSION_PL, FREC_DISPERSION_PL, DIAS_DISPERSION_SE, FREC_DISPERSION_SE, DIAS_DISPERSION_PE, FREC_DISPERSION_PE)
values ('68229000', '02', 0, 3, 0, 3, 0, 3, 0, 3);
insert into DIAS_DISPERSION (IDMUNICIPIO, IDBANCO, DIAS_DISPERSION_SL, FREC_DISPERSION_SL, DIAS_DISPERSION_PL, FREC_DISPERSION_PL, DIAS_DISPERSION_SE, FREC_DISPERSION_SE, DIAS_DISPERSION_PE, FREC_DISPERSION_PE)
values ('68255000', '02', 0, 3, 0, 3, 0, 3, 0, 3);
insert into DIAS_DISPERSION (IDMUNICIPIO, IDBANCO, DIAS_DISPERSION_SL, FREC_DISPERSION_SL, DIAS_DISPERSION_PL, FREC_DISPERSION_PL, DIAS_DISPERSION_SE, FREC_DISPERSION_SE, DIAS_DISPERSION_PE, FREC_DISPERSION_PE)
values ('68276000', '02', 0, 3, 0, 3, 0, 3, 0, 3);
insert into DIAS_DISPERSION (IDMUNICIPIO, IDBANCO, DIAS_DISPERSION_SL, FREC_DISPERSION_SL, DIAS_DISPERSION_PL, FREC_DISPERSION_PL, DIAS_DISPERSION_SE, FREC_DISPERSION_SE, DIAS_DISPERSION_PE, FREC_DISPERSION_PE)
values ('68307000', '02', 0, 3, 0, 3, 0, 3, 0, 3);
insert into DIAS_DISPERSION (IDMUNICIPIO, IDBANCO, DIAS_DISPERSION_SL, FREC_DISPERSION_SL, DIAS_DISPERSION_PL, FREC_DISPERSION_PL, DIAS_DISPERSION_SE, FREC_DISPERSION_SE, DIAS_DISPERSION_PE, FREC_DISPERSION_PE)
values ('68397000', '02', 0, 3, 0, 3, 0, 3, 0, 3);
insert into DIAS_DISPERSION (IDMUNICIPIO, IDBANCO, DIAS_DISPERSION_SL, FREC_DISPERSION_SL, DIAS_DISPERSION_PL, FREC_DISPERSION_PL, DIAS_DISPERSION_SE, FREC_DISPERSION_SE, DIAS_DISPERSION_PE, FREC_DISPERSION_PE)
values ('68406000', '02', 0, 3, 0, 3, 0, 3, 0, 3);
insert into DIAS_DISPERSION (IDMUNICIPIO, IDBANCO, DIAS_DISPERSION_SL, FREC_DISPERSION_SL, DIAS_DISPERSION_PL, FREC_DISPERSION_PL, DIAS_DISPERSION_SE, FREC_DISPERSION_SE, DIAS_DISPERSION_PE, FREC_DISPERSION_PE)
values ('68432000', '02', 0, 3, 0, 3, 0, 3, 0, 3);
insert into DIAS_DISPERSION (IDMUNICIPIO, IDBANCO, DIAS_DISPERSION_SL, FREC_DISPERSION_SL, DIAS_DISPERSION_PL, FREC_DISPERSION_PL, DIAS_DISPERSION_SE, FREC_DISPERSION_SE, DIAS_DISPERSION_PE, FREC_DISPERSION_PE)
values ('68500000', '02', 0, 3, 0, 3, 0, 3, 0, 3);
insert into DIAS_DISPERSION (IDMUNICIPIO, IDBANCO, DIAS_DISPERSION_SL, FREC_DISPERSION_SL, DIAS_DISPERSION_PL, FREC_DISPERSION_PL, DIAS_DISPERSION_SE, FREC_DISPERSION_SE, DIAS_DISPERSION_PE, FREC_DISPERSION_PE)
values ('68547000', '02', 0, 3, 0, 3, 0, 3, 0, 3);
insert into DIAS_DISPERSION (IDMUNICIPIO, IDBANCO, DIAS_DISPERSION_SL, FREC_DISPERSION_SL, DIAS_DISPERSION_PL, FREC_DISPERSION_PL, DIAS_DISPERSION_SE, FREC_DISPERSION_SE, DIAS_DISPERSION_PE, FREC_DISPERSION_PE)
values ('68572000', '02', 0, 3, 0, 3, 0, 3, 0, 3);
insert into DIAS_DISPERSION (IDMUNICIPIO, IDBANCO, DIAS_DISPERSION_SL, FREC_DISPERSION_SL, DIAS_DISPERSION_PL, FREC_DISPERSION_PL, DIAS_DISPERSION_SE, FREC_DISPERSION_SE, DIAS_DISPERSION_PE, FREC_DISPERSION_PE)
values ('68615000', '02', 0, 3, 0, 3, 0, 3, 0, 3);
insert into DIAS_DISPERSION (IDMUNICIPIO, IDBANCO, DIAS_DISPERSION_SL, FREC_DISPERSION_SL, DIAS_DISPERSION_PL, FREC_DISPERSION_PL, DIAS_DISPERSION_SE, FREC_DISPERSION_SE, DIAS_DISPERSION_PE, FREC_DISPERSION_PE)
values ('68655000', '02', 0, 3, 0, 3, 0, 3, 0, 3);
insert into DIAS_DISPERSION (IDMUNICIPIO, IDBANCO, DIAS_DISPERSION_SL, FREC_DISPERSION_SL, DIAS_DISPERSION_PL, FREC_DISPERSION_PL, DIAS_DISPERSION_SE, FREC_DISPERSION_SE, DIAS_DISPERSION_PE, FREC_DISPERSION_PE)
values ('68679000', '02', 0, 3, 0, 3, 0, 3, 0, 3);
insert into DIAS_DISPERSION (IDMUNICIPIO, IDBANCO, DIAS_DISPERSION_SL, FREC_DISPERSION_SL, DIAS_DISPERSION_PL, FREC_DISPERSION_PL, DIAS_DISPERSION_SE, FREC_DISPERSION_SE, DIAS_DISPERSION_PE, FREC_DISPERSION_PE)
values ('68689000', '02', 0, 3, 0, 3, 0, 3, 0, 3);
insert into DIAS_DISPERSION (IDMUNICIPIO, IDBANCO, DIAS_DISPERSION_SL, FREC_DISPERSION_SL, DIAS_DISPERSION_PL, FREC_DISPERSION_PL, DIAS_DISPERSION_SE, FREC_DISPERSION_SE, DIAS_DISPERSION_PE, FREC_DISPERSION_PE)
values ('68755000', '02', 0, 3, 0, 3, 0, 3, 0, 3);
insert into DIAS_DISPERSION (IDMUNICIPIO, IDBANCO, DIAS_DISPERSION_SL, FREC_DISPERSION_SL, DIAS_DISPERSION_PL, FREC_DISPERSION_PL, DIAS_DISPERSION_SE, FREC_DISPERSION_SE, DIAS_DISPERSION_PE, FREC_DISPERSION_PE)
values ('68770000', '02', 0, 3, 0, 3, 0, 3, 0, 3);
insert into DIAS_DISPERSION (IDMUNICIPIO, IDBANCO, DIAS_DISPERSION_SL, FREC_DISPERSION_SL, DIAS_DISPERSION_PL, FREC_DISPERSION_PL, DIAS_DISPERSION_SE, FREC_DISPERSION_SE, DIAS_DISPERSION_PE, FREC_DISPERSION_PE)
values ('68861000', '02', 0, 3, 0, 3, 0, 3, 0, 3);
insert into DIAS_DISPERSION (IDMUNICIPIO, IDBANCO, DIAS_DISPERSION_SL, FREC_DISPERSION_SL, DIAS_DISPERSION_PL, FREC_DISPERSION_PL, DIAS_DISPERSION_SE, FREC_DISPERSION_SE, DIAS_DISPERSION_PE, FREC_DISPERSION_PE)
values ('70001000', '02', 0, 3, 0, 3, 0, 3, 0, 3);
insert into DIAS_DISPERSION (IDMUNICIPIO, IDBANCO, DIAS_DISPERSION_SL, FREC_DISPERSION_SL, DIAS_DISPERSION_PL, FREC_DISPERSION_PL, DIAS_DISPERSION_SE, FREC_DISPERSION_SE, DIAS_DISPERSION_PE, FREC_DISPERSION_PE)
values ('70215000', '02', 0, 3, 0, 3, 0, 3, 0, 3);
insert into DIAS_DISPERSION (IDMUNICIPIO, IDBANCO, DIAS_DISPERSION_SL, FREC_DISPERSION_SL, DIAS_DISPERSION_PL, FREC_DISPERSION_PL, DIAS_DISPERSION_SE, FREC_DISPERSION_SE, DIAS_DISPERSION_PE, FREC_DISPERSION_PE)
values ('70670000', '02', 0, 3, 0, 3, 0, 3, 0, 3);
insert into DIAS_DISPERSION (IDMUNICIPIO, IDBANCO, DIAS_DISPERSION_SL, FREC_DISPERSION_SL, DIAS_DISPERSION_PL, FREC_DISPERSION_PL, DIAS_DISPERSION_SE, FREC_DISPERSION_SE, DIAS_DISPERSION_PE, FREC_DISPERSION_PE)
values ('73000000', '02', 0, 3, 0, 3, 0, 3, 0, 3);
insert into DIAS_DISPERSION (IDMUNICIPIO, IDBANCO, DIAS_DISPERSION_SL, FREC_DISPERSION_SL, DIAS_DISPERSION_PL, FREC_DISPERSION_PL, DIAS_DISPERSION_SE, FREC_DISPERSION_SE, DIAS_DISPERSION_PE, FREC_DISPERSION_PE)
values ('73001000', '02', 0, 3, 0, 3, 0, 3, 0, 3);
insert into DIAS_DISPERSION (IDMUNICIPIO, IDBANCO, DIAS_DISPERSION_SL, FREC_DISPERSION_SL, DIAS_DISPERSION_PL, FREC_DISPERSION_PL, DIAS_DISPERSION_SE, FREC_DISPERSION_SE, DIAS_DISPERSION_PE, FREC_DISPERSION_PE)
values ('73026000', '02', 0, 3, 0, 3, 0, 3, 0, 3);
insert into DIAS_DISPERSION (IDMUNICIPIO, IDBANCO, DIAS_DISPERSION_SL, FREC_DISPERSION_SL, DIAS_DISPERSION_PL, FREC_DISPERSION_PL, DIAS_DISPERSION_SE, FREC_DISPERSION_SE, DIAS_DISPERSION_PE, FREC_DISPERSION_PE)
values ('73055000', '02', 0, 3, 0, 3, 0, 3, 0, 3);
insert into DIAS_DISPERSION (IDMUNICIPIO, IDBANCO, DIAS_DISPERSION_SL, FREC_DISPERSION_SL, DIAS_DISPERSION_PL, FREC_DISPERSION_PL, DIAS_DISPERSION_SE, FREC_DISPERSION_SE, DIAS_DISPERSION_PE, FREC_DISPERSION_PE)
values ('73124000', '02', 0, 3, 0, 3, 0, 3, 0, 3);
insert into DIAS_DISPERSION (IDMUNICIPIO, IDBANCO, DIAS_DISPERSION_SL, FREC_DISPERSION_SL, DIAS_DISPERSION_PL, FREC_DISPERSION_PL, DIAS_DISPERSION_SE, FREC_DISPERSION_SE, DIAS_DISPERSION_PE, FREC_DISPERSION_PE)
values ('73168000', '02', 0, 3, 0, 3, 0, 3, 0, 3);
insert into DIAS_DISPERSION (IDMUNICIPIO, IDBANCO, DIAS_DISPERSION_SL, FREC_DISPERSION_SL, DIAS_DISPERSION_PL, FREC_DISPERSION_PL, DIAS_DISPERSION_SE, FREC_DISPERSION_SE, DIAS_DISPERSION_PE, FREC_DISPERSION_PE)
values ('73268000', '02', 0, 3, 0, 3, 0, 3, 0, 3);
insert into DIAS_DISPERSION (IDMUNICIPIO, IDBANCO, DIAS_DISPERSION_SL, FREC_DISPERSION_SL, DIAS_DISPERSION_PL, FREC_DISPERSION_PL, DIAS_DISPERSION_SE, FREC_DISPERSION_SE, DIAS_DISPERSION_PE, FREC_DISPERSION_PE)
values ('73283000', '02', 0, 3, 0, 3, 0, 3, 0, 3);
insert into DIAS_DISPERSION (IDMUNICIPIO, IDBANCO, DIAS_DISPERSION_SL, FREC_DISPERSION_SL, DIAS_DISPERSION_PL, FREC_DISPERSION_PL, DIAS_DISPERSION_SE, FREC_DISPERSION_SE, DIAS_DISPERSION_PE, FREC_DISPERSION_PE)
values ('73319000', '02', 0, 3, 0, 3, 0, 3, 0, 3);
insert into DIAS_DISPERSION (IDMUNICIPIO, IDBANCO, DIAS_DISPERSION_SL, FREC_DISPERSION_SL, DIAS_DISPERSION_PL, FREC_DISPERSION_PL, DIAS_DISPERSION_SE, FREC_DISPERSION_SE, DIAS_DISPERSION_PE, FREC_DISPERSION_PE)
values ('73349000', '02', 0, 3, 0, 3, 0, 3, 0, 3);
insert into DIAS_DISPERSION (IDMUNICIPIO, IDBANCO, DIAS_DISPERSION_SL, FREC_DISPERSION_SL, DIAS_DISPERSION_PL, FREC_DISPERSION_PL, DIAS_DISPERSION_SE, FREC_DISPERSION_SE, DIAS_DISPERSION_PE, FREC_DISPERSION_PE)
values ('73411000', '02', 0, 3, 0, 3, 0, 3, 0, 3);
insert into DIAS_DISPERSION (IDMUNICIPIO, IDBANCO, DIAS_DISPERSION_SL, FREC_DISPERSION_SL, DIAS_DISPERSION_PL, FREC_DISPERSION_PL, DIAS_DISPERSION_SE, FREC_DISPERSION_SE, DIAS_DISPERSION_PE, FREC_DISPERSION_PE)
values ('73443000', '02', 0, 3, 0, 3, 0, 3, 0, 3);
insert into DIAS_DISPERSION (IDMUNICIPIO, IDBANCO, DIAS_DISPERSION_SL, FREC_DISPERSION_SL, DIAS_DISPERSION_PL, FREC_DISPERSION_PL, DIAS_DISPERSION_SE, FREC_DISPERSION_SE, DIAS_DISPERSION_PE, FREC_DISPERSION_PE)
values ('73449000', '02', 0, 3, 0, 3, 0, 3, 0, 3);
insert into DIAS_DISPERSION (IDMUNICIPIO, IDBANCO, DIAS_DISPERSION_SL, FREC_DISPERSION_SL, DIAS_DISPERSION_PL, FREC_DISPERSION_PL, DIAS_DISPERSION_SE, FREC_DISPERSION_SE, DIAS_DISPERSION_PE, FREC_DISPERSION_PE)
values ('73585000', '02', 0, 3, 0, 3, 0, 3, 0, 3);
insert into DIAS_DISPERSION (IDMUNICIPIO, IDBANCO, DIAS_DISPERSION_SL, FREC_DISPERSION_SL, DIAS_DISPERSION_PL, FREC_DISPERSION_PL, DIAS_DISPERSION_SE, FREC_DISPERSION_SE, DIAS_DISPERSION_PE, FREC_DISPERSION_PE)
values ('73873000', '02', 0, 3, 0, 3, 0, 3, 0, 3);
insert into DIAS_DISPERSION (IDMUNICIPIO, IDBANCO, DIAS_DISPERSION_SL, FREC_DISPERSION_SL, DIAS_DISPERSION_PL, FREC_DISPERSION_PL, DIAS_DISPERSION_SE, FREC_DISPERSION_SE, DIAS_DISPERSION_PE, FREC_DISPERSION_PE)
values ('76001000', '02', 0, 3, 0, 3, 0, 3, 0, 3);
insert into DIAS_DISPERSION (IDMUNICIPIO, IDBANCO, DIAS_DISPERSION_SL, FREC_DISPERSION_SL, DIAS_DISPERSION_PL, FREC_DISPERSION_PL, DIAS_DISPERSION_SE, FREC_DISPERSION_SE, DIAS_DISPERSION_PE, FREC_DISPERSION_PE)
values ('76036000', '02', 0, 3, 0, 3, 0, 3, 0, 3);
insert into DIAS_DISPERSION (IDMUNICIPIO, IDBANCO, DIAS_DISPERSION_SL, FREC_DISPERSION_SL, DIAS_DISPERSION_PL, FREC_DISPERSION_PL, DIAS_DISPERSION_SE, FREC_DISPERSION_SE, DIAS_DISPERSION_PE, FREC_DISPERSION_PE)
values ('76041000', '02', 0, 3, 0, 3, 0, 3, 0, 3);
insert into DIAS_DISPERSION (IDMUNICIPIO, IDBANCO, DIAS_DISPERSION_SL, FREC_DISPERSION_SL, DIAS_DISPERSION_PL, FREC_DISPERSION_PL, DIAS_DISPERSION_SE, FREC_DISPERSION_SE, DIAS_DISPERSION_PE, FREC_DISPERSION_PE)
values ('76109000', '02', 0, 3, 0, 3, 0, 3, 0, 3);
insert into DIAS_DISPERSION (IDMUNICIPIO, IDBANCO, DIAS_DISPERSION_SL, FREC_DISPERSION_SL, DIAS_DISPERSION_PL, FREC_DISPERSION_PL, DIAS_DISPERSION_SE, FREC_DISPERSION_SE, DIAS_DISPERSION_PE, FREC_DISPERSION_PE)
values ('76111000', '02', 0, 3, 0, 3, 0, 3, 0, 3);
insert into DIAS_DISPERSION (IDMUNICIPIO, IDBANCO, DIAS_DISPERSION_SL, FREC_DISPERSION_SL, DIAS_DISPERSION_PL, FREC_DISPERSION_PL, DIAS_DISPERSION_SE, FREC_DISPERSION_SE, DIAS_DISPERSION_PE, FREC_DISPERSION_PE)
values ('76113000', '02', 0, 3, 0, 3, 0, 3, 0, 3);
insert into DIAS_DISPERSION (IDMUNICIPIO, IDBANCO, DIAS_DISPERSION_SL, FREC_DISPERSION_SL, DIAS_DISPERSION_PL, FREC_DISPERSION_PL, DIAS_DISPERSION_SE, FREC_DISPERSION_SE, DIAS_DISPERSION_PE, FREC_DISPERSION_PE)
values ('76122000', '02', 0, 3, 0, 3, 0, 3, 0, 3);
insert into DIAS_DISPERSION (IDMUNICIPIO, IDBANCO, DIAS_DISPERSION_SL, FREC_DISPERSION_SL, DIAS_DISPERSION_PL, FREC_DISPERSION_PL, DIAS_DISPERSION_SE, FREC_DISPERSION_SE, DIAS_DISPERSION_PE, FREC_DISPERSION_PE)
values ('76130000', '02', 0, 3, 0, 3, 0, 3, 0, 3);
insert into DIAS_DISPERSION (IDMUNICIPIO, IDBANCO, DIAS_DISPERSION_SL, FREC_DISPERSION_SL, DIAS_DISPERSION_PL, FREC_DISPERSION_PL, DIAS_DISPERSION_SE, FREC_DISPERSION_SE, DIAS_DISPERSION_PE, FREC_DISPERSION_PE)
values ('76147000', '02', 0, 3, 0, 3, 0, 3, 0, 3);
insert into DIAS_DISPERSION (IDMUNICIPIO, IDBANCO, DIAS_DISPERSION_SL, FREC_DISPERSION_SL, DIAS_DISPERSION_PL, FREC_DISPERSION_PL, DIAS_DISPERSION_SE, FREC_DISPERSION_SE, DIAS_DISPERSION_PE, FREC_DISPERSION_PE)
values ('76223000', '02', 0, 3, 0, 3, 0, 3, 0, 3);
insert into DIAS_DISPERSION (IDMUNICIPIO, IDBANCO, DIAS_DISPERSION_SL, FREC_DISPERSION_SL, DIAS_DISPERSION_PL, FREC_DISPERSION_PL, DIAS_DISPERSION_SE, FREC_DISPERSION_SE, DIAS_DISPERSION_PE, FREC_DISPERSION_PE)
values ('76248000', '02', 0, 3, 0, 3, 0, 3, 0, 3);
insert into DIAS_DISPERSION (IDMUNICIPIO, IDBANCO, DIAS_DISPERSION_SL, FREC_DISPERSION_SL, DIAS_DISPERSION_PL, FREC_DISPERSION_PL, DIAS_DISPERSION_SE, FREC_DISPERSION_SE, DIAS_DISPERSION_PE, FREC_DISPERSION_PE)
values ('76275000', '02', 0, 3, 0, 3, 0, 3, 0, 3);
insert into DIAS_DISPERSION (IDMUNICIPIO, IDBANCO, DIAS_DISPERSION_SL, FREC_DISPERSION_SL, DIAS_DISPERSION_PL, FREC_DISPERSION_PL, DIAS_DISPERSION_SE, FREC_DISPERSION_SE, DIAS_DISPERSION_PE, FREC_DISPERSION_PE)
values ('76306000', '02', 0, 3, 0, 3, 0, 3, 0, 3);
insert into DIAS_DISPERSION (IDMUNICIPIO, IDBANCO, DIAS_DISPERSION_SL, FREC_DISPERSION_SL, DIAS_DISPERSION_PL, FREC_DISPERSION_PL, DIAS_DISPERSION_SE, FREC_DISPERSION_SE, DIAS_DISPERSION_PE, FREC_DISPERSION_PE)
values ('76318000', '02', 0, 3, 0, 3, 0, 3, 0, 3);
insert into DIAS_DISPERSION (IDMUNICIPIO, IDBANCO, DIAS_DISPERSION_SL, FREC_DISPERSION_SL, DIAS_DISPERSION_PL, FREC_DISPERSION_PL, DIAS_DISPERSION_SE, FREC_DISPERSION_SE, DIAS_DISPERSION_PE, FREC_DISPERSION_PE)
values ('76364000', '02', 0, 3, 0, 3, 0, 3, 0, 3);
insert into DIAS_DISPERSION (IDMUNICIPIO, IDBANCO, DIAS_DISPERSION_SL, FREC_DISPERSION_SL, DIAS_DISPERSION_PL, FREC_DISPERSION_PL, DIAS_DISPERSION_SE, FREC_DISPERSION_SE, DIAS_DISPERSION_PE, FREC_DISPERSION_PE)
values ('76377000', '02', 0, 3, 0, 3, 0, 3, 0, 3);
commit;
prompt 1100 records committed...
insert into DIAS_DISPERSION (IDMUNICIPIO, IDBANCO, DIAS_DISPERSION_SL, FREC_DISPERSION_SL, DIAS_DISPERSION_PL, FREC_DISPERSION_PL, DIAS_DISPERSION_SE, FREC_DISPERSION_SE, DIAS_DISPERSION_PE, FREC_DISPERSION_PE)
values ('76400000', '02', 0, 3, 0, 3, 0, 3, 0, 3);
insert into DIAS_DISPERSION (IDMUNICIPIO, IDBANCO, DIAS_DISPERSION_SL, FREC_DISPERSION_SL, DIAS_DISPERSION_PL, FREC_DISPERSION_PL, DIAS_DISPERSION_SE, FREC_DISPERSION_SE, DIAS_DISPERSION_PE, FREC_DISPERSION_PE)
values ('76520000', '02', 0, 3, 0, 3, 0, 3, 0, 3);
insert into DIAS_DISPERSION (IDMUNICIPIO, IDBANCO, DIAS_DISPERSION_SL, FREC_DISPERSION_SL, DIAS_DISPERSION_PL, FREC_DISPERSION_PL, DIAS_DISPERSION_SE, FREC_DISPERSION_SE, DIAS_DISPERSION_PE, FREC_DISPERSION_PE)
values ('76563000', '02', 0, 3, 0, 3, 0, 3, 0, 3);
insert into DIAS_DISPERSION (IDMUNICIPIO, IDBANCO, DIAS_DISPERSION_SL, FREC_DISPERSION_SL, DIAS_DISPERSION_PL, FREC_DISPERSION_PL, DIAS_DISPERSION_SE, FREC_DISPERSION_SE, DIAS_DISPERSION_PE, FREC_DISPERSION_PE)
values ('76616000', '02', 0, 3, 0, 3, 0, 3, 0, 3);
insert into DIAS_DISPERSION (IDMUNICIPIO, IDBANCO, DIAS_DISPERSION_SL, FREC_DISPERSION_SL, DIAS_DISPERSION_PL, FREC_DISPERSION_PL, DIAS_DISPERSION_SE, FREC_DISPERSION_SE, DIAS_DISPERSION_PE, FREC_DISPERSION_PE)
values ('76622000', '02', 0, 3, 0, 3, 0, 3, 0, 3);
insert into DIAS_DISPERSION (IDMUNICIPIO, IDBANCO, DIAS_DISPERSION_SL, FREC_DISPERSION_SL, DIAS_DISPERSION_PL, FREC_DISPERSION_PL, DIAS_DISPERSION_SE, FREC_DISPERSION_SE, DIAS_DISPERSION_PE, FREC_DISPERSION_PE)
values ('76670000', '02', 0, 3, 0, 3, 0, 3, 0, 3);
insert into DIAS_DISPERSION (IDMUNICIPIO, IDBANCO, DIAS_DISPERSION_SL, FREC_DISPERSION_SL, DIAS_DISPERSION_PL, FREC_DISPERSION_PL, DIAS_DISPERSION_SE, FREC_DISPERSION_SE, DIAS_DISPERSION_PE, FREC_DISPERSION_PE)
values ('76736000', '02', 0, 3, 0, 3, 0, 3, 0, 3);
insert into DIAS_DISPERSION (IDMUNICIPIO, IDBANCO, DIAS_DISPERSION_SL, FREC_DISPERSION_SL, DIAS_DISPERSION_PL, FREC_DISPERSION_PL, DIAS_DISPERSION_SE, FREC_DISPERSION_SE, DIAS_DISPERSION_PE, FREC_DISPERSION_PE)
values ('76823000', '02', 0, 3, 0, 3, 0, 3, 0, 3);
insert into DIAS_DISPERSION (IDMUNICIPIO, IDBANCO, DIAS_DISPERSION_SL, FREC_DISPERSION_SL, DIAS_DISPERSION_PL, FREC_DISPERSION_PL, DIAS_DISPERSION_SE, FREC_DISPERSION_SE, DIAS_DISPERSION_PE, FREC_DISPERSION_PE)
values ('76834000', '02', 0, 3, 0, 3, 0, 3, 0, 3);
insert into DIAS_DISPERSION (IDMUNICIPIO, IDBANCO, DIAS_DISPERSION_SL, FREC_DISPERSION_SL, DIAS_DISPERSION_PL, FREC_DISPERSION_PL, DIAS_DISPERSION_SE, FREC_DISPERSION_SE, DIAS_DISPERSION_PE, FREC_DISPERSION_PE)
values ('76869000', '02', 0, 3, 0, 3, 0, 3, 0, 3);
insert into DIAS_DISPERSION (IDMUNICIPIO, IDBANCO, DIAS_DISPERSION_SL, FREC_DISPERSION_SL, DIAS_DISPERSION_PL, FREC_DISPERSION_PL, DIAS_DISPERSION_SE, FREC_DISPERSION_SE, DIAS_DISPERSION_PE, FREC_DISPERSION_PE)
values ('76890000', '02', 0, 3, 0, 3, 0, 3, 0, 3);
insert into DIAS_DISPERSION (IDMUNICIPIO, IDBANCO, DIAS_DISPERSION_SL, FREC_DISPERSION_SL, DIAS_DISPERSION_PL, FREC_DISPERSION_PL, DIAS_DISPERSION_SE, FREC_DISPERSION_SE, DIAS_DISPERSION_PE, FREC_DISPERSION_PE)
values ('76892000', '02', 0, 3, 0, 3, 0, 3, 0, 3);
insert into DIAS_DISPERSION (IDMUNICIPIO, IDBANCO, DIAS_DISPERSION_SL, FREC_DISPERSION_SL, DIAS_DISPERSION_PL, FREC_DISPERSION_PL, DIAS_DISPERSION_SE, FREC_DISPERSION_SE, DIAS_DISPERSION_PE, FREC_DISPERSION_PE)
values ('76895000', '02', 0, 3, 0, 3, 0, 3, 0, 3);
insert into DIAS_DISPERSION (IDMUNICIPIO, IDBANCO, DIAS_DISPERSION_SL, FREC_DISPERSION_SL, DIAS_DISPERSION_PL, FREC_DISPERSION_PL, DIAS_DISPERSION_SE, FREC_DISPERSION_SE, DIAS_DISPERSION_PE, FREC_DISPERSION_PE)
values ('81001000', '02', 0, 3, 0, 3, 0, 3, 0, 3);
insert into DIAS_DISPERSION (IDMUNICIPIO, IDBANCO, DIAS_DISPERSION_SL, FREC_DISPERSION_SL, DIAS_DISPERSION_PL, FREC_DISPERSION_PL, DIAS_DISPERSION_SE, FREC_DISPERSION_SE, DIAS_DISPERSION_PE, FREC_DISPERSION_PE)
values ('81736000', '02', 0, 3, 0, 3, 0, 3, 0, 3);
insert into DIAS_DISPERSION (IDMUNICIPIO, IDBANCO, DIAS_DISPERSION_SL, FREC_DISPERSION_SL, DIAS_DISPERSION_PL, FREC_DISPERSION_PL, DIAS_DISPERSION_SE, FREC_DISPERSION_SE, DIAS_DISPERSION_PE, FREC_DISPERSION_PE)
values ('85001000', '02', 0, 3, 0, 3, 0, 3, 0, 3);
insert into DIAS_DISPERSION (IDMUNICIPIO, IDBANCO, DIAS_DISPERSION_SL, FREC_DISPERSION_SL, DIAS_DISPERSION_PL, FREC_DISPERSION_PL, DIAS_DISPERSION_SE, FREC_DISPERSION_SE, DIAS_DISPERSION_PE, FREC_DISPERSION_PE)
values ('85010000', '02', 0, 3, 0, 3, 0, 3, 0, 3);
insert into DIAS_DISPERSION (IDMUNICIPIO, IDBANCO, DIAS_DISPERSION_SL, FREC_DISPERSION_SL, DIAS_DISPERSION_PL, FREC_DISPERSION_PL, DIAS_DISPERSION_SE, FREC_DISPERSION_SE, DIAS_DISPERSION_PE, FREC_DISPERSION_PE)
values ('86001000', '02', 0, 3, 0, 3, 0, 3, 0, 3);
insert into DIAS_DISPERSION (IDMUNICIPIO, IDBANCO, DIAS_DISPERSION_SL, FREC_DISPERSION_SL, DIAS_DISPERSION_PL, FREC_DISPERSION_PL, DIAS_DISPERSION_SE, FREC_DISPERSION_SE, DIAS_DISPERSION_PE, FREC_DISPERSION_PE)
values ('86320000', '02', 0, 3, 0, 3, 0, 3, 0, 3);
insert into DIAS_DISPERSION (IDMUNICIPIO, IDBANCO, DIAS_DISPERSION_SL, FREC_DISPERSION_SL, DIAS_DISPERSION_PL, FREC_DISPERSION_PL, DIAS_DISPERSION_SE, FREC_DISPERSION_SE, DIAS_DISPERSION_PE, FREC_DISPERSION_PE)
values ('86568000', '02', 0, 3, 0, 3, 0, 3, 0, 3);
insert into DIAS_DISPERSION (IDMUNICIPIO, IDBANCO, DIAS_DISPERSION_SL, FREC_DISPERSION_SL, DIAS_DISPERSION_PL, FREC_DISPERSION_PL, DIAS_DISPERSION_SE, FREC_DISPERSION_SE, DIAS_DISPERSION_PE, FREC_DISPERSION_PE)
values ('86749000', '02', 0, 3, 0, 3, 0, 3, 0, 3);
insert into DIAS_DISPERSION (IDMUNICIPIO, IDBANCO, DIAS_DISPERSION_SL, FREC_DISPERSION_SL, DIAS_DISPERSION_PL, FREC_DISPERSION_PL, DIAS_DISPERSION_SE, FREC_DISPERSION_SE, DIAS_DISPERSION_PE, FREC_DISPERSION_PE)
values ('86865000', '02', 0, 3, 0, 3, 0, 3, 0, 3);
insert into DIAS_DISPERSION (IDMUNICIPIO, IDBANCO, DIAS_DISPERSION_SL, FREC_DISPERSION_SL, DIAS_DISPERSION_PL, FREC_DISPERSION_PL, DIAS_DISPERSION_SE, FREC_DISPERSION_SE, DIAS_DISPERSION_PE, FREC_DISPERSION_PE)
values ('88001000', '02', 0, 3, 0, 3, 0, 3, 0, 3);
insert into DIAS_DISPERSION (IDMUNICIPIO, IDBANCO, DIAS_DISPERSION_SL, FREC_DISPERSION_SL, DIAS_DISPERSION_PL, FREC_DISPERSION_PL, DIAS_DISPERSION_SE, FREC_DISPERSION_SE, DIAS_DISPERSION_PE, FREC_DISPERSION_PE)
values ('91001000', '02', 0, 3, 0, 3, 0, 3, 0, 3);
insert into DIAS_DISPERSION (IDMUNICIPIO, IDBANCO, DIAS_DISPERSION_SL, FREC_DISPERSION_SL, DIAS_DISPERSION_PL, FREC_DISPERSION_PL, DIAS_DISPERSION_SE, FREC_DISPERSION_SE, DIAS_DISPERSION_PE, FREC_DISPERSION_PE)
values ('94001000', '02', 0, 3, 0, 3, 0, 3, 0, 3);
insert into DIAS_DISPERSION (IDMUNICIPIO, IDBANCO, DIAS_DISPERSION_SL, FREC_DISPERSION_SL, DIAS_DISPERSION_PL, FREC_DISPERSION_PL, DIAS_DISPERSION_SE, FREC_DISPERSION_SE, DIAS_DISPERSION_PE, FREC_DISPERSION_PE)
values ('99001000', '02', 0, 3, 0, 3, 0, 3, 0, 3);
insert into DIAS_DISPERSION (IDMUNICIPIO, IDBANCO, DIAS_DISPERSION_SL, FREC_DISPERSION_SL, DIAS_DISPERSION_PL, FREC_DISPERSION_PL, DIAS_DISPERSION_SE, FREC_DISPERSION_SE, DIAS_DISPERSION_PE, FREC_DISPERSION_PE)
values ('05001000', '02', 0, 3, 0, 3, 0, 3, 0, 3);
insert into DIAS_DISPERSION (IDMUNICIPIO, IDBANCO, DIAS_DISPERSION_SL, FREC_DISPERSION_SL, DIAS_DISPERSION_PL, FREC_DISPERSION_PL, DIAS_DISPERSION_SE, FREC_DISPERSION_SE, DIAS_DISPERSION_PE, FREC_DISPERSION_PE)
values ('05030000', '02', 0, 3, 0, 3, 0, 3, 0, 3);
insert into DIAS_DISPERSION (IDMUNICIPIO, IDBANCO, DIAS_DISPERSION_SL, FREC_DISPERSION_SL, DIAS_DISPERSION_PL, FREC_DISPERSION_PL, DIAS_DISPERSION_SE, FREC_DISPERSION_SE, DIAS_DISPERSION_PE, FREC_DISPERSION_PE)
values ('05031000', '02', 0, 3, 0, 3, 0, 3, 0, 3);
insert into DIAS_DISPERSION (IDMUNICIPIO, IDBANCO, DIAS_DISPERSION_SL, FREC_DISPERSION_SL, DIAS_DISPERSION_PL, FREC_DISPERSION_PL, DIAS_DISPERSION_SE, FREC_DISPERSION_SE, DIAS_DISPERSION_PE, FREC_DISPERSION_PE)
values ('05034000', '02', 0, 3, 0, 3, 0, 3, 0, 3);
insert into DIAS_DISPERSION (IDMUNICIPIO, IDBANCO, DIAS_DISPERSION_SL, FREC_DISPERSION_SL, DIAS_DISPERSION_PL, FREC_DISPERSION_PL, DIAS_DISPERSION_SE, FREC_DISPERSION_SE, DIAS_DISPERSION_PE, FREC_DISPERSION_PE)
values ('05042000', '02', 0, 3, 0, 3, 0, 3, 0, 3);
insert into DIAS_DISPERSION (IDMUNICIPIO, IDBANCO, DIAS_DISPERSION_SL, FREC_DISPERSION_SL, DIAS_DISPERSION_PL, FREC_DISPERSION_PL, DIAS_DISPERSION_SE, FREC_DISPERSION_SE, DIAS_DISPERSION_PE, FREC_DISPERSION_PE)
values ('05045000', '02', 0, 3, 0, 3, 0, 3, 0, 3);
insert into DIAS_DISPERSION (IDMUNICIPIO, IDBANCO, DIAS_DISPERSION_SL, FREC_DISPERSION_SL, DIAS_DISPERSION_PL, FREC_DISPERSION_PL, DIAS_DISPERSION_SE, FREC_DISPERSION_SE, DIAS_DISPERSION_PE, FREC_DISPERSION_PE)
values ('05051000', '02', 0, 3, 0, 3, 0, 3, 0, 3);
insert into DIAS_DISPERSION (IDMUNICIPIO, IDBANCO, DIAS_DISPERSION_SL, FREC_DISPERSION_SL, DIAS_DISPERSION_PL, FREC_DISPERSION_PL, DIAS_DISPERSION_SE, FREC_DISPERSION_SE, DIAS_DISPERSION_PE, FREC_DISPERSION_PE)
values ('05079000', '02', 0, 3, 0, 3, 0, 3, 0, 3);
insert into DIAS_DISPERSION (IDMUNICIPIO, IDBANCO, DIAS_DISPERSION_SL, FREC_DISPERSION_SL, DIAS_DISPERSION_PL, FREC_DISPERSION_PL, DIAS_DISPERSION_SE, FREC_DISPERSION_SE, DIAS_DISPERSION_PE, FREC_DISPERSION_PE)
values ('05088000', '02', 0, 3, 0, 3, 0, 3, 0, 3);
insert into DIAS_DISPERSION (IDMUNICIPIO, IDBANCO, DIAS_DISPERSION_SL, FREC_DISPERSION_SL, DIAS_DISPERSION_PL, FREC_DISPERSION_PL, DIAS_DISPERSION_SE, FREC_DISPERSION_SE, DIAS_DISPERSION_PE, FREC_DISPERSION_PE)
values ('05101000', '02', 0, 3, 0, 3, 0, 3, 0, 3);
insert into DIAS_DISPERSION (IDMUNICIPIO, IDBANCO, DIAS_DISPERSION_SL, FREC_DISPERSION_SL, DIAS_DISPERSION_PL, FREC_DISPERSION_PL, DIAS_DISPERSION_SE, FREC_DISPERSION_SE, DIAS_DISPERSION_PE, FREC_DISPERSION_PE)
values ('05120000', '02', 0, 3, 0, 3, 0, 3, 0, 3);
insert into DIAS_DISPERSION (IDMUNICIPIO, IDBANCO, DIAS_DISPERSION_SL, FREC_DISPERSION_SL, DIAS_DISPERSION_PL, FREC_DISPERSION_PL, DIAS_DISPERSION_SE, FREC_DISPERSION_SE, DIAS_DISPERSION_PE, FREC_DISPERSION_PE)
values ('05129000', '02', 0, 3, 0, 3, 0, 3, 0, 3);
insert into DIAS_DISPERSION (IDMUNICIPIO, IDBANCO, DIAS_DISPERSION_SL, FREC_DISPERSION_SL, DIAS_DISPERSION_PL, FREC_DISPERSION_PL, DIAS_DISPERSION_SE, FREC_DISPERSION_SE, DIAS_DISPERSION_PE, FREC_DISPERSION_PE)
values ('05138000', '02', 0, 3, 0, 3, 0, 3, 0, 3);
insert into DIAS_DISPERSION (IDMUNICIPIO, IDBANCO, DIAS_DISPERSION_SL, FREC_DISPERSION_SL, DIAS_DISPERSION_PL, FREC_DISPERSION_PL, DIAS_DISPERSION_SE, FREC_DISPERSION_SE, DIAS_DISPERSION_PE, FREC_DISPERSION_PE)
values ('05147000', '02', 0, 3, 0, 3, 0, 3, 0, 3);
insert into DIAS_DISPERSION (IDMUNICIPIO, IDBANCO, DIAS_DISPERSION_SL, FREC_DISPERSION_SL, DIAS_DISPERSION_PL, FREC_DISPERSION_PL, DIAS_DISPERSION_SE, FREC_DISPERSION_SE, DIAS_DISPERSION_PE, FREC_DISPERSION_PE)
values ('05148000', '02', 0, 3, 0, 3, 0, 3, 0, 3);
insert into DIAS_DISPERSION (IDMUNICIPIO, IDBANCO, DIAS_DISPERSION_SL, FREC_DISPERSION_SL, DIAS_DISPERSION_PL, FREC_DISPERSION_PL, DIAS_DISPERSION_SE, FREC_DISPERSION_SE, DIAS_DISPERSION_PE, FREC_DISPERSION_PE)
values ('05154000', '02', 0, 3, 0, 3, 0, 3, 0, 3);
insert into DIAS_DISPERSION (IDMUNICIPIO, IDBANCO, DIAS_DISPERSION_SL, FREC_DISPERSION_SL, DIAS_DISPERSION_PL, FREC_DISPERSION_PL, DIAS_DISPERSION_SE, FREC_DISPERSION_SE, DIAS_DISPERSION_PE, FREC_DISPERSION_PE)
values ('05172000', '02', 0, 3, 0, 3, 0, 3, 0, 3);
insert into DIAS_DISPERSION (IDMUNICIPIO, IDBANCO, DIAS_DISPERSION_SL, FREC_DISPERSION_SL, DIAS_DISPERSION_PL, FREC_DISPERSION_PL, DIAS_DISPERSION_SE, FREC_DISPERSION_SE, DIAS_DISPERSION_PE, FREC_DISPERSION_PE)
values ('05190000', '02', 0, 3, 0, 3, 0, 3, 0, 3);
insert into DIAS_DISPERSION (IDMUNICIPIO, IDBANCO, DIAS_DISPERSION_SL, FREC_DISPERSION_SL, DIAS_DISPERSION_PL, FREC_DISPERSION_PL, DIAS_DISPERSION_SE, FREC_DISPERSION_SE, DIAS_DISPERSION_PE, FREC_DISPERSION_PE)
values ('05197000', '02', 0, 3, 0, 3, 0, 3, 0, 3);
insert into DIAS_DISPERSION (IDMUNICIPIO, IDBANCO, DIAS_DISPERSION_SL, FREC_DISPERSION_SL, DIAS_DISPERSION_PL, FREC_DISPERSION_PL, DIAS_DISPERSION_SE, FREC_DISPERSION_SE, DIAS_DISPERSION_PE, FREC_DISPERSION_PE)
values ('05212000', '02', 0, 3, 0, 3, 0, 3, 0, 3);
insert into DIAS_DISPERSION (IDMUNICIPIO, IDBANCO, DIAS_DISPERSION_SL, FREC_DISPERSION_SL, DIAS_DISPERSION_PL, FREC_DISPERSION_PL, DIAS_DISPERSION_SE, FREC_DISPERSION_SE, DIAS_DISPERSION_PE, FREC_DISPERSION_PE)
values ('05237000', '02', 0, 3, 0, 3, 0, 3, 0, 3);
insert into DIAS_DISPERSION (IDMUNICIPIO, IDBANCO, DIAS_DISPERSION_SL, FREC_DISPERSION_SL, DIAS_DISPERSION_PL, FREC_DISPERSION_PL, DIAS_DISPERSION_SE, FREC_DISPERSION_SE, DIAS_DISPERSION_PE, FREC_DISPERSION_PE)
values ('05264000', '02', 0, 3, 0, 3, 0, 3, 0, 3);
insert into DIAS_DISPERSION (IDMUNICIPIO, IDBANCO, DIAS_DISPERSION_SL, FREC_DISPERSION_SL, DIAS_DISPERSION_PL, FREC_DISPERSION_PL, DIAS_DISPERSION_SE, FREC_DISPERSION_SE, DIAS_DISPERSION_PE, FREC_DISPERSION_PE)
values ('05266000', '02', 0, 3, 0, 3, 0, 3, 0, 3);
insert into DIAS_DISPERSION (IDMUNICIPIO, IDBANCO, DIAS_DISPERSION_SL, FREC_DISPERSION_SL, DIAS_DISPERSION_PL, FREC_DISPERSION_PL, DIAS_DISPERSION_SE, FREC_DISPERSION_SE, DIAS_DISPERSION_PE, FREC_DISPERSION_PE)
values ('05282000', '02', 0, 3, 0, 3, 0, 3, 0, 3);
insert into DIAS_DISPERSION (IDMUNICIPIO, IDBANCO, DIAS_DISPERSION_SL, FREC_DISPERSION_SL, DIAS_DISPERSION_PL, FREC_DISPERSION_PL, DIAS_DISPERSION_SE, FREC_DISPERSION_SE, DIAS_DISPERSION_PE, FREC_DISPERSION_PE)
values ('05284000', '02', 0, 3, 0, 3, 0, 3, 0, 3);
insert into DIAS_DISPERSION (IDMUNICIPIO, IDBANCO, DIAS_DISPERSION_SL, FREC_DISPERSION_SL, DIAS_DISPERSION_PL, FREC_DISPERSION_PL, DIAS_DISPERSION_SE, FREC_DISPERSION_SE, DIAS_DISPERSION_PE, FREC_DISPERSION_PE)
values ('05306000', '02', 0, 3, 0, 3, 0, 3, 0, 3);
insert into DIAS_DISPERSION (IDMUNICIPIO, IDBANCO, DIAS_DISPERSION_SL, FREC_DISPERSION_SL, DIAS_DISPERSION_PL, FREC_DISPERSION_PL, DIAS_DISPERSION_SE, FREC_DISPERSION_SE, DIAS_DISPERSION_PE, FREC_DISPERSION_PE)
values ('05308000', '02', 0, 3, 0, 3, 0, 3, 0, 3);
insert into DIAS_DISPERSION (IDMUNICIPIO, IDBANCO, DIAS_DISPERSION_SL, FREC_DISPERSION_SL, DIAS_DISPERSION_PL, FREC_DISPERSION_PL, DIAS_DISPERSION_SE, FREC_DISPERSION_SE, DIAS_DISPERSION_PE, FREC_DISPERSION_PE)
values ('05318000', '02', 0, 3, 0, 3, 0, 3, 0, 3);
insert into DIAS_DISPERSION (IDMUNICIPIO, IDBANCO, DIAS_DISPERSION_SL, FREC_DISPERSION_SL, DIAS_DISPERSION_PL, FREC_DISPERSION_PL, DIAS_DISPERSION_SE, FREC_DISPERSION_SE, DIAS_DISPERSION_PE, FREC_DISPERSION_PE)
values ('05321000', '02', 0, 3, 0, 3, 0, 3, 0, 3);
insert into DIAS_DISPERSION (IDMUNICIPIO, IDBANCO, DIAS_DISPERSION_SL, FREC_DISPERSION_SL, DIAS_DISPERSION_PL, FREC_DISPERSION_PL, DIAS_DISPERSION_SE, FREC_DISPERSION_SE, DIAS_DISPERSION_PE, FREC_DISPERSION_PE)
values ('05360000', '02', 0, 3, 0, 3, 0, 3, 0, 3);
insert into DIAS_DISPERSION (IDMUNICIPIO, IDBANCO, DIAS_DISPERSION_SL, FREC_DISPERSION_SL, DIAS_DISPERSION_PL, FREC_DISPERSION_PL, DIAS_DISPERSION_SE, FREC_DISPERSION_SE, DIAS_DISPERSION_PE, FREC_DISPERSION_PE)
values ('05368000', '02', 0, 3, 0, 3, 0, 3, 0, 3);
insert into DIAS_DISPERSION (IDMUNICIPIO, IDBANCO, DIAS_DISPERSION_SL, FREC_DISPERSION_SL, DIAS_DISPERSION_PL, FREC_DISPERSION_PL, DIAS_DISPERSION_SE, FREC_DISPERSION_SE, DIAS_DISPERSION_PE, FREC_DISPERSION_PE)
values ('05376000', '02', 0, 3, 0, 3, 0, 3, 0, 3);
insert into DIAS_DISPERSION (IDMUNICIPIO, IDBANCO, DIAS_DISPERSION_SL, FREC_DISPERSION_SL, DIAS_DISPERSION_PL, FREC_DISPERSION_PL, DIAS_DISPERSION_SE, FREC_DISPERSION_SE, DIAS_DISPERSION_PE, FREC_DISPERSION_PE)
values ('05390000', '02', 0, 3, 0, 3, 0, 3, 0, 3);
insert into DIAS_DISPERSION (IDMUNICIPIO, IDBANCO, DIAS_DISPERSION_SL, FREC_DISPERSION_SL, DIAS_DISPERSION_PL, FREC_DISPERSION_PL, DIAS_DISPERSION_SE, FREC_DISPERSION_SE, DIAS_DISPERSION_PE, FREC_DISPERSION_PE)
values ('05400000', '02', 0, 3, 0, 3, 0, 3, 0, 3);
insert into DIAS_DISPERSION (IDMUNICIPIO, IDBANCO, DIAS_DISPERSION_SL, FREC_DISPERSION_SL, DIAS_DISPERSION_PL, FREC_DISPERSION_PL, DIAS_DISPERSION_SE, FREC_DISPERSION_SE, DIAS_DISPERSION_PE, FREC_DISPERSION_PE)
values ('05425000', '02', 0, 3, 0, 3, 0, 3, 0, 3);
insert into DIAS_DISPERSION (IDMUNICIPIO, IDBANCO, DIAS_DISPERSION_SL, FREC_DISPERSION_SL, DIAS_DISPERSION_PL, FREC_DISPERSION_PL, DIAS_DISPERSION_SE, FREC_DISPERSION_SE, DIAS_DISPERSION_PE, FREC_DISPERSION_PE)
values ('05440000', '02', 0, 3, 0, 3, 0, 3, 0, 3);
insert into DIAS_DISPERSION (IDMUNICIPIO, IDBANCO, DIAS_DISPERSION_SL, FREC_DISPERSION_SL, DIAS_DISPERSION_PL, FREC_DISPERSION_PL, DIAS_DISPERSION_SE, FREC_DISPERSION_SE, DIAS_DISPERSION_PE, FREC_DISPERSION_PE)
values ('05541000', '02', 0, 3, 0, 3, 0, 3, 0, 3);
insert into DIAS_DISPERSION (IDMUNICIPIO, IDBANCO, DIAS_DISPERSION_SL, FREC_DISPERSION_SL, DIAS_DISPERSION_PL, FREC_DISPERSION_PL, DIAS_DISPERSION_SE, FREC_DISPERSION_SE, DIAS_DISPERSION_PE, FREC_DISPERSION_PE)
values ('05579000', '02', 0, 3, 0, 3, 0, 3, 0, 3);
insert into DIAS_DISPERSION (IDMUNICIPIO, IDBANCO, DIAS_DISPERSION_SL, FREC_DISPERSION_SL, DIAS_DISPERSION_PL, FREC_DISPERSION_PL, DIAS_DISPERSION_SE, FREC_DISPERSION_SE, DIAS_DISPERSION_PE, FREC_DISPERSION_PE)
values ('05591000', '02', 0, 3, 0, 3, 0, 3, 0, 3);
insert into DIAS_DISPERSION (IDMUNICIPIO, IDBANCO, DIAS_DISPERSION_SL, FREC_DISPERSION_SL, DIAS_DISPERSION_PL, FREC_DISPERSION_PL, DIAS_DISPERSION_SE, FREC_DISPERSION_SE, DIAS_DISPERSION_PE, FREC_DISPERSION_PE)
values ('05607000', '02', 0, 3, 0, 3, 0, 3, 0, 3);
insert into DIAS_DISPERSION (IDMUNICIPIO, IDBANCO, DIAS_DISPERSION_SL, FREC_DISPERSION_SL, DIAS_DISPERSION_PL, FREC_DISPERSION_PL, DIAS_DISPERSION_SE, FREC_DISPERSION_SE, DIAS_DISPERSION_PE, FREC_DISPERSION_PE)
values ('05615000', '02', 0, 3, 0, 3, 0, 3, 0, 3);
insert into DIAS_DISPERSION (IDMUNICIPIO, IDBANCO, DIAS_DISPERSION_SL, FREC_DISPERSION_SL, DIAS_DISPERSION_PL, FREC_DISPERSION_PL, DIAS_DISPERSION_SE, FREC_DISPERSION_SE, DIAS_DISPERSION_PE, FREC_DISPERSION_PE)
values ('05631000', '02', 0, 3, 0, 3, 0, 3, 0, 3);
insert into DIAS_DISPERSION (IDMUNICIPIO, IDBANCO, DIAS_DISPERSION_SL, FREC_DISPERSION_SL, DIAS_DISPERSION_PL, FREC_DISPERSION_PL, DIAS_DISPERSION_SE, FREC_DISPERSION_SE, DIAS_DISPERSION_PE, FREC_DISPERSION_PE)
values ('05656000', '02', 0, 3, 0, 3, 0, 3, 0, 3);
insert into DIAS_DISPERSION (IDMUNICIPIO, IDBANCO, DIAS_DISPERSION_SL, FREC_DISPERSION_SL, DIAS_DISPERSION_PL, FREC_DISPERSION_PL, DIAS_DISPERSION_SE, FREC_DISPERSION_SE, DIAS_DISPERSION_PE, FREC_DISPERSION_PE)
values ('05660000', '02', 0, 3, 0, 3, 0, 3, 0, 3);
insert into DIAS_DISPERSION (IDMUNICIPIO, IDBANCO, DIAS_DISPERSION_SL, FREC_DISPERSION_SL, DIAS_DISPERSION_PL, FREC_DISPERSION_PL, DIAS_DISPERSION_SE, FREC_DISPERSION_SE, DIAS_DISPERSION_PE, FREC_DISPERSION_PE)
values ('05664000', '02', 0, 3, 0, 3, 0, 3, 0, 3);
insert into DIAS_DISPERSION (IDMUNICIPIO, IDBANCO, DIAS_DISPERSION_SL, FREC_DISPERSION_SL, DIAS_DISPERSION_PL, FREC_DISPERSION_PL, DIAS_DISPERSION_SE, FREC_DISPERSION_SE, DIAS_DISPERSION_PE, FREC_DISPERSION_PE)
values ('05670000', '02', 0, 3, 0, 3, 0, 3, 0, 3);
insert into DIAS_DISPERSION (IDMUNICIPIO, IDBANCO, DIAS_DISPERSION_SL, FREC_DISPERSION_SL, DIAS_DISPERSION_PL, FREC_DISPERSION_PL, DIAS_DISPERSION_SE, FREC_DISPERSION_SE, DIAS_DISPERSION_PE, FREC_DISPERSION_PE)
values ('05674000', '02', 0, 3, 0, 3, 0, 3, 0, 3);
insert into DIAS_DISPERSION (IDMUNICIPIO, IDBANCO, DIAS_DISPERSION_SL, FREC_DISPERSION_SL, DIAS_DISPERSION_PL, FREC_DISPERSION_PL, DIAS_DISPERSION_SE, FREC_DISPERSION_SE, DIAS_DISPERSION_PE, FREC_DISPERSION_PE)
values ('05679000', '02', 0, 3, 0, 3, 0, 3, 0, 3);
insert into DIAS_DISPERSION (IDMUNICIPIO, IDBANCO, DIAS_DISPERSION_SL, FREC_DISPERSION_SL, DIAS_DISPERSION_PL, FREC_DISPERSION_PL, DIAS_DISPERSION_SE, FREC_DISPERSION_SE, DIAS_DISPERSION_PE, FREC_DISPERSION_PE)
values ('05686000', '02', 0, 3, 0, 3, 0, 3, 0, 3);
insert into DIAS_DISPERSION (IDMUNICIPIO, IDBANCO, DIAS_DISPERSION_SL, FREC_DISPERSION_SL, DIAS_DISPERSION_PL, FREC_DISPERSION_PL, DIAS_DISPERSION_SE, FREC_DISPERSION_SE, DIAS_DISPERSION_PE, FREC_DISPERSION_PE)
values ('05690000', '02', 0, 3, 0, 3, 0, 3, 0, 3);
insert into DIAS_DISPERSION (IDMUNICIPIO, IDBANCO, DIAS_DISPERSION_SL, FREC_DISPERSION_SL, DIAS_DISPERSION_PL, FREC_DISPERSION_PL, DIAS_DISPERSION_SE, FREC_DISPERSION_SE, DIAS_DISPERSION_PE, FREC_DISPERSION_PE)
values ('05697000', '02', 0, 3, 0, 3, 0, 3, 0, 3);
insert into DIAS_DISPERSION (IDMUNICIPIO, IDBANCO, DIAS_DISPERSION_SL, FREC_DISPERSION_SL, DIAS_DISPERSION_PL, FREC_DISPERSION_PL, DIAS_DISPERSION_SE, FREC_DISPERSION_SE, DIAS_DISPERSION_PE, FREC_DISPERSION_PE)
values ('05756000', '02', 0, 3, 0, 3, 0, 3, 0, 3);
insert into DIAS_DISPERSION (IDMUNICIPIO, IDBANCO, DIAS_DISPERSION_SL, FREC_DISPERSION_SL, DIAS_DISPERSION_PL, FREC_DISPERSION_PL, DIAS_DISPERSION_SE, FREC_DISPERSION_SE, DIAS_DISPERSION_PE, FREC_DISPERSION_PE)
values ('05761000', '02', 0, 3, 0, 3, 0, 3, 0, 3);
insert into DIAS_DISPERSION (IDMUNICIPIO, IDBANCO, DIAS_DISPERSION_SL, FREC_DISPERSION_SL, DIAS_DISPERSION_PL, FREC_DISPERSION_PL, DIAS_DISPERSION_SE, FREC_DISPERSION_SE, DIAS_DISPERSION_PE, FREC_DISPERSION_PE)
values ('05790000', '02', 0, 3, 0, 3, 0, 3, 0, 3);
insert into DIAS_DISPERSION (IDMUNICIPIO, IDBANCO, DIAS_DISPERSION_SL, FREC_DISPERSION_SL, DIAS_DISPERSION_PL, FREC_DISPERSION_PL, DIAS_DISPERSION_SE, FREC_DISPERSION_SE, DIAS_DISPERSION_PE, FREC_DISPERSION_PE)
values ('05792000', '02', 0, 3, 0, 3, 0, 3, 0, 3);
insert into DIAS_DISPERSION (IDMUNICIPIO, IDBANCO, DIAS_DISPERSION_SL, FREC_DISPERSION_SL, DIAS_DISPERSION_PL, FREC_DISPERSION_PL, DIAS_DISPERSION_SE, FREC_DISPERSION_SE, DIAS_DISPERSION_PE, FREC_DISPERSION_PE)
values ('05809000', '02', 0, 3, 0, 3, 0, 3, 0, 3);
insert into DIAS_DISPERSION (IDMUNICIPIO, IDBANCO, DIAS_DISPERSION_SL, FREC_DISPERSION_SL, DIAS_DISPERSION_PL, FREC_DISPERSION_PL, DIAS_DISPERSION_SE, FREC_DISPERSION_SE, DIAS_DISPERSION_PE, FREC_DISPERSION_PE)
values ('05837000', '02', 0, 3, 0, 3, 0, 3, 0, 3);
insert into DIAS_DISPERSION (IDMUNICIPIO, IDBANCO, DIAS_DISPERSION_SL, FREC_DISPERSION_SL, DIAS_DISPERSION_PL, FREC_DISPERSION_PL, DIAS_DISPERSION_SE, FREC_DISPERSION_SE, DIAS_DISPERSION_PE, FREC_DISPERSION_PE)
values ('05842000', '02', 0, 3, 0, 3, 0, 3, 0, 3);
insert into DIAS_DISPERSION (IDMUNICIPIO, IDBANCO, DIAS_DISPERSION_SL, FREC_DISPERSION_SL, DIAS_DISPERSION_PL, FREC_DISPERSION_PL, DIAS_DISPERSION_SE, FREC_DISPERSION_SE, DIAS_DISPERSION_PE, FREC_DISPERSION_PE)
values ('05847000', '02', 0, 3, 0, 3, 0, 3, 0, 3);
insert into DIAS_DISPERSION (IDMUNICIPIO, IDBANCO, DIAS_DISPERSION_SL, FREC_DISPERSION_SL, DIAS_DISPERSION_PL, FREC_DISPERSION_PL, DIAS_DISPERSION_SE, FREC_DISPERSION_SE, DIAS_DISPERSION_PE, FREC_DISPERSION_PE)
values ('05854000', '02', 0, 3, 0, 3, 0, 3, 0, 3);
insert into DIAS_DISPERSION (IDMUNICIPIO, IDBANCO, DIAS_DISPERSION_SL, FREC_DISPERSION_SL, DIAS_DISPERSION_PL, FREC_DISPERSION_PL, DIAS_DISPERSION_SE, FREC_DISPERSION_SE, DIAS_DISPERSION_PE, FREC_DISPERSION_PE)
values ('05861000', '02', 0, 3, 0, 3, 0, 3, 0, 3);
insert into DIAS_DISPERSION (IDMUNICIPIO, IDBANCO, DIAS_DISPERSION_SL, FREC_DISPERSION_SL, DIAS_DISPERSION_PL, FREC_DISPERSION_PL, DIAS_DISPERSION_SE, FREC_DISPERSION_SE, DIAS_DISPERSION_PE, FREC_DISPERSION_PE)
values ('05887000', '02', 0, 3, 0, 3, 0, 3, 0, 3);
insert into DIAS_DISPERSION (IDMUNICIPIO, IDBANCO, DIAS_DISPERSION_SL, FREC_DISPERSION_SL, DIAS_DISPERSION_PL, FREC_DISPERSION_PL, DIAS_DISPERSION_SE, FREC_DISPERSION_SE, DIAS_DISPERSION_PE, FREC_DISPERSION_PE)
values ('08000000', '02', 0, 3, 0, 3, 0, 3, 0, 3);
insert into DIAS_DISPERSION (IDMUNICIPIO, IDBANCO, DIAS_DISPERSION_SL, FREC_DISPERSION_SL, DIAS_DISPERSION_PL, FREC_DISPERSION_PL, DIAS_DISPERSION_SE, FREC_DISPERSION_SE, DIAS_DISPERSION_PE, FREC_DISPERSION_PE)
values ('08001000', '02', 0, 3, 0, 3, 0, 3, 0, 3);
insert into DIAS_DISPERSION (IDMUNICIPIO, IDBANCO, DIAS_DISPERSION_SL, FREC_DISPERSION_SL, DIAS_DISPERSION_PL, FREC_DISPERSION_PL, DIAS_DISPERSION_SE, FREC_DISPERSION_SE, DIAS_DISPERSION_PE, FREC_DISPERSION_PE)
values ('08078000', '02', 0, 3, 0, 3, 0, 3, 0, 3);
insert into DIAS_DISPERSION (IDMUNICIPIO, IDBANCO, DIAS_DISPERSION_SL, FREC_DISPERSION_SL, DIAS_DISPERSION_PL, FREC_DISPERSION_PL, DIAS_DISPERSION_SE, FREC_DISPERSION_SE, DIAS_DISPERSION_PE, FREC_DISPERSION_PE)
values ('08137000', '02', 0, 3, 0, 3, 0, 3, 0, 3);
insert into DIAS_DISPERSION (IDMUNICIPIO, IDBANCO, DIAS_DISPERSION_SL, FREC_DISPERSION_SL, DIAS_DISPERSION_PL, FREC_DISPERSION_PL, DIAS_DISPERSION_SE, FREC_DISPERSION_SE, DIAS_DISPERSION_PE, FREC_DISPERSION_PE)
values ('08296000', '02', 0, 3, 0, 3, 0, 3, 0, 3);
insert into DIAS_DISPERSION (IDMUNICIPIO, IDBANCO, DIAS_DISPERSION_SL, FREC_DISPERSION_SL, DIAS_DISPERSION_PL, FREC_DISPERSION_PL, DIAS_DISPERSION_SE, FREC_DISPERSION_SE, DIAS_DISPERSION_PE, FREC_DISPERSION_PE)
values ('08421000', '02', 0, 3, 0, 3, 0, 3, 0, 3);
insert into DIAS_DISPERSION (IDMUNICIPIO, IDBANCO, DIAS_DISPERSION_SL, FREC_DISPERSION_SL, DIAS_DISPERSION_PL, FREC_DISPERSION_PL, DIAS_DISPERSION_SE, FREC_DISPERSION_SE, DIAS_DISPERSION_PE, FREC_DISPERSION_PE)
values ('08433000', '02', 0, 3, 0, 3, 0, 3, 0, 3);
insert into DIAS_DISPERSION (IDMUNICIPIO, IDBANCO, DIAS_DISPERSION_SL, FREC_DISPERSION_SL, DIAS_DISPERSION_PL, FREC_DISPERSION_PL, DIAS_DISPERSION_SE, FREC_DISPERSION_SE, DIAS_DISPERSION_PE, FREC_DISPERSION_PE)
values ('08436000', '02', 0, 3, 0, 3, 0, 3, 0, 3);
insert into DIAS_DISPERSION (IDMUNICIPIO, IDBANCO, DIAS_DISPERSION_SL, FREC_DISPERSION_SL, DIAS_DISPERSION_PL, FREC_DISPERSION_PL, DIAS_DISPERSION_SE, FREC_DISPERSION_SE, DIAS_DISPERSION_PE, FREC_DISPERSION_PE)
values ('08520000', '02', 0, 3, 0, 3, 0, 3, 0, 3);
insert into DIAS_DISPERSION (IDMUNICIPIO, IDBANCO, DIAS_DISPERSION_SL, FREC_DISPERSION_SL, DIAS_DISPERSION_PL, FREC_DISPERSION_PL, DIAS_DISPERSION_SE, FREC_DISPERSION_SE, DIAS_DISPERSION_PE, FREC_DISPERSION_PE)
values ('08558000', '02', 0, 3, 0, 3, 0, 3, 0, 3);
insert into DIAS_DISPERSION (IDMUNICIPIO, IDBANCO, DIAS_DISPERSION_SL, FREC_DISPERSION_SL, DIAS_DISPERSION_PL, FREC_DISPERSION_PL, DIAS_DISPERSION_SE, FREC_DISPERSION_SE, DIAS_DISPERSION_PE, FREC_DISPERSION_PE)
values ('08560000', '02', 0, 3, 0, 3, 0, 3, 0, 3);
insert into DIAS_DISPERSION (IDMUNICIPIO, IDBANCO, DIAS_DISPERSION_SL, FREC_DISPERSION_SL, DIAS_DISPERSION_PL, FREC_DISPERSION_PL, DIAS_DISPERSION_SE, FREC_DISPERSION_SE, DIAS_DISPERSION_PE, FREC_DISPERSION_PE)
values ('08573000', '02', 0, 3, 0, 3, 0, 3, 0, 3);
commit;
prompt 1200 records committed...
insert into DIAS_DISPERSION (IDMUNICIPIO, IDBANCO, DIAS_DISPERSION_SL, FREC_DISPERSION_SL, DIAS_DISPERSION_PL, FREC_DISPERSION_PL, DIAS_DISPERSION_SE, FREC_DISPERSION_SE, DIAS_DISPERSION_PE, FREC_DISPERSION_PE)
values ('08634000', '02', 0, 3, 0, 3, 0, 3, 0, 3);
insert into DIAS_DISPERSION (IDMUNICIPIO, IDBANCO, DIAS_DISPERSION_SL, FREC_DISPERSION_SL, DIAS_DISPERSION_PL, FREC_DISPERSION_PL, DIAS_DISPERSION_SE, FREC_DISPERSION_SE, DIAS_DISPERSION_PE, FREC_DISPERSION_PE)
values ('13244000', '02', 0, 3, 0, 3, 0, 3, 0, 3);
insert into DIAS_DISPERSION (IDMUNICIPIO, IDBANCO, DIAS_DISPERSION_SL, FREC_DISPERSION_SL, DIAS_DISPERSION_PL, FREC_DISPERSION_PL, DIAS_DISPERSION_SE, FREC_DISPERSION_SE, DIAS_DISPERSION_PE, FREC_DISPERSION_PE)
values ('13468000', '02', 0, 3, 0, 3, 0, 3, 0, 3);
insert into DIAS_DISPERSION (IDMUNICIPIO, IDBANCO, DIAS_DISPERSION_SL, FREC_DISPERSION_SL, DIAS_DISPERSION_PL, FREC_DISPERSION_PL, DIAS_DISPERSION_SE, FREC_DISPERSION_SE, DIAS_DISPERSION_PE, FREC_DISPERSION_PE)
values ('13657000', '02', 0, 3, 0, 3, 0, 3, 0, 3);
insert into DIAS_DISPERSION (IDMUNICIPIO, IDBANCO, DIAS_DISPERSION_SL, FREC_DISPERSION_SL, DIAS_DISPERSION_PL, FREC_DISPERSION_PL, DIAS_DISPERSION_SE, FREC_DISPERSION_SE, DIAS_DISPERSION_PE, FREC_DISPERSION_PE)
values ('13836000', '02', 0, 3, 0, 3, 0, 3, 0, 3);
insert into DIAS_DISPERSION (IDMUNICIPIO, IDBANCO, DIAS_DISPERSION_SL, FREC_DISPERSION_SL, DIAS_DISPERSION_PL, FREC_DISPERSION_PL, DIAS_DISPERSION_SE, FREC_DISPERSION_SE, DIAS_DISPERSION_PE, FREC_DISPERSION_PE)
values ('15000000', '02', 0, 3, 0, 3, 0, 3, 0, 3);
insert into DIAS_DISPERSION (IDMUNICIPIO, IDBANCO, DIAS_DISPERSION_SL, FREC_DISPERSION_SL, DIAS_DISPERSION_PL, FREC_DISPERSION_PL, DIAS_DISPERSION_SE, FREC_DISPERSION_SE, DIAS_DISPERSION_PE, FREC_DISPERSION_PE)
values ('15001000', '02', 0, 3, 0, 3, 0, 3, 0, 3);
insert into DIAS_DISPERSION (IDMUNICIPIO, IDBANCO, DIAS_DISPERSION_SL, FREC_DISPERSION_SL, DIAS_DISPERSION_PL, FREC_DISPERSION_PL, DIAS_DISPERSION_SE, FREC_DISPERSION_SE, DIAS_DISPERSION_PE, FREC_DISPERSION_PE)
values ('15176000', '02', 0, 3, 0, 3, 0, 3, 0, 3);
insert into DIAS_DISPERSION (IDMUNICIPIO, IDBANCO, DIAS_DISPERSION_SL, FREC_DISPERSION_SL, DIAS_DISPERSION_PL, FREC_DISPERSION_PL, DIAS_DISPERSION_SE, FREC_DISPERSION_SE, DIAS_DISPERSION_PE, FREC_DISPERSION_PE)
values ('15204000', '02', 0, 3, 0, 3, 0, 3, 0, 3);
insert into DIAS_DISPERSION (IDMUNICIPIO, IDBANCO, DIAS_DISPERSION_SL, FREC_DISPERSION_SL, DIAS_DISPERSION_PL, FREC_DISPERSION_PL, DIAS_DISPERSION_SE, FREC_DISPERSION_SE, DIAS_DISPERSION_PE, FREC_DISPERSION_PE)
values ('15238000', '02', 0, 3, 0, 3, 0, 3, 0, 3);
insert into DIAS_DISPERSION (IDMUNICIPIO, IDBANCO, DIAS_DISPERSION_SL, FREC_DISPERSION_SL, DIAS_DISPERSION_PL, FREC_DISPERSION_PL, DIAS_DISPERSION_SE, FREC_DISPERSION_SE, DIAS_DISPERSION_PE, FREC_DISPERSION_PE)
values ('15299000', '02', 0, 3, 0, 3, 0, 3, 0, 3);
insert into DIAS_DISPERSION (IDMUNICIPIO, IDBANCO, DIAS_DISPERSION_SL, FREC_DISPERSION_SL, DIAS_DISPERSION_PL, FREC_DISPERSION_PL, DIAS_DISPERSION_SE, FREC_DISPERSION_SE, DIAS_DISPERSION_PE, FREC_DISPERSION_PE)
values ('15322000', '02', 0, 3, 0, 3, 0, 3, 0, 3);
insert into DIAS_DISPERSION (IDMUNICIPIO, IDBANCO, DIAS_DISPERSION_SL, FREC_DISPERSION_SL, DIAS_DISPERSION_PL, FREC_DISPERSION_PL, DIAS_DISPERSION_SE, FREC_DISPERSION_SE, DIAS_DISPERSION_PE, FREC_DISPERSION_PE)
values ('15491000', '02', 0, 3, 0, 3, 0, 3, 0, 3);
insert into DIAS_DISPERSION (IDMUNICIPIO, IDBANCO, DIAS_DISPERSION_SL, FREC_DISPERSION_SL, DIAS_DISPERSION_PL, FREC_DISPERSION_PL, DIAS_DISPERSION_SE, FREC_DISPERSION_SE, DIAS_DISPERSION_PE, FREC_DISPERSION_PE)
values ('15516000', '02', 0, 3, 0, 3, 0, 3, 0, 3);
insert into DIAS_DISPERSION (IDMUNICIPIO, IDBANCO, DIAS_DISPERSION_SL, FREC_DISPERSION_SL, DIAS_DISPERSION_PL, FREC_DISPERSION_PL, DIAS_DISPERSION_SE, FREC_DISPERSION_SE, DIAS_DISPERSION_PE, FREC_DISPERSION_PE)
values ('15572000', '02', 0, 3, 0, 3, 0, 3, 0, 3);
insert into DIAS_DISPERSION (IDMUNICIPIO, IDBANCO, DIAS_DISPERSION_SL, FREC_DISPERSION_SL, DIAS_DISPERSION_PL, FREC_DISPERSION_PL, DIAS_DISPERSION_SE, FREC_DISPERSION_SE, DIAS_DISPERSION_PE, FREC_DISPERSION_PE)
values ('15632000', '02', 0, 3, 0, 3, 0, 3, 0, 3);
insert into DIAS_DISPERSION (IDMUNICIPIO, IDBANCO, DIAS_DISPERSION_SL, FREC_DISPERSION_SL, DIAS_DISPERSION_PL, FREC_DISPERSION_PL, DIAS_DISPERSION_SE, FREC_DISPERSION_SE, DIAS_DISPERSION_PE, FREC_DISPERSION_PE)
values ('15693000', '02', 0, 3, 0, 3, 0, 3, 0, 3);
insert into DIAS_DISPERSION (IDMUNICIPIO, IDBANCO, DIAS_DISPERSION_SL, FREC_DISPERSION_SL, DIAS_DISPERSION_PL, FREC_DISPERSION_PL, DIAS_DISPERSION_SE, FREC_DISPERSION_SE, DIAS_DISPERSION_PE, FREC_DISPERSION_PE)
values ('15759000', '02', 0, 3, 0, 3, 0, 3, 0, 3);
insert into DIAS_DISPERSION (IDMUNICIPIO, IDBANCO, DIAS_DISPERSION_SL, FREC_DISPERSION_SL, DIAS_DISPERSION_PL, FREC_DISPERSION_PL, DIAS_DISPERSION_SE, FREC_DISPERSION_SE, DIAS_DISPERSION_PE, FREC_DISPERSION_PE)
values ('15806000', '02', 0, 3, 0, 3, 0, 3, 0, 3);
insert into DIAS_DISPERSION (IDMUNICIPIO, IDBANCO, DIAS_DISPERSION_SL, FREC_DISPERSION_SL, DIAS_DISPERSION_PL, FREC_DISPERSION_PL, DIAS_DISPERSION_SE, FREC_DISPERSION_SE, DIAS_DISPERSION_PE, FREC_DISPERSION_PE)
values ('17001000', '02', 0, 3, 0, 3, 0, 3, 0, 3);
insert into DIAS_DISPERSION (IDMUNICIPIO, IDBANCO, DIAS_DISPERSION_SL, FREC_DISPERSION_SL, DIAS_DISPERSION_PL, FREC_DISPERSION_PL, DIAS_DISPERSION_SE, FREC_DISPERSION_SE, DIAS_DISPERSION_PE, FREC_DISPERSION_PE)
values ('17013000', '02', 0, 3, 0, 3, 0, 3, 0, 3);
insert into DIAS_DISPERSION (IDMUNICIPIO, IDBANCO, DIAS_DISPERSION_SL, FREC_DISPERSION_SL, DIAS_DISPERSION_PL, FREC_DISPERSION_PL, DIAS_DISPERSION_SE, FREC_DISPERSION_SE, DIAS_DISPERSION_PE, FREC_DISPERSION_PE)
values ('17042000', '02', 0, 3, 0, 3, 0, 3, 0, 3);
insert into DIAS_DISPERSION (IDMUNICIPIO, IDBANCO, DIAS_DISPERSION_SL, FREC_DISPERSION_SL, DIAS_DISPERSION_PL, FREC_DISPERSION_PL, DIAS_DISPERSION_SE, FREC_DISPERSION_SE, DIAS_DISPERSION_PE, FREC_DISPERSION_PE)
values ('17050000', '02', 0, 3, 0, 3, 0, 3, 0, 3);
insert into DIAS_DISPERSION (IDMUNICIPIO, IDBANCO, DIAS_DISPERSION_SL, FREC_DISPERSION_SL, DIAS_DISPERSION_PL, FREC_DISPERSION_PL, DIAS_DISPERSION_SE, FREC_DISPERSION_SE, DIAS_DISPERSION_PE, FREC_DISPERSION_PE)
values ('17174000', '02', 0, 3, 0, 3, 0, 3, 0, 3);
insert into DIAS_DISPERSION (IDMUNICIPIO, IDBANCO, DIAS_DISPERSION_SL, FREC_DISPERSION_SL, DIAS_DISPERSION_PL, FREC_DISPERSION_PL, DIAS_DISPERSION_SE, FREC_DISPERSION_SE, DIAS_DISPERSION_PE, FREC_DISPERSION_PE)
values ('17380000', '02', 0, 3, 0, 3, 0, 3, 0, 3);
insert into DIAS_DISPERSION (IDMUNICIPIO, IDBANCO, DIAS_DISPERSION_SL, FREC_DISPERSION_SL, DIAS_DISPERSION_PL, FREC_DISPERSION_PL, DIAS_DISPERSION_SE, FREC_DISPERSION_SE, DIAS_DISPERSION_PE, FREC_DISPERSION_PE)
values ('17433000', '02', 0, 3, 0, 3, 0, 3, 0, 3);
insert into DIAS_DISPERSION (IDMUNICIPIO, IDBANCO, DIAS_DISPERSION_SL, FREC_DISPERSION_SL, DIAS_DISPERSION_PL, FREC_DISPERSION_PL, DIAS_DISPERSION_SE, FREC_DISPERSION_SE, DIAS_DISPERSION_PE, FREC_DISPERSION_PE)
values ('17486000', '02', 0, 3, 0, 3, 0, 3, 0, 3);
insert into DIAS_DISPERSION (IDMUNICIPIO, IDBANCO, DIAS_DISPERSION_SL, FREC_DISPERSION_SL, DIAS_DISPERSION_PL, FREC_DISPERSION_PL, DIAS_DISPERSION_SE, FREC_DISPERSION_SE, DIAS_DISPERSION_PE, FREC_DISPERSION_PE)
values ('17524000', '02', 0, 3, 0, 3, 0, 3, 0, 3);
insert into DIAS_DISPERSION (IDMUNICIPIO, IDBANCO, DIAS_DISPERSION_SL, FREC_DISPERSION_SL, DIAS_DISPERSION_PL, FREC_DISPERSION_PL, DIAS_DISPERSION_SE, FREC_DISPERSION_SE, DIAS_DISPERSION_PE, FREC_DISPERSION_PE)
values ('17614000', '02', 0, 3, 0, 3, 0, 3, 0, 3);
insert into DIAS_DISPERSION (IDMUNICIPIO, IDBANCO, DIAS_DISPERSION_SL, FREC_DISPERSION_SL, DIAS_DISPERSION_PL, FREC_DISPERSION_PL, DIAS_DISPERSION_SE, FREC_DISPERSION_SE, DIAS_DISPERSION_PE, FREC_DISPERSION_PE)
values ('17616000', '02', 0, 3, 0, 3, 0, 3, 0, 3);
insert into DIAS_DISPERSION (IDMUNICIPIO, IDBANCO, DIAS_DISPERSION_SL, FREC_DISPERSION_SL, DIAS_DISPERSION_PL, FREC_DISPERSION_PL, DIAS_DISPERSION_SE, FREC_DISPERSION_SE, DIAS_DISPERSION_PE, FREC_DISPERSION_PE)
values ('17653000', '02', 0, 3, 0, 3, 0, 3, 0, 3);
insert into DIAS_DISPERSION (IDMUNICIPIO, IDBANCO, DIAS_DISPERSION_SL, FREC_DISPERSION_SL, DIAS_DISPERSION_PL, FREC_DISPERSION_PL, DIAS_DISPERSION_SE, FREC_DISPERSION_SE, DIAS_DISPERSION_PE, FREC_DISPERSION_PE)
values ('17665000', '02', 0, 3, 0, 3, 0, 3, 0, 3);
insert into DIAS_DISPERSION (IDMUNICIPIO, IDBANCO, DIAS_DISPERSION_SL, FREC_DISPERSION_SL, DIAS_DISPERSION_PL, FREC_DISPERSION_PL, DIAS_DISPERSION_SE, FREC_DISPERSION_SE, DIAS_DISPERSION_PE, FREC_DISPERSION_PE)
values ('17777000', '02', 0, 3, 0, 3, 0, 3, 0, 3);
insert into DIAS_DISPERSION (IDMUNICIPIO, IDBANCO, DIAS_DISPERSION_SL, FREC_DISPERSION_SL, DIAS_DISPERSION_PL, FREC_DISPERSION_PL, DIAS_DISPERSION_SE, FREC_DISPERSION_SE, DIAS_DISPERSION_PE, FREC_DISPERSION_PE)
values ('17873000', '02', 0, 3, 0, 3, 0, 3, 0, 3);
insert into DIAS_DISPERSION (IDMUNICIPIO, IDBANCO, DIAS_DISPERSION_SL, FREC_DISPERSION_SL, DIAS_DISPERSION_PL, FREC_DISPERSION_PL, DIAS_DISPERSION_SE, FREC_DISPERSION_SE, DIAS_DISPERSION_PE, FREC_DISPERSION_PE)
values ('17877000', '02', 0, 3, 0, 3, 0, 3, 0, 3);
insert into DIAS_DISPERSION (IDMUNICIPIO, IDBANCO, DIAS_DISPERSION_SL, FREC_DISPERSION_SL, DIAS_DISPERSION_PL, FREC_DISPERSION_PL, DIAS_DISPERSION_SE, FREC_DISPERSION_SE, DIAS_DISPERSION_PE, FREC_DISPERSION_PE)
values ('18001000', '02', 0, 3, 0, 3, 0, 3, 0, 3);
insert into DIAS_DISPERSION (IDMUNICIPIO, IDBANCO, DIAS_DISPERSION_SL, FREC_DISPERSION_SL, DIAS_DISPERSION_PL, FREC_DISPERSION_PL, DIAS_DISPERSION_SE, FREC_DISPERSION_SE, DIAS_DISPERSION_PE, FREC_DISPERSION_PE)
values ('18094000', '02', 0, 3, 0, 3, 0, 3, 0, 3);
insert into DIAS_DISPERSION (IDMUNICIPIO, IDBANCO, DIAS_DISPERSION_SL, FREC_DISPERSION_SL, DIAS_DISPERSION_PL, FREC_DISPERSION_PL, DIAS_DISPERSION_SE, FREC_DISPERSION_SE, DIAS_DISPERSION_PE, FREC_DISPERSION_PE)
values ('18256000', '02', 0, 3, 0, 3, 0, 3, 0, 3);
insert into DIAS_DISPERSION (IDMUNICIPIO, IDBANCO, DIAS_DISPERSION_SL, FREC_DISPERSION_SL, DIAS_DISPERSION_PL, FREC_DISPERSION_PL, DIAS_DISPERSION_SE, FREC_DISPERSION_SE, DIAS_DISPERSION_PE, FREC_DISPERSION_PE)
values ('18753000', '02', 0, 3, 0, 3, 0, 3, 0, 3);
insert into DIAS_DISPERSION (IDMUNICIPIO, IDBANCO, DIAS_DISPERSION_SL, FREC_DISPERSION_SL, DIAS_DISPERSION_PL, FREC_DISPERSION_PL, DIAS_DISPERSION_SE, FREC_DISPERSION_SE, DIAS_DISPERSION_PE, FREC_DISPERSION_PE)
values ('19001000', '02', 0, 3, 0, 3, 0, 3, 0, 3);
insert into DIAS_DISPERSION (IDMUNICIPIO, IDBANCO, DIAS_DISPERSION_SL, FREC_DISPERSION_SL, DIAS_DISPERSION_PL, FREC_DISPERSION_PL, DIAS_DISPERSION_SE, FREC_DISPERSION_SE, DIAS_DISPERSION_PE, FREC_DISPERSION_PE)
values ('05353000', '02', 0, 3, 0, 3, 0, 3, 0, 3);
insert into DIAS_DISPERSION (IDMUNICIPIO, IDBANCO, DIAS_DISPERSION_SL, FREC_DISPERSION_SL, DIAS_DISPERSION_PL, FREC_DISPERSION_PL, DIAS_DISPERSION_SE, FREC_DISPERSION_SE, DIAS_DISPERSION_PE, FREC_DISPERSION_PE)
values ('19130000', '02', 0, 3, 0, 3, 0, 3, 0, 3);
insert into DIAS_DISPERSION (IDMUNICIPIO, IDBANCO, DIAS_DISPERSION_SL, FREC_DISPERSION_SL, DIAS_DISPERSION_PL, FREC_DISPERSION_PL, DIAS_DISPERSION_SE, FREC_DISPERSION_SE, DIAS_DISPERSION_PE, FREC_DISPERSION_PE)
values ('19137000', '02', 0, 3, 0, 3, 0, 3, 0, 3);
insert into DIAS_DISPERSION (IDMUNICIPIO, IDBANCO, DIAS_DISPERSION_SL, FREC_DISPERSION_SL, DIAS_DISPERSION_PL, FREC_DISPERSION_PL, DIAS_DISPERSION_SE, FREC_DISPERSION_SE, DIAS_DISPERSION_PE, FREC_DISPERSION_PE)
values ('19142000', '02', 0, 3, 0, 3, 0, 3, 0, 3);
insert into DIAS_DISPERSION (IDMUNICIPIO, IDBANCO, DIAS_DISPERSION_SL, FREC_DISPERSION_SL, DIAS_DISPERSION_PL, FREC_DISPERSION_PL, DIAS_DISPERSION_SE, FREC_DISPERSION_SE, DIAS_DISPERSION_PE, FREC_DISPERSION_PE)
values ('19256000', '02', 0, 3, 0, 3, 0, 3, 0, 3);
insert into DIAS_DISPERSION (IDMUNICIPIO, IDBANCO, DIAS_DISPERSION_SL, FREC_DISPERSION_SL, DIAS_DISPERSION_PL, FREC_DISPERSION_PL, DIAS_DISPERSION_SE, FREC_DISPERSION_SE, DIAS_DISPERSION_PE, FREC_DISPERSION_PE)
values ('19450000', '02', 0, 3, 0, 3, 0, 3, 0, 3);
insert into DIAS_DISPERSION (IDMUNICIPIO, IDBANCO, DIAS_DISPERSION_SL, FREC_DISPERSION_SL, DIAS_DISPERSION_PL, FREC_DISPERSION_PL, DIAS_DISPERSION_SE, FREC_DISPERSION_SE, DIAS_DISPERSION_PE, FREC_DISPERSION_PE)
values ('19455000', '02', 0, 3, 0, 3, 0, 3, 0, 3);
insert into DIAS_DISPERSION (IDMUNICIPIO, IDBANCO, DIAS_DISPERSION_SL, FREC_DISPERSION_SL, DIAS_DISPERSION_PL, FREC_DISPERSION_PL, DIAS_DISPERSION_SE, FREC_DISPERSION_SE, DIAS_DISPERSION_PE, FREC_DISPERSION_PE)
values ('19532000', '02', 0, 3, 0, 3, 0, 3, 0, 3);
insert into DIAS_DISPERSION (IDMUNICIPIO, IDBANCO, DIAS_DISPERSION_SL, FREC_DISPERSION_SL, DIAS_DISPERSION_PL, FREC_DISPERSION_PL, DIAS_DISPERSION_SE, FREC_DISPERSION_SE, DIAS_DISPERSION_PE, FREC_DISPERSION_PE)
values ('19548000', '02', 0, 3, 0, 3, 0, 3, 0, 3);
insert into DIAS_DISPERSION (IDMUNICIPIO, IDBANCO, DIAS_DISPERSION_SL, FREC_DISPERSION_SL, DIAS_DISPERSION_PL, FREC_DISPERSION_PL, DIAS_DISPERSION_SE, FREC_DISPERSION_SE, DIAS_DISPERSION_PE, FREC_DISPERSION_PE)
values ('19573000', '02', 0, 3, 0, 3, 0, 3, 0, 3);
insert into DIAS_DISPERSION (IDMUNICIPIO, IDBANCO, DIAS_DISPERSION_SL, FREC_DISPERSION_SL, DIAS_DISPERSION_PL, FREC_DISPERSION_PL, DIAS_DISPERSION_SE, FREC_DISPERSION_SE, DIAS_DISPERSION_PE, FREC_DISPERSION_PE)
values ('19622000', '02', 0, 3, 0, 3, 0, 3, 0, 3);
insert into DIAS_DISPERSION (IDMUNICIPIO, IDBANCO, DIAS_DISPERSION_SL, FREC_DISPERSION_SL, DIAS_DISPERSION_PL, FREC_DISPERSION_PL, DIAS_DISPERSION_SE, FREC_DISPERSION_SE, DIAS_DISPERSION_PE, FREC_DISPERSION_PE)
values ('19698000', '02', 0, 3, 0, 3, 0, 3, 0, 3);
insert into DIAS_DISPERSION (IDMUNICIPIO, IDBANCO, DIAS_DISPERSION_SL, FREC_DISPERSION_SL, DIAS_DISPERSION_PL, FREC_DISPERSION_PL, DIAS_DISPERSION_SE, FREC_DISPERSION_SE, DIAS_DISPERSION_PE, FREC_DISPERSION_PE)
values ('19743000', '02', 0, 3, 0, 3, 0, 3, 0, 3);
insert into DIAS_DISPERSION (IDMUNICIPIO, IDBANCO, DIAS_DISPERSION_SL, FREC_DISPERSION_SL, DIAS_DISPERSION_PL, FREC_DISPERSION_PL, DIAS_DISPERSION_SE, FREC_DISPERSION_SE, DIAS_DISPERSION_PE, FREC_DISPERSION_PE)
values ('19807000', '02', 0, 3, 0, 3, 0, 3, 0, 3);
insert into DIAS_DISPERSION (IDMUNICIPIO, IDBANCO, DIAS_DISPERSION_SL, FREC_DISPERSION_SL, DIAS_DISPERSION_PL, FREC_DISPERSION_PL, DIAS_DISPERSION_SE, FREC_DISPERSION_SE, DIAS_DISPERSION_PE, FREC_DISPERSION_PE)
values ('19824000', '02', 0, 3, 0, 3, 0, 3, 0, 3);
insert into DIAS_DISPERSION (IDMUNICIPIO, IDBANCO, DIAS_DISPERSION_SL, FREC_DISPERSION_SL, DIAS_DISPERSION_PL, FREC_DISPERSION_PL, DIAS_DISPERSION_SE, FREC_DISPERSION_SE, DIAS_DISPERSION_PE, FREC_DISPERSION_PE)
values ('19873000', '02', 0, 3, 0, 3, 0, 3, 0, 3);
insert into DIAS_DISPERSION (IDMUNICIPIO, IDBANCO, DIAS_DISPERSION_SL, FREC_DISPERSION_SL, DIAS_DISPERSION_PL, FREC_DISPERSION_PL, DIAS_DISPERSION_SE, FREC_DISPERSION_SE, DIAS_DISPERSION_PE, FREC_DISPERSION_PE)
values ('19992000', '02', 0, 3, 0, 3, 0, 3, 0, 3);
insert into DIAS_DISPERSION (IDMUNICIPIO, IDBANCO, DIAS_DISPERSION_SL, FREC_DISPERSION_SL, DIAS_DISPERSION_PL, FREC_DISPERSION_PL, DIAS_DISPERSION_SE, FREC_DISPERSION_SE, DIAS_DISPERSION_PE, FREC_DISPERSION_PE)
values ('20001000', '02', 0, 3, 0, 3, 0, 3, 0, 3);
insert into DIAS_DISPERSION (IDMUNICIPIO, IDBANCO, DIAS_DISPERSION_SL, FREC_DISPERSION_SL, DIAS_DISPERSION_PL, FREC_DISPERSION_PL, DIAS_DISPERSION_SE, FREC_DISPERSION_SE, DIAS_DISPERSION_PE, FREC_DISPERSION_PE)
values ('20011000', '02', 0, 3, 0, 3, 0, 3, 0, 3);
insert into DIAS_DISPERSION (IDMUNICIPIO, IDBANCO, DIAS_DISPERSION_SL, FREC_DISPERSION_SL, DIAS_DISPERSION_PL, FREC_DISPERSION_PL, DIAS_DISPERSION_SE, FREC_DISPERSION_SE, DIAS_DISPERSION_PE, FREC_DISPERSION_PE)
values ('20013000', '02', 0, 3, 0, 3, 0, 3, 0, 3);
insert into DIAS_DISPERSION (IDMUNICIPIO, IDBANCO, DIAS_DISPERSION_SL, FREC_DISPERSION_SL, DIAS_DISPERSION_PL, FREC_DISPERSION_PL, DIAS_DISPERSION_SE, FREC_DISPERSION_SE, DIAS_DISPERSION_PE, FREC_DISPERSION_PE)
values ('20060000', '02', 0, 3, 0, 3, 0, 3, 0, 3);
insert into DIAS_DISPERSION (IDMUNICIPIO, IDBANCO, DIAS_DISPERSION_SL, FREC_DISPERSION_SL, DIAS_DISPERSION_PL, FREC_DISPERSION_PL, DIAS_DISPERSION_SE, FREC_DISPERSION_SE, DIAS_DISPERSION_PE, FREC_DISPERSION_PE)
values ('20178000', '02', 0, 3, 0, 3, 0, 3, 0, 3);
insert into DIAS_DISPERSION (IDMUNICIPIO, IDBANCO, DIAS_DISPERSION_SL, FREC_DISPERSION_SL, DIAS_DISPERSION_PL, FREC_DISPERSION_PL, DIAS_DISPERSION_SE, FREC_DISPERSION_SE, DIAS_DISPERSION_PE, FREC_DISPERSION_PE)
values ('20228000', '02', 0, 3, 0, 3, 0, 3, 0, 3);
insert into DIAS_DISPERSION (IDMUNICIPIO, IDBANCO, DIAS_DISPERSION_SL, FREC_DISPERSION_SL, DIAS_DISPERSION_PL, FREC_DISPERSION_PL, DIAS_DISPERSION_SE, FREC_DISPERSION_SE, DIAS_DISPERSION_PE, FREC_DISPERSION_PE)
values ('20517000', '02', 0, 3, 0, 3, 0, 3, 0, 3);
insert into DIAS_DISPERSION (IDMUNICIPIO, IDBANCO, DIAS_DISPERSION_SL, FREC_DISPERSION_SL, DIAS_DISPERSION_PL, FREC_DISPERSION_PL, DIAS_DISPERSION_SE, FREC_DISPERSION_SE, DIAS_DISPERSION_PE, FREC_DISPERSION_PE)
values ('20621000', '02', 0, 3, 0, 3, 0, 3, 0, 3);
insert into DIAS_DISPERSION (IDMUNICIPIO, IDBANCO, DIAS_DISPERSION_SL, FREC_DISPERSION_SL, DIAS_DISPERSION_PL, FREC_DISPERSION_PL, DIAS_DISPERSION_SE, FREC_DISPERSION_SE, DIAS_DISPERSION_PE, FREC_DISPERSION_PE)
values ('20710000', '02', 0, 3, 0, 3, 0, 3, 0, 3);
insert into DIAS_DISPERSION (IDMUNICIPIO, IDBANCO, DIAS_DISPERSION_SL, FREC_DISPERSION_SL, DIAS_DISPERSION_PL, FREC_DISPERSION_PL, DIAS_DISPERSION_SE, FREC_DISPERSION_SE, DIAS_DISPERSION_PE, FREC_DISPERSION_PE)
values ('23000000', '02', 0, 3, 0, 3, 0, 3, 0, 3);
insert into DIAS_DISPERSION (IDMUNICIPIO, IDBANCO, DIAS_DISPERSION_SL, FREC_DISPERSION_SL, DIAS_DISPERSION_PL, FREC_DISPERSION_PL, DIAS_DISPERSION_SE, FREC_DISPERSION_SE, DIAS_DISPERSION_PE, FREC_DISPERSION_PE)
values ('23001000', '02', 0, 3, 0, 3, 0, 3, 0, 3);
insert into DIAS_DISPERSION (IDMUNICIPIO, IDBANCO, DIAS_DISPERSION_SL, FREC_DISPERSION_SL, DIAS_DISPERSION_PL, FREC_DISPERSION_PL, DIAS_DISPERSION_SE, FREC_DISPERSION_SE, DIAS_DISPERSION_PE, FREC_DISPERSION_PE)
values ('23162000', '02', 0, 3, 0, 3, 0, 3, 0, 3);
insert into DIAS_DISPERSION (IDMUNICIPIO, IDBANCO, DIAS_DISPERSION_SL, FREC_DISPERSION_SL, DIAS_DISPERSION_PL, FREC_DISPERSION_PL, DIAS_DISPERSION_SE, FREC_DISPERSION_SE, DIAS_DISPERSION_PE, FREC_DISPERSION_PE)
values ('23417000', '02', 0, 3, 0, 3, 0, 3, 0, 3);
insert into DIAS_DISPERSION (IDMUNICIPIO, IDBANCO, DIAS_DISPERSION_SL, FREC_DISPERSION_SL, DIAS_DISPERSION_PL, FREC_DISPERSION_PL, DIAS_DISPERSION_SE, FREC_DISPERSION_SE, DIAS_DISPERSION_PE, FREC_DISPERSION_PE)
values ('23555000', '02', 0, 3, 0, 3, 0, 3, 0, 3);
insert into DIAS_DISPERSION (IDMUNICIPIO, IDBANCO, DIAS_DISPERSION_SL, FREC_DISPERSION_SL, DIAS_DISPERSION_PL, FREC_DISPERSION_PL, DIAS_DISPERSION_SE, FREC_DISPERSION_SE, DIAS_DISPERSION_PE, FREC_DISPERSION_PE)
values ('05380000', '02', 0, 3, 0, 3, 0, 3, 0, 3);
insert into DIAS_DISPERSION (IDMUNICIPIO, IDBANCO, DIAS_DISPERSION_SL, FREC_DISPERSION_SL, DIAS_DISPERSION_PL, FREC_DISPERSION_PL, DIAS_DISPERSION_SE, FREC_DISPERSION_SE, DIAS_DISPERSION_PE, FREC_DISPERSION_PE)
values ('23660000', '02', 0, 3, 0, 3, 0, 3, 0, 3);
insert into DIAS_DISPERSION (IDMUNICIPIO, IDBANCO, DIAS_DISPERSION_SL, FREC_DISPERSION_SL, DIAS_DISPERSION_PL, FREC_DISPERSION_PL, DIAS_DISPERSION_SE, FREC_DISPERSION_SE, DIAS_DISPERSION_PE, FREC_DISPERSION_PE)
values ('25000000', '02', 0, 3, 0, 3, 0, 3, 0, 3);
insert into DIAS_DISPERSION (IDMUNICIPIO, IDBANCO, DIAS_DISPERSION_SL, FREC_DISPERSION_SL, DIAS_DISPERSION_PL, FREC_DISPERSION_PL, DIAS_DISPERSION_SE, FREC_DISPERSION_SE, DIAS_DISPERSION_PE, FREC_DISPERSION_PE)
values ('25151000', '02', 0, 3, 0, 3, 0, 3, 0, 3);
insert into DIAS_DISPERSION (IDMUNICIPIO, IDBANCO, DIAS_DISPERSION_SL, FREC_DISPERSION_SL, DIAS_DISPERSION_PL, FREC_DISPERSION_PL, DIAS_DISPERSION_SE, FREC_DISPERSION_SE, DIAS_DISPERSION_PE, FREC_DISPERSION_PE)
values ('25175000', '02', 0, 3, 0, 3, 0, 3, 0, 3);
insert into DIAS_DISPERSION (IDMUNICIPIO, IDBANCO, DIAS_DISPERSION_SL, FREC_DISPERSION_SL, DIAS_DISPERSION_PL, FREC_DISPERSION_PL, DIAS_DISPERSION_SE, FREC_DISPERSION_SE, DIAS_DISPERSION_PE, FREC_DISPERSION_PE)
values ('25183000', '02', 0, 3, 0, 3, 0, 3, 0, 3);
insert into DIAS_DISPERSION (IDMUNICIPIO, IDBANCO, DIAS_DISPERSION_SL, FREC_DISPERSION_SL, DIAS_DISPERSION_PL, FREC_DISPERSION_PL, DIAS_DISPERSION_SE, FREC_DISPERSION_SE, DIAS_DISPERSION_PE, FREC_DISPERSION_PE)
values ('25214000', '02', 0, 3, 0, 3, 0, 3, 0, 3);
insert into DIAS_DISPERSION (IDMUNICIPIO, IDBANCO, DIAS_DISPERSION_SL, FREC_DISPERSION_SL, DIAS_DISPERSION_PL, FREC_DISPERSION_PL, DIAS_DISPERSION_SE, FREC_DISPERSION_SE, DIAS_DISPERSION_PE, FREC_DISPERSION_PE)
values ('25260000', '02', 0, 3, 0, 3, 0, 3, 0, 3);
insert into DIAS_DISPERSION (IDMUNICIPIO, IDBANCO, DIAS_DISPERSION_SL, FREC_DISPERSION_SL, DIAS_DISPERSION_PL, FREC_DISPERSION_PL, DIAS_DISPERSION_SE, FREC_DISPERSION_SE, DIAS_DISPERSION_PE, FREC_DISPERSION_PE)
values ('25269000', '02', 0, 3, 0, 3, 0, 3, 0, 3);
insert into DIAS_DISPERSION (IDMUNICIPIO, IDBANCO, DIAS_DISPERSION_SL, FREC_DISPERSION_SL, DIAS_DISPERSION_PL, FREC_DISPERSION_PL, DIAS_DISPERSION_SE, FREC_DISPERSION_SE, DIAS_DISPERSION_PE, FREC_DISPERSION_PE)
values ('25290000', '02', 0, 3, 0, 3, 0, 3, 0, 3);
insert into DIAS_DISPERSION (IDMUNICIPIO, IDBANCO, DIAS_DISPERSION_SL, FREC_DISPERSION_SL, DIAS_DISPERSION_PL, FREC_DISPERSION_PL, DIAS_DISPERSION_SE, FREC_DISPERSION_SE, DIAS_DISPERSION_PE, FREC_DISPERSION_PE)
values ('25307000', '02', 0, 3, 0, 3, 0, 3, 0, 3);
insert into DIAS_DISPERSION (IDMUNICIPIO, IDBANCO, DIAS_DISPERSION_SL, FREC_DISPERSION_SL, DIAS_DISPERSION_PL, FREC_DISPERSION_PL, DIAS_DISPERSION_SE, FREC_DISPERSION_SE, DIAS_DISPERSION_PE, FREC_DISPERSION_PE)
values ('25335000', '02', 0, 3, 0, 3, 0, 3, 0, 3);
insert into DIAS_DISPERSION (IDMUNICIPIO, IDBANCO, DIAS_DISPERSION_SL, FREC_DISPERSION_SL, DIAS_DISPERSION_PL, FREC_DISPERSION_PL, DIAS_DISPERSION_SE, FREC_DISPERSION_SE, DIAS_DISPERSION_PE, FREC_DISPERSION_PE)
values ('25377000', '02', 0, 3, 0, 3, 0, 3, 0, 3);
insert into DIAS_DISPERSION (IDMUNICIPIO, IDBANCO, DIAS_DISPERSION_SL, FREC_DISPERSION_SL, DIAS_DISPERSION_PL, FREC_DISPERSION_PL, DIAS_DISPERSION_SE, FREC_DISPERSION_SE, DIAS_DISPERSION_PE, FREC_DISPERSION_PE)
values ('25473000', '02', 0, 3, 0, 3, 0, 3, 0, 3);
insert into DIAS_DISPERSION (IDMUNICIPIO, IDBANCO, DIAS_DISPERSION_SL, FREC_DISPERSION_SL, DIAS_DISPERSION_PL, FREC_DISPERSION_PL, DIAS_DISPERSION_SE, FREC_DISPERSION_SE, DIAS_DISPERSION_PE, FREC_DISPERSION_PE)
values ('25513000', '02', 0, 3, 0, 3, 0, 3, 0, 3);
insert into DIAS_DISPERSION (IDMUNICIPIO, IDBANCO, DIAS_DISPERSION_SL, FREC_DISPERSION_SL, DIAS_DISPERSION_PL, FREC_DISPERSION_PL, DIAS_DISPERSION_SE, FREC_DISPERSION_SE, DIAS_DISPERSION_PE, FREC_DISPERSION_PE)
values ('25286000', '02', 0, 3, 0, 3, 0, 3, 0, 3);
insert into DIAS_DISPERSION (IDMUNICIPIO, IDBANCO, DIAS_DISPERSION_SL, FREC_DISPERSION_SL, DIAS_DISPERSION_PL, FREC_DISPERSION_PL, DIAS_DISPERSION_SE, FREC_DISPERSION_SE, DIAS_DISPERSION_PE, FREC_DISPERSION_PE)
values ('27361000', '02', 0, 3, 0, 3, 0, 3, 0, 3);
insert into DIAS_DISPERSION (IDMUNICIPIO, IDBANCO, DIAS_DISPERSION_SL, FREC_DISPERSION_SL, DIAS_DISPERSION_PL, FREC_DISPERSION_PL, DIAS_DISPERSION_SE, FREC_DISPERSION_SE, DIAS_DISPERSION_PE, FREC_DISPERSION_PE)
values ('27361000', '50', 0, 3, 0, 3, 0, 3, 0, 3);
insert into DIAS_DISPERSION (IDMUNICIPIO, IDBANCO, DIAS_DISPERSION_SL, FREC_DISPERSION_SL, DIAS_DISPERSION_PL, FREC_DISPERSION_PL, DIAS_DISPERSION_SE, FREC_DISPERSION_SE, DIAS_DISPERSION_PE, FREC_DISPERSION_PE)
values ('27361000', '52', 0, 2, 0, 2, 0, 3, 0, 3);
insert into DIAS_DISPERSION (IDMUNICIPIO, IDBANCO, DIAS_DISPERSION_SL, FREC_DISPERSION_SL, DIAS_DISPERSION_PL, FREC_DISPERSION_PL, DIAS_DISPERSION_SE, FREC_DISPERSION_SE, DIAS_DISPERSION_PE, FREC_DISPERSION_PE)
values ('27361000', '40', 0, 3, 0, 3, 0, 3, 0, 3);
insert into DIAS_DISPERSION (IDMUNICIPIO, IDBANCO, DIAS_DISPERSION_SL, FREC_DISPERSION_SL, DIAS_DISPERSION_PL, FREC_DISPERSION_PL, DIAS_DISPERSION_SE, FREC_DISPERSION_SE, DIAS_DISPERSION_PE, FREC_DISPERSION_PE)
values ('05091000', '52', 0, 2, 0, 2, 20, 0, 5, 0);
insert into DIAS_DISPERSION (IDMUNICIPIO, IDBANCO, DIAS_DISPERSION_SL, FREC_DISPERSION_SL, DIAS_DISPERSION_PL, FREC_DISPERSION_PL, DIAS_DISPERSION_SE, FREC_DISPERSION_SE, DIAS_DISPERSION_PE, FREC_DISPERSION_PE)
values ('05091000', '50', 0, 3, 0, 3, 0, 3, 0, 3);
insert into DIAS_DISPERSION (IDMUNICIPIO, IDBANCO, DIAS_DISPERSION_SL, FREC_DISPERSION_SL, DIAS_DISPERSION_PL, FREC_DISPERSION_PL, DIAS_DISPERSION_SE, FREC_DISPERSION_SE, DIAS_DISPERSION_PE, FREC_DISPERSION_PE)
values ('05091000', '02', 0, 3, 0, 3, 0, 3, 0, 3);
insert into DIAS_DISPERSION (IDMUNICIPIO, IDBANCO, DIAS_DISPERSION_SL, FREC_DISPERSION_SL, DIAS_DISPERSION_PL, FREC_DISPERSION_PL, DIAS_DISPERSION_SE, FREC_DISPERSION_SE, DIAS_DISPERSION_PE, FREC_DISPERSION_PE)
values ('05091000', '40', 0, 3, 0, 3, 0, 3, 0, 3);
insert into DIAS_DISPERSION (IDMUNICIPIO, IDBANCO, DIAS_DISPERSION_SL, FREC_DISPERSION_SL, DIAS_DISPERSION_PL, FREC_DISPERSION_PL, DIAS_DISPERSION_SE, FREC_DISPERSION_SE, DIAS_DISPERSION_PE, FREC_DISPERSION_PE)
values ('08001001', '40', 0, 3, 0, 3, 0, 3, 0, 3);
insert into DIAS_DISPERSION (IDMUNICIPIO, IDBANCO, DIAS_DISPERSION_SL, FREC_DISPERSION_SL, DIAS_DISPERSION_PL, FREC_DISPERSION_PL, DIAS_DISPERSION_SE, FREC_DISPERSION_SE, DIAS_DISPERSION_PE, FREC_DISPERSION_PE)
values ('08001001', '50', 0, 3, 0, 3, 6, 0, 6, 0);
insert into DIAS_DISPERSION (IDMUNICIPIO, IDBANCO, DIAS_DISPERSION_SL, FREC_DISPERSION_SL, DIAS_DISPERSION_PL, FREC_DISPERSION_PL, DIAS_DISPERSION_SE, FREC_DISPERSION_SE, DIAS_DISPERSION_PE, FREC_DISPERSION_PE)
values ('08001001', '52', 0, 3, 0, 3, 6, 0, 5, 0);
insert into DIAS_DISPERSION (IDMUNICIPIO, IDBANCO, DIAS_DISPERSION_SL, FREC_DISPERSION_SL, DIAS_DISPERSION_PL, FREC_DISPERSION_PL, DIAS_DISPERSION_SE, FREC_DISPERSION_SE, DIAS_DISPERSION_PE, FREC_DISPERSION_PE)
values ('08001001', '02', 0, 3, 0, 3, 0, 3, 0, 3);
insert into DIAS_DISPERSION (IDMUNICIPIO, IDBANCO, DIAS_DISPERSION_SL, FREC_DISPERSION_SL, DIAS_DISPERSION_PL, FREC_DISPERSION_PL, DIAS_DISPERSION_SE, FREC_DISPERSION_SE, DIAS_DISPERSION_PE, FREC_DISPERSION_PE)
values ('19212000', '02', 0, 3, 0, 3, 0, 3, 0, 3);
commit;
prompt 1300 records committed...
insert into DIAS_DISPERSION (IDMUNICIPIO, IDBANCO, DIAS_DISPERSION_SL, FREC_DISPERSION_SL, DIAS_DISPERSION_PL, FREC_DISPERSION_PL, DIAS_DISPERSION_SE, FREC_DISPERSION_SE, DIAS_DISPERSION_PE, FREC_DISPERSION_PE)
values ('19212000', '40', 0, 3, 0, 3, 0, 3, 0, 3);
insert into DIAS_DISPERSION (IDMUNICIPIO, IDBANCO, DIAS_DISPERSION_SL, FREC_DISPERSION_SL, DIAS_DISPERSION_PL, FREC_DISPERSION_PL, DIAS_DISPERSION_SE, FREC_DISPERSION_SE, DIAS_DISPERSION_PE, FREC_DISPERSION_PE)
values ('19212000', '52', 0, 2, 0, 2, 20, 0, 5, 0);
insert into DIAS_DISPERSION (IDMUNICIPIO, IDBANCO, DIAS_DISPERSION_SL, FREC_DISPERSION_SL, DIAS_DISPERSION_PL, FREC_DISPERSION_PL, DIAS_DISPERSION_SE, FREC_DISPERSION_SE, DIAS_DISPERSION_PE, FREC_DISPERSION_PE)
values ('19212000', '50', 0, 3, 0, 3, 0, 3, 0, 3);
insert into DIAS_DISPERSION (IDMUNICIPIO, IDBANCO, DIAS_DISPERSION_SL, FREC_DISPERSION_SL, DIAS_DISPERSION_PL, FREC_DISPERSION_PL, DIAS_DISPERSION_SE, FREC_DISPERSION_SE, DIAS_DISPERSION_PE, FREC_DISPERSION_PE)
values ('66440000', '02', 0, 3, 0, 3, 0, 3, 0, 3);
insert into DIAS_DISPERSION (IDMUNICIPIO, IDBANCO, DIAS_DISPERSION_SL, FREC_DISPERSION_SL, DIAS_DISPERSION_PL, FREC_DISPERSION_PL, DIAS_DISPERSION_SE, FREC_DISPERSION_SE, DIAS_DISPERSION_PE, FREC_DISPERSION_PE)
values ('66440000', '40', 0, 3, 0, 3, 0, 3, 0, 3);
insert into DIAS_DISPERSION (IDMUNICIPIO, IDBANCO, DIAS_DISPERSION_SL, FREC_DISPERSION_SL, DIAS_DISPERSION_PL, FREC_DISPERSION_PL, DIAS_DISPERSION_SE, FREC_DISPERSION_SE, DIAS_DISPERSION_PE, FREC_DISPERSION_PE)
values ('66440000', '50', 0, 3, 0, 3, 0, 3, 0, 3);
insert into DIAS_DISPERSION (IDMUNICIPIO, IDBANCO, DIAS_DISPERSION_SL, FREC_DISPERSION_SL, DIAS_DISPERSION_PL, FREC_DISPERSION_PL, DIAS_DISPERSION_SE, FREC_DISPERSION_SE, DIAS_DISPERSION_PE, FREC_DISPERSION_PE)
values ('66440000', '52', 0, 2, 0, 2, 20, 0, 5, 0);
insert into DIAS_DISPERSION (IDMUNICIPIO, IDBANCO, DIAS_DISPERSION_SL, FREC_DISPERSION_SL, DIAS_DISPERSION_PL, FREC_DISPERSION_PL, DIAS_DISPERSION_SE, FREC_DISPERSION_SE, DIAS_DISPERSION_PE, FREC_DISPERSION_PE)
values ('66318000', '02', 0, 3, 0, 3, 0, 3, 0, 3);
insert into DIAS_DISPERSION (IDMUNICIPIO, IDBANCO, DIAS_DISPERSION_SL, FREC_DISPERSION_SL, DIAS_DISPERSION_PL, FREC_DISPERSION_PL, DIAS_DISPERSION_SE, FREC_DISPERSION_SE, DIAS_DISPERSION_PE, FREC_DISPERSION_PE)
values ('66318000', '40', 0, 3, 0, 3, 0, 3, 0, 3);
insert into DIAS_DISPERSION (IDMUNICIPIO, IDBANCO, DIAS_DISPERSION_SL, FREC_DISPERSION_SL, DIAS_DISPERSION_PL, FREC_DISPERSION_PL, DIAS_DISPERSION_SE, FREC_DISPERSION_SE, DIAS_DISPERSION_PE, FREC_DISPERSION_PE)
values ('66318000', '50', 0, 3, 0, 3, 0, 3, 0, 3);
insert into DIAS_DISPERSION (IDMUNICIPIO, IDBANCO, DIAS_DISPERSION_SL, FREC_DISPERSION_SL, DIAS_DISPERSION_PL, FREC_DISPERSION_PL, DIAS_DISPERSION_SE, FREC_DISPERSION_SE, DIAS_DISPERSION_PE, FREC_DISPERSION_PE)
values ('66318000', '52', 0, 2, 0, 2, 20, 0, 5, 0);
insert into DIAS_DISPERSION (IDMUNICIPIO, IDBANCO, DIAS_DISPERSION_SL, FREC_DISPERSION_SL, DIAS_DISPERSION_PL, FREC_DISPERSION_PL, DIAS_DISPERSION_SE, FREC_DISPERSION_SE, DIAS_DISPERSION_PE, FREC_DISPERSION_PE)
values ('15131000', '50', 0, 3, 0, 3, 0, 3, 0, 3);
insert into DIAS_DISPERSION (IDMUNICIPIO, IDBANCO, DIAS_DISPERSION_SL, FREC_DISPERSION_SL, DIAS_DISPERSION_PL, FREC_DISPERSION_PL, DIAS_DISPERSION_SE, FREC_DISPERSION_SE, DIAS_DISPERSION_PE, FREC_DISPERSION_PE)
values ('15131000', '52', 0, 2, 0, 2, 20, 0, 5, 0);
insert into DIAS_DISPERSION (IDMUNICIPIO, IDBANCO, DIAS_DISPERSION_SL, FREC_DISPERSION_SL, DIAS_DISPERSION_PL, FREC_DISPERSION_PL, DIAS_DISPERSION_SE, FREC_DISPERSION_SE, DIAS_DISPERSION_PE, FREC_DISPERSION_PE)
values ('15131000', '40', 0, 3, 0, 3, 0, 3, 0, 3);
insert into DIAS_DISPERSION (IDMUNICIPIO, IDBANCO, DIAS_DISPERSION_SL, FREC_DISPERSION_SL, DIAS_DISPERSION_PL, FREC_DISPERSION_PL, DIAS_DISPERSION_SE, FREC_DISPERSION_SE, DIAS_DISPERSION_PE, FREC_DISPERSION_PE)
values ('15131000', '02', 0, 3, 0, 3, 0, 3, 0, 3);
insert into DIAS_DISPERSION (IDMUNICIPIO, IDBANCO, DIAS_DISPERSION_SL, FREC_DISPERSION_SL, DIAS_DISPERSION_PL, FREC_DISPERSION_PL, DIAS_DISPERSION_SE, FREC_DISPERSION_SE, DIAS_DISPERSION_PE, FREC_DISPERSION_PE)
values ('95001000', '40', 0, 3, 0, 3, 0, 3, 0, 3);
insert into DIAS_DISPERSION (IDMUNICIPIO, IDBANCO, DIAS_DISPERSION_SL, FREC_DISPERSION_SL, DIAS_DISPERSION_PL, FREC_DISPERSION_PL, DIAS_DISPERSION_SE, FREC_DISPERSION_SE, DIAS_DISPERSION_PE, FREC_DISPERSION_PE)
values ('95001000', '50', 0, 3, 0, 3, 0, 3, 0, 3);
insert into DIAS_DISPERSION (IDMUNICIPIO, IDBANCO, DIAS_DISPERSION_SL, FREC_DISPERSION_SL, DIAS_DISPERSION_PL, FREC_DISPERSION_PL, DIAS_DISPERSION_SE, FREC_DISPERSION_SE, DIAS_DISPERSION_PE, FREC_DISPERSION_PE)
values ('95001000', '52', 0, 2, 0, 2, 20, 0, 5, 0);
insert into DIAS_DISPERSION (IDMUNICIPIO, IDBANCO, DIAS_DISPERSION_SL, FREC_DISPERSION_SL, DIAS_DISPERSION_PL, FREC_DISPERSION_PL, DIAS_DISPERSION_SE, FREC_DISPERSION_SE, DIAS_DISPERSION_PE, FREC_DISPERSION_PE)
values ('15469000', '02', 0, 3, 0, 3, 0, 3, 0, 3);
insert into DIAS_DISPERSION (IDMUNICIPIO, IDBANCO, DIAS_DISPERSION_SL, FREC_DISPERSION_SL, DIAS_DISPERSION_PL, FREC_DISPERSION_PL, DIAS_DISPERSION_SE, FREC_DISPERSION_SE, DIAS_DISPERSION_PE, FREC_DISPERSION_PE)
values ('15469000', '40', 0, 3, 0, 3, 0, 3, 0, 3);
insert into DIAS_DISPERSION (IDMUNICIPIO, IDBANCO, DIAS_DISPERSION_SL, FREC_DISPERSION_SL, DIAS_DISPERSION_PL, FREC_DISPERSION_PL, DIAS_DISPERSION_SE, FREC_DISPERSION_SE, DIAS_DISPERSION_PE, FREC_DISPERSION_PE)
values ('15469000', '52', 0, 2, 0, 2, 20, 0, 5, 0);
insert into DIAS_DISPERSION (IDMUNICIPIO, IDBANCO, DIAS_DISPERSION_SL, FREC_DISPERSION_SL, DIAS_DISPERSION_PL, FREC_DISPERSION_PL, DIAS_DISPERSION_SE, FREC_DISPERSION_SE, DIAS_DISPERSION_PE, FREC_DISPERSION_PE)
values ('15469000', '50', 0, 3, 0, 3, 0, 3, 0, 3);
insert into DIAS_DISPERSION (IDMUNICIPIO, IDBANCO, DIAS_DISPERSION_SL, FREC_DISPERSION_SL, DIAS_DISPERSION_PL, FREC_DISPERSION_PL, DIAS_DISPERSION_SE, FREC_DISPERSION_SE, DIAS_DISPERSION_PE, FREC_DISPERSION_PE)
values ('25286000', '40', 0, 3, 0, 3, 0, 3, 0, 3);
insert into DIAS_DISPERSION (IDMUNICIPIO, IDBANCO, DIAS_DISPERSION_SL, FREC_DISPERSION_SL, DIAS_DISPERSION_PL, FREC_DISPERSION_PL, DIAS_DISPERSION_SE, FREC_DISPERSION_SE, DIAS_DISPERSION_PE, FREC_DISPERSION_PE)
values ('76100000', '52', 0, 2, 0, 2, 20, 0, 5, 0);
insert into DIAS_DISPERSION (IDMUNICIPIO, IDBANCO, DIAS_DISPERSION_SL, FREC_DISPERSION_SL, DIAS_DISPERSION_PL, FREC_DISPERSION_PL, DIAS_DISPERSION_SE, FREC_DISPERSION_SE, DIAS_DISPERSION_PE, FREC_DISPERSION_PE)
values ('76100000', '50', 0, 3, 0, 3, 0, 3, 0, 3);
insert into DIAS_DISPERSION (IDMUNICIPIO, IDBANCO, DIAS_DISPERSION_SL, FREC_DISPERSION_SL, DIAS_DISPERSION_PL, FREC_DISPERSION_PL, DIAS_DISPERSION_SE, FREC_DISPERSION_SE, DIAS_DISPERSION_PE, FREC_DISPERSION_PE)
values ('76100000', '02', 0, 3, 0, 3, 0, 3, 0, 3);
insert into DIAS_DISPERSION (IDMUNICIPIO, IDBANCO, DIAS_DISPERSION_SL, FREC_DISPERSION_SL, DIAS_DISPERSION_PL, FREC_DISPERSION_PL, DIAS_DISPERSION_SE, FREC_DISPERSION_SE, DIAS_DISPERSION_PE, FREC_DISPERSION_PE)
values ('76100000', '40', 0, 3, 0, 3, 0, 3, 0, 3);
insert into DIAS_DISPERSION (IDMUNICIPIO, IDBANCO, DIAS_DISPERSION_SL, FREC_DISPERSION_SL, DIAS_DISPERSION_PL, FREC_DISPERSION_PL, DIAS_DISPERSION_SE, FREC_DISPERSION_SE, DIAS_DISPERSION_PE, FREC_DISPERSION_PE)
values ('95001000', '02', 0, 3, 0, 3, 0, 3, 0, 3);
insert into DIAS_DISPERSION (IDMUNICIPIO, IDBANCO, DIAS_DISPERSION_SL, FREC_DISPERSION_SL, DIAS_DISPERSION_PL, FREC_DISPERSION_PL, DIAS_DISPERSION_SE, FREC_DISPERSION_SE, DIAS_DISPERSION_PE, FREC_DISPERSION_PE)
values ('05209000', '52', 0, 2, 0, 2, 20, 0, 5, 0);
insert into DIAS_DISPERSION (IDMUNICIPIO, IDBANCO, DIAS_DISPERSION_SL, FREC_DISPERSION_SL, DIAS_DISPERSION_PL, FREC_DISPERSION_PL, DIAS_DISPERSION_SE, FREC_DISPERSION_SE, DIAS_DISPERSION_PE, FREC_DISPERSION_PE)
values ('05209000', '50', 0, 3, 0, 3, 0, 3, 0, 3);
insert into DIAS_DISPERSION (IDMUNICIPIO, IDBANCO, DIAS_DISPERSION_SL, FREC_DISPERSION_SL, DIAS_DISPERSION_PL, FREC_DISPERSION_PL, DIAS_DISPERSION_SE, FREC_DISPERSION_SE, DIAS_DISPERSION_PE, FREC_DISPERSION_PE)
values ('05209000', '40', 0, 3, 0, 3, 0, 3, 0, 3);
insert into DIAS_DISPERSION (IDMUNICIPIO, IDBANCO, DIAS_DISPERSION_SL, FREC_DISPERSION_SL, DIAS_DISPERSION_PL, FREC_DISPERSION_PL, DIAS_DISPERSION_SE, FREC_DISPERSION_SE, DIAS_DISPERSION_PE, FREC_DISPERSION_PE)
values ('05209000', '02', 0, 3, 0, 3, 0, 3, 0, 3);
insert into DIAS_DISPERSION (IDMUNICIPIO, IDBANCO, DIAS_DISPERSION_SL, FREC_DISPERSION_SL, DIAS_DISPERSION_PL, FREC_DISPERSION_PL, DIAS_DISPERSION_SE, FREC_DISPERSION_SE, DIAS_DISPERSION_PE, FREC_DISPERSION_PE)
values ('08141000', '52', 0, 2, 0, 2, 20, 0, 5, 0);
insert into DIAS_DISPERSION (IDMUNICIPIO, IDBANCO, DIAS_DISPERSION_SL, FREC_DISPERSION_SL, DIAS_DISPERSION_PL, FREC_DISPERSION_PL, DIAS_DISPERSION_SE, FREC_DISPERSION_SE, DIAS_DISPERSION_PE, FREC_DISPERSION_PE)
values ('08141000', '50', 0, 3, 0, 3, 0, 3, 0, 3);
insert into DIAS_DISPERSION (IDMUNICIPIO, IDBANCO, DIAS_DISPERSION_SL, FREC_DISPERSION_SL, DIAS_DISPERSION_PL, FREC_DISPERSION_PL, DIAS_DISPERSION_SE, FREC_DISPERSION_SE, DIAS_DISPERSION_PE, FREC_DISPERSION_PE)
values ('08141000', '40', 0, 3, 0, 3, 0, 3, 0, 3);
insert into DIAS_DISPERSION (IDMUNICIPIO, IDBANCO, DIAS_DISPERSION_SL, FREC_DISPERSION_SL, DIAS_DISPERSION_PL, FREC_DISPERSION_PL, DIAS_DISPERSION_SE, FREC_DISPERSION_SE, DIAS_DISPERSION_PE, FREC_DISPERSION_PE)
values ('08141000', '02', 0, 3, 0, 3, 0, 3, 0, 3);
insert into DIAS_DISPERSION (IDMUNICIPIO, IDBANCO, DIAS_DISPERSION_SL, FREC_DISPERSION_SL, DIAS_DISPERSION_PL, FREC_DISPERSION_PL, DIAS_DISPERSION_SE, FREC_DISPERSION_SE, DIAS_DISPERSION_PE, FREC_DISPERSION_PE)
values ('13248000', '52', 0, 2, 0, 2, 20, 0, 5, 0);
insert into DIAS_DISPERSION (IDMUNICIPIO, IDBANCO, DIAS_DISPERSION_SL, FREC_DISPERSION_SL, DIAS_DISPERSION_PL, FREC_DISPERSION_PL, DIAS_DISPERSION_SE, FREC_DISPERSION_SE, DIAS_DISPERSION_PE, FREC_DISPERSION_PE)
values ('13248000', '50', 0, 3, 0, 3, 0, 3, 0, 3);
insert into DIAS_DISPERSION (IDMUNICIPIO, IDBANCO, DIAS_DISPERSION_SL, FREC_DISPERSION_SL, DIAS_DISPERSION_PL, FREC_DISPERSION_PL, DIAS_DISPERSION_SE, FREC_DISPERSION_SE, DIAS_DISPERSION_PE, FREC_DISPERSION_PE)
values ('13248000', '40', 0, 3, 0, 3, 0, 3, 0, 3);
insert into DIAS_DISPERSION (IDMUNICIPIO, IDBANCO, DIAS_DISPERSION_SL, FREC_DISPERSION_SL, DIAS_DISPERSION_PL, FREC_DISPERSION_PL, DIAS_DISPERSION_SE, FREC_DISPERSION_SE, DIAS_DISPERSION_PE, FREC_DISPERSION_PE)
values ('13248000', '02', 0, 3, 0, 3, 0, 3, 0, 3);
insert into DIAS_DISPERSION (IDMUNICIPIO, IDBANCO, DIAS_DISPERSION_SL, FREC_DISPERSION_SL, DIAS_DISPERSION_PL, FREC_DISPERSION_PL, DIAS_DISPERSION_SE, FREC_DISPERSION_SE, DIAS_DISPERSION_PE, FREC_DISPERSION_PE)
values ('17442000', '52', 0, 2, 0, 2, 20, 0, 5, 0);
insert into DIAS_DISPERSION (IDMUNICIPIO, IDBANCO, DIAS_DISPERSION_SL, FREC_DISPERSION_SL, DIAS_DISPERSION_PL, FREC_DISPERSION_PL, DIAS_DISPERSION_SE, FREC_DISPERSION_SE, DIAS_DISPERSION_PE, FREC_DISPERSION_PE)
values ('17442000', '50', 0, 3, 0, 3, 0, 3, 0, 3);
insert into DIAS_DISPERSION (IDMUNICIPIO, IDBANCO, DIAS_DISPERSION_SL, FREC_DISPERSION_SL, DIAS_DISPERSION_PL, FREC_DISPERSION_PL, DIAS_DISPERSION_SE, FREC_DISPERSION_SE, DIAS_DISPERSION_PE, FREC_DISPERSION_PE)
values ('17442000', '40', 0, 3, 0, 3, 0, 3, 0, 3);
insert into DIAS_DISPERSION (IDMUNICIPIO, IDBANCO, DIAS_DISPERSION_SL, FREC_DISPERSION_SL, DIAS_DISPERSION_PL, FREC_DISPERSION_PL, DIAS_DISPERSION_SE, FREC_DISPERSION_SE, DIAS_DISPERSION_PE, FREC_DISPERSION_PE)
values ('17442000', '02', 0, 3, 0, 3, 0, 3, 0, 3);
commit;
prompt 1344 records loaded
prompt Loading FECHA_NO_HABIL...
insert into FECHA_NO_HABIL (FECHA)
values ('20090101');
insert into FECHA_NO_HABIL (FECHA)
values ('20090112');
insert into FECHA_NO_HABIL (FECHA)
values ('20090323');
insert into FECHA_NO_HABIL (FECHA)
values ('20090405');
insert into FECHA_NO_HABIL (FECHA)
values ('20090409');
insert into FECHA_NO_HABIL (FECHA)
values ('20090410');
insert into FECHA_NO_HABIL (FECHA)
values ('20090412');
insert into FECHA_NO_HABIL (FECHA)
values ('20090501');
insert into FECHA_NO_HABIL (FECHA)
values ('20090525');
insert into FECHA_NO_HABIL (FECHA)
values ('20090615');
insert into FECHA_NO_HABIL (FECHA)
values ('20090622');
insert into FECHA_NO_HABIL (FECHA)
values ('20090629');
insert into FECHA_NO_HABIL (FECHA)
values ('20090720');
insert into FECHA_NO_HABIL (FECHA)
values ('20090807');
insert into FECHA_NO_HABIL (FECHA)
values ('20090817');
insert into FECHA_NO_HABIL (FECHA)
values ('20091012');
insert into FECHA_NO_HABIL (FECHA)
values ('20091102');
insert into FECHA_NO_HABIL (FECHA)
values ('20091116');
insert into FECHA_NO_HABIL (FECHA)
values ('20091208');
insert into FECHA_NO_HABIL (FECHA)
values ('20091225');
insert into FECHA_NO_HABIL (FECHA)
values ('20100101');
insert into FECHA_NO_HABIL (FECHA)
values ('20100111');
insert into FECHA_NO_HABIL (FECHA)
values ('20100322');
insert into FECHA_NO_HABIL (FECHA)
values ('20100328');
insert into FECHA_NO_HABIL (FECHA)
values ('20100401');
insert into FECHA_NO_HABIL (FECHA)
values ('20100402');
insert into FECHA_NO_HABIL (FECHA)
values ('20100404');
insert into FECHA_NO_HABIL (FECHA)
values ('20100501');
insert into FECHA_NO_HABIL (FECHA)
values ('20100517');
insert into FECHA_NO_HABIL (FECHA)
values ('20100607');
insert into FECHA_NO_HABIL (FECHA)
values ('20100614');
insert into FECHA_NO_HABIL (FECHA)
values ('20100705');
insert into FECHA_NO_HABIL (FECHA)
values ('20100720');
insert into FECHA_NO_HABIL (FECHA)
values ('20100807');
insert into FECHA_NO_HABIL (FECHA)
values ('20100816');
insert into FECHA_NO_HABIL (FECHA)
values ('20101018');
insert into FECHA_NO_HABIL (FECHA)
values ('20101101');
insert into FECHA_NO_HABIL (FECHA)
values ('20101115');
insert into FECHA_NO_HABIL (FECHA)
values ('20101208');
insert into FECHA_NO_HABIL (FECHA)
values ('20101225');
insert into FECHA_NO_HABIL (FECHA)
values ('20110101');
commit;
prompt 41 records loaded
prompt Loading MENU...
insert into MENU (IDMENU, NAMEMENU, PAGE, PADREID, ENABLEMENU)
values (89, '06 Reporte Contabilizacion', '/faces/RptRecExtContabilidad.jsp', 3, 1);
insert into MENU (IDMENU, NAMEMENU, PAGE, PADREID, ENABLEMENU)
values (45, '04 Cambio de clave', '/faces/cambioClave.jsp', 5, 1);
insert into MENU (IDMENU, NAMEMENU, PAGE, PADREID, ENABLEMENU)
values (43, '02 Roles', '/faces/Rol.jsp', 5, 1);
insert into MENU (IDMENU, NAMEMENU, PAGE, PADREID, ENABLEMENU)
values (2, '02 Salarios Mnimos', '/faces/SalarioMinimo.jsp', 1, 1);
insert into MENU (IDMENU, NAMEMENU, PAGE, PADREID, ENABLEMENU)
values (3, '03 Fechas no hbiles', '/faces/FechaNoHabil.jsp', 1, 1);
insert into MENU (IDMENU, NAMEMENU, PAGE, PADREID, ENABLEMENU)
values (4, '04 Validador Fechas', '/faces/Validador.jsp', 1, 1);
insert into MENU (IDMENU, NAMEMENU, PAGE, PADREID, ENABLEMENU)
values (5, '05 Definicin FCM', '/faces/InformacionFCM.jsp', 1, 1);
insert into MENU (IDMENU, NAMEMENU, PAGE, PADREID, ENABLEMENU)
values (6, '06 Cuentas Recaudo Local', '/faces/CuentasRecLocal.jsp', 1, 1);
insert into MENU (IDMENU, NAMEMENU, PAGE, PADREID, ENABLEMENU)
values (7, '07 Concesionarios', '/faces/Concesionario.jsp', 1, 1);
insert into MENU (IDMENU, NAMEMENU, PAGE, PADREID, ENABLEMENU)
values (8, '08 Cuentas Recaudo Externo', '/faces/CtaRecExt.jsp', 1, 1);
insert into MENU (IDMENU, NAMEMENU, PAGE, PADREID, ENABLEMENU)
values (9, '09 Cuentas Dispersin', '/faces/CtaConcesionario.jsp', 1, 1);
insert into MENU (IDMENU, NAMEMENU, PAGE, PADREID, ENABLEMENU)
values (10, '10 Municipios', '/faces/Municipio.jsp', 1, 1);
insert into MENU (IDMENU, NAMEMENU, PAGE, PADREID, ENABLEMENU)
values (11, '11 Das de Dispersin', '/faces/DiasDispersion.jsp', 1, 1);
insert into MENU (IDMENU, NAMEMENU, PAGE, PADREID, ENABLEMENU)
values (12, '12 Terceros', '/faces/Terceros.jsp', 1, 1);
insert into MENU (IDMENU, NAMEMENU, PAGE, PADREID, ENABLEMENU)
values (27, '01 Cargar Recaudo', '/faces/CargaRecaudoExterno.jsp', 3, 1);
insert into MENU (IDMENU, NAMEMENU, PAGE, PADREID, ENABLEMENU)
values (24, '09 Causacion Gasto POLCA', '/faces/rptCauGasPolcaLoc.jsp', 2, 1);
insert into MENU (IDMENU, NAMEMENU, PAGE, PADREID, ENABLEMENU)
values (23, '08 Causacion Gasto SIMIT', '/faces/rptCauGasSimitLoc.jsp', 2, 1);
insert into MENU (IDMENU, NAMEMENU, PAGE, PADREID, ENABLEMENU)
values (22, '07 Transferencia POLCA', '/faces/rptDisPolcaLoc.jsp', 2, 1);
insert into MENU (IDMENU, NAMEMENU, PAGE, PADREID, ENABLEMENU)
values (21, '06 Transferencia SIMIT', '/faces/rptDisSimitLoc.jsp', 2, 1);
insert into MENU (IDMENU, NAMEMENU, PAGE, PADREID, ENABLEMENU)
values (46, '01 Municipio', '/faces/NovMunicipio.jsp', 6, 1);
insert into MENU (IDMENU, NAMEMENU, PAGE, PADREID, ENABLEMENU)
values (1, '01 Definicin Bancos', '/faces/Bancos.jsp', 1, 1);
insert into MENU (IDMENU, NAMEMENU, PAGE, PADREID, ENABLEMENU)
values (13, '01 Cargue archivos', '/faces/cargueArchivo.jsp', 2, 1);
insert into MENU (IDMENU, NAMEMENU, PAGE, PADREID, ENABLEMENU)
values (14, '02 Ajustes', '/faces/AjustesLocal.jsp', 2, 1);
insert into MENU (IDMENU, NAMEMENU, PAGE, PADREID, ENABLEMENU)
values (15, '03 Liquidar', '/faces/liquida_recaudo_local.jsp', 2, 1);
insert into MENU (IDMENU, NAMEMENU, PAGE, PADREID, ENABLEMENU)
values (28, '02 Distribuir', '/faces/LiquidarExterno.jsp', 3, 1);
insert into MENU (IDMENU, NAMEMENU, PAGE, PADREID, ENABLEMENU)
values (34, '01 Errores ejecucion', '/faces/VisorErrores.jsp', 4, 1);
insert into MENU (IDMENU, NAMEMENU, PAGE, PADREID, ENABLEMENU)
values (35, '02 Log Operaciones', '/faces/VisorLog.jsp', 4, 1);
insert into MENU (IDMENU, NAMEMENU, PAGE, PADREID, ENABLEMENU)
values (19, '04 Reporte Liquidacin', '/faces/ReporteLiquidacionLocal.jsp', 2, 1);
insert into MENU (IDMENU, NAMEMENU, PAGE, PADREID, ENABLEMENU)
values (26, '11 Causacion Ingreso POLCA', '/faces/rptCauIngPolcaLoc.jsp', 2, 1);
insert into MENU (IDMENU, NAMEMENU, PAGE, PADREID, ENABLEMENU)
values (25, '10 Causacion Ingreso SIMIT', '/faces/rptCauIngSimitLoc.jsp', 2, 1);
insert into MENU (IDMENU, NAMEMENU, PAGE, PADREID, ENABLEMENU)
values (29, '03 Transferencia', '/faces/dispersa_recaudo_externo.jsp', 3, 1);
insert into MENU (IDMENU, NAMEMENU, PAGE, PADREID, ENABLEMENU)
values (36, '01 Usuarios', '/faces/Usuario.jsp', 5, 1);
insert into MENU (IDMENU, NAMEMENU, PAGE, PADREID, ENABLEMENU)
values (44, '03 Menus', '/faces/Menu.jsp', 5, 1);
insert into MENU (IDMENU, NAMEMENU, PAGE, PADREID, ENABLEMENU)
values (49, '13 Cuentas Dispersin FCM', '/faces/CuentasDispFCM.jsp', 1, 1);
insert into MENU (IDMENU, NAMEMENU, PAGE, PADREID, ENABLEMENU)
values (66, '07 Plantilla Depsitos', '/plantillaDepositos.xls', 2, 1);
insert into MENU (IDMENU, NAMEMENU, PAGE, PADREID, ENABLEMENU)
values (68, '05 Reporte Transferencia', 'ReporteTransferenciaLocal.jsp', 2, 1);
insert into MENU (IDMENU, NAMEMENU, PAGE, PADREID, ENABLEMENU)
values (69, '06 Reporte Causacin', 'ReporteCausacionLocal.jsp', 2, 1);
insert into MENU (IDMENU, NAMEMENU, PAGE, PADREID, ENABLEMENU)
values (47, '05 Validar Novedad', '/faces/ValidarNovedad.jsp', 6, 1);
insert into MENU (IDMENU, NAMEMENU, PAGE, PADREID, ENABLEMENU)
values (48, '06 Administrar', '/faces/ConsNovedades.jsp', 6, 1);
insert into MENU (IDMENU, NAMEMENU, PAGE, PADREID, ENABLEMENU)
values (269, '04 Transferir', '/faces/TransferirExterno.jsp', 3, 1);
insert into MENU (IDMENU, NAMEMENU, PAGE, PADREID, ENABLEMENU)
values (86, '06 Reporte Causacin', '/faces/ReporteCausacionExterno.jsp', 3, 1);
insert into MENU (IDMENU, NAMEMENU, PAGE, PADREID, ENABLEMENU)
values (87, '03 Reporte Distribucin', '/faces/ReporteLiquidacionExterno.jsp', 3, 1);
insert into MENU (IDMENU, NAMEMENU, PAGE, PADREID, ENABLEMENU)
values (88, '05 Reporte Transferencia', '/faces/ReporteTransferenciaExterno.jsp', 3, 1);
insert into MENU (IDMENU, NAMEMENU, PAGE, PADREID, ENABLEMENU)
values (166, '14 Aprobar Reproceso', '/faces/AprobarReproceso.jsp', 1, 1);
insert into MENU (IDMENU, NAMEMENU, PAGE, PADREID, ENABLEMENU)
values (270, '07 Envio a Bancos', '/faces/EnvioBanco.jsp', 3, 1);
insert into MENU (IDMENU, NAMEMENU, PAGE, PADREID, ENABLEMENU)
values (271, '08 Reporte Validacion', '/faces/RptValidacion.jsp', 3, 1);
insert into MENU (IDMENU, NAMEMENU, PAGE, PADREID, ENABLEMENU)
values (272, '09 Reporte Contabilidad Pago', '/faces/RptPagExtContabilidad.jsp', 3, 1);
commit;
prompt 47 records loaded
prompt Loading MENUXROL...
insert into MENUXROL (MENUID, ROLID)
values (19, 189);
insert into MENUXROL (MENUID, ROLID)
values (87, 189);
insert into MENUXROL (MENUID, ROLID)
values (88, 189);
insert into MENUXROL (MENUID, ROLID)
values (45, 189);
insert into MENUXROL (MENUID, ROLID)
values (19, 48);
insert into MENUXROL (MENUID, ROLID)
values (68, 48);
insert into MENUXROL (MENUID, ROLID)
values (69, 48);
insert into MENUXROL (MENUID, ROLID)
values (21, 48);
insert into MENUXROL (MENUID, ROLID)
values (66, 48);
insert into MENUXROL (MENUID, ROLID)
values (22, 48);
insert into MENUXROL (MENUID, ROLID)
values (23, 48);
insert into MENUXROL (MENUID, ROLID)
values (24, 48);
insert into MENUXROL (MENUID, ROLID)
values (25, 48);
insert into MENUXROL (MENUID, ROLID)
values (1, 169);
insert into MENUXROL (MENUID, ROLID)
values (2, 169);
insert into MENUXROL (MENUID, ROLID)
values (3, 169);
insert into MENUXROL (MENUID, ROLID)
values (4, 169);
insert into MENUXROL (MENUID, ROLID)
values (5, 169);
insert into MENUXROL (MENUID, ROLID)
values (6, 169);
insert into MENUXROL (MENUID, ROLID)
values (7, 169);
insert into MENUXROL (MENUID, ROLID)
values (8, 169);
insert into MENUXROL (MENUID, ROLID)
values (9, 169);
insert into MENUXROL (MENUID, ROLID)
values (10, 169);
insert into MENUXROL (MENUID, ROLID)
values (11, 169);
insert into MENUXROL (MENUID, ROLID)
values (12, 169);
insert into MENUXROL (MENUID, ROLID)
values (49, 169);
insert into MENUXROL (MENUID, ROLID)
values (34, 169);
insert into MENUXROL (MENUID, ROLID)
values (35, 169);
insert into MENUXROL (MENUID, ROLID)
values (36, 169);
insert into MENUXROL (MENUID, ROLID)
values (43, 169);
insert into MENUXROL (MENUID, ROLID)
values (44, 169);
insert into MENUXROL (MENUID, ROLID)
values (45, 169);
insert into MENUXROL (MENUID, ROLID)
values (1, 149);
insert into MENUXROL (MENUID, ROLID)
values (2, 149);
insert into MENUXROL (MENUID, ROLID)
values (3, 149);
insert into MENUXROL (MENUID, ROLID)
values (4, 149);
insert into MENUXROL (MENUID, ROLID)
values (5, 149);
insert into MENUXROL (MENUID, ROLID)
values (6, 149);
insert into MENUXROL (MENUID, ROLID)
values (7, 149);
insert into MENUXROL (MENUID, ROLID)
values (8, 149);
insert into MENUXROL (MENUID, ROLID)
values (9, 149);
insert into MENUXROL (MENUID, ROLID)
values (10, 149);
insert into MENUXROL (MENUID, ROLID)
values (11, 149);
insert into MENUXROL (MENUID, ROLID)
values (12, 149);
insert into MENUXROL (MENUID, ROLID)
values (49, 149);
insert into MENUXROL (MENUID, ROLID)
values (19, 149);
insert into MENUXROL (MENUID, ROLID)
values (87, 149);
insert into MENUXROL (MENUID, ROLID)
values (35, 149);
insert into MENUXROL (MENUID, ROLID)
values (45, 149);
insert into MENUXROL (MENUID, ROLID)
values (34, 46);
insert into MENUXROL (MENUID, ROLID)
values (35, 46);
insert into MENUXROL (MENUID, ROLID)
values (45, 46);
insert into MENUXROL (MENUID, ROLID)
values (1, 47);
insert into MENUXROL (MENUID, ROLID)
values (2, 47);
insert into MENUXROL (MENUID, ROLID)
values (3, 47);
insert into MENUXROL (MENUID, ROLID)
values (4, 47);
insert into MENUXROL (MENUID, ROLID)
values (5, 47);
insert into MENUXROL (MENUID, ROLID)
values (6, 47);
insert into MENUXROL (MENUID, ROLID)
values (7, 47);
insert into MENUXROL (MENUID, ROLID)
values (8, 47);
insert into MENUXROL (MENUID, ROLID)
values (9, 47);
insert into MENUXROL (MENUID, ROLID)
values (10, 47);
insert into MENUXROL (MENUID, ROLID)
values (11, 47);
insert into MENUXROL (MENUID, ROLID)
values (12, 47);
insert into MENUXROL (MENUID, ROLID)
values (49, 47);
insert into MENUXROL (MENUID, ROLID)
values (13, 47);
insert into MENUXROL (MENUID, ROLID)
values (14, 47);
insert into MENUXROL (MENUID, ROLID)
values (15, 47);
insert into MENUXROL (MENUID, ROLID)
values (19, 47);
insert into MENUXROL (MENUID, ROLID)
values (68, 47);
insert into MENUXROL (MENUID, ROLID)
values (69, 47);
insert into MENUXROL (MENUID, ROLID)
values (66, 47);
insert into MENUXROL (MENUID, ROLID)
values (27, 47);
insert into MENUXROL (MENUID, ROLID)
values (28, 47);
insert into MENUXROL (MENUID, ROLID)
values (87, 47);
insert into MENUXROL (MENUID, ROLID)
values (45, 47);
insert into MENUXROL (MENUID, ROLID)
values (1, 1);
insert into MENUXROL (MENUID, ROLID)
values (2, 1);
insert into MENUXROL (MENUID, ROLID)
values (3, 1);
insert into MENUXROL (MENUID, ROLID)
values (4, 1);
insert into MENUXROL (MENUID, ROLID)
values (5, 1);
insert into MENUXROL (MENUID, ROLID)
values (6, 1);
insert into MENUXROL (MENUID, ROLID)
values (7, 1);
insert into MENUXROL (MENUID, ROLID)
values (8, 1);
insert into MENUXROL (MENUID, ROLID)
values (9, 1);
insert into MENUXROL (MENUID, ROLID)
values (10, 1);
insert into MENUXROL (MENUID, ROLID)
values (11, 1);
insert into MENUXROL (MENUID, ROLID)
values (12, 1);
insert into MENUXROL (MENUID, ROLID)
values (49, 1);
insert into MENUXROL (MENUID, ROLID)
values (166, 1);
insert into MENUXROL (MENUID, ROLID)
values (13, 1);
insert into MENUXROL (MENUID, ROLID)
values (14, 1);
insert into MENUXROL (MENUID, ROLID)
values (15, 1);
insert into MENUXROL (MENUID, ROLID)
values (19, 1);
insert into MENUXROL (MENUID, ROLID)
values (68, 1);
insert into MENUXROL (MENUID, ROLID)
values (69, 1);
insert into MENUXROL (MENUID, ROLID)
values (66, 1);
insert into MENUXROL (MENUID, ROLID)
values (27, 1);
insert into MENUXROL (MENUID, ROLID)
values (28, 1);
insert into MENUXROL (MENUID, ROLID)
values (87, 1);
commit;
prompt 100 records committed...
insert into MENUXROL (MENUID, ROLID)
values (269, 1);
insert into MENUXROL (MENUID, ROLID)
values (88, 1);
insert into MENUXROL (MENUID, ROLID)
values (89, 1);
insert into MENUXROL (MENUID, ROLID)
values (270, 1);
insert into MENUXROL (MENUID, ROLID)
values (271, 1);
insert into MENUXROL (MENUID, ROLID)
values (272, 1);
insert into MENUXROL (MENUID, ROLID)
values (34, 1);
insert into MENUXROL (MENUID, ROLID)
values (35, 1);
insert into MENUXROL (MENUID, ROLID)
values (36, 1);
insert into MENUXROL (MENUID, ROLID)
values (43, 1);
insert into MENUXROL (MENUID, ROLID)
values (44, 1);
insert into MENUXROL (MENUID, ROLID)
values (45, 1);
insert into MENUXROL (MENUID, ROLID)
values (46, 1);
insert into MENUXROL (MENUID, ROLID)
values (47, 1);
insert into MENUXROL (MENUID, ROLID)
values (48, 1);
commit;
prompt 115 records loaded
prompt Loading PADRE...
insert into PADRE (IDPADRE, NAMEPADRE, ENABLEPADRE)
values (5, 'Usuarios', 1);
insert into PADRE (IDPADRE, NAMEPADRE, ENABLEPADRE)
values (1, 'Parmetros', 1);
insert into PADRE (IDPADRE, NAMEPADRE, ENABLEPADRE)
values (2, 'Recaudo Local', 1);
insert into PADRE (IDPADRE, NAMEPADRE, ENABLEPADRE)
values (3, 'Recaudo Externo', 1);
insert into PADRE (IDPADRE, NAMEPADRE, ENABLEPADRE)
values (4, 'Utilidades', 1);
insert into PADRE (IDPADRE, NAMEPADRE, ENABLEPADRE)
values (6, 'Novedades', 1);
commit;
prompt 6 records loaded
prompt Loading P_DISPERSION_CONCESIONARIO...
insert into P_DISPERSION_CONCESIONARIO (IDCONCESIONARIO, CONCESIONARIO_S, FONDO_COB_CONCESIONARIO_S, FONDO_COB_SIMIT_S, SIMIT_S, EQUILIBRIO_ECONOMICO_S, CONCESIONARIO_PM, FONDO_COB_CONCESIONARIO_PM, FONDO_COB_SIMIT_PM, EQUILIBRIO_ECONOMICO_PM, SIMIT_PP, SEVIAL_PP, EQUILIBRIO_ECONOMICO_PP, POLCA_CP, FCM_CP, SEVIAL_CP, EQUILIBRIO_ECONOMICO_CP, CONCESIONARIO_S_CC, FONDO_COB_CONCESIONARIO_S_CC, FONDO_COB_SIMIT_S_CC, SIMIT_S_CC, EQUILIBRIO_ECONOMICO_S_CC, CONCESIONARIO_PM_CC, FONDO_COB_CONCESIONARIO_PM_CC, FONDO_COB_SIMIT_PM_CC, EQUILIBRIO_ECONOMICO_PM_CC, SIMIT_PP_CC, SEVIAL_PP_CC, EQUILIBRIO_ECONOMICO_PP_CC, POLCA_CP_CC, FCM_CP_CC, SEVIAL_CP_CC, EQUILIBRIO_ECONOMICO_CP_CC, SIMIT_PM, SIMIT_PM_CC, CTACON_GAS, CTACON_ING, CONCESIONARIO_S_CC_EXT, FONCOB_CONCES_S_CC_EXT, FONCOB_SIMIT_S_CC_EXT, SIMIT_S_CC_EXT, EQUIL_ECON_S_CC_EXT, CONCESIONARIO_PM_CC_EXT, FONCOB_CONCES_PM_CC_EXT, FONCOB_SIMIT_PM_CC_EXT, EQUIL_ECON_PM_CC_EXT, SIMIT_PP_CC_EXT, SEVIAL_PP_CC_EXT, EQUIL_ECON_PP_CC_EXT, POLCA_CP_CC_EXT, FCM_CP_CC_EXT, SEVIAL_CP_CC_EXT, EQUIL_ECON_CP_CC_EXT, SIMIT_PM_CC_EXT)
values ('01', 6.5, .5, .5, 2.5, 0, 3.25, .25, .25, 0, 2, 3, 0, 40.5, 1.8, 2.7, 0, '0522', '0523', '0504', '0505', '0506', '0513', '0514', '0515', '0518', '0516', '0517', '0518', '0000', '0512', '0511', '0518', 1.25, '0516', '52110908', '41100201', '0501', '0503', '0504', '0505', '0518', '0513', '0514', '0515', '0518', '0516', '0517', '0518', '0000', '0512', '0517', '0518', '0516');
insert into P_DISPERSION_CONCESIONARIO (IDCONCESIONARIO, CONCESIONARIO_S, FONDO_COB_CONCESIONARIO_S, FONDO_COB_SIMIT_S, SIMIT_S, EQUILIBRIO_ECONOMICO_S, CONCESIONARIO_PM, FONDO_COB_CONCESIONARIO_PM, FONDO_COB_SIMIT_PM, EQUILIBRIO_ECONOMICO_PM, SIMIT_PP, SEVIAL_PP, EQUILIBRIO_ECONOMICO_PP, POLCA_CP, FCM_CP, SEVIAL_CP, EQUILIBRIO_ECONOMICO_CP, CONCESIONARIO_S_CC, FONDO_COB_CONCESIONARIO_S_CC, FONDO_COB_SIMIT_S_CC, SIMIT_S_CC, EQUILIBRIO_ECONOMICO_S_CC, CONCESIONARIO_PM_CC, FONDO_COB_CONCESIONARIO_PM_CC, FONDO_COB_SIMIT_PM_CC, EQUILIBRIO_ECONOMICO_PM_CC, SIMIT_PP_CC, SEVIAL_PP_CC, EQUILIBRIO_ECONOMICO_PP_CC, POLCA_CP_CC, FCM_CP_CC, SEVIAL_CP_CC, EQUILIBRIO_ECONOMICO_CP_CC, SIMIT_PM, SIMIT_PM_CC, CTACON_GAS, CTACON_ING, CONCESIONARIO_S_CC_EXT, FONCOB_CONCES_S_CC_EXT, FONCOB_SIMIT_S_CC_EXT, SIMIT_S_CC_EXT, EQUIL_ECON_S_CC_EXT, CONCESIONARIO_PM_CC_EXT, FONCOB_CONCES_PM_CC_EXT, FONCOB_SIMIT_PM_CC_EXT, EQUIL_ECON_PM_CC_EXT, SIMIT_PP_CC_EXT, SEVIAL_PP_CC_EXT, EQUIL_ECON_PP_CC_EXT, POLCA_CP_CC_EXT, FCM_CP_CC_EXT, SEVIAL_CP_CC_EXT, EQUIL_ECON_CP_CC_EXT, SIMIT_PM_CC_EXT)
values ('02', 6.5, .5, .5, 2.5, 0, 3.25, .25, .25, 0, 2, 3, 0, 40.5, 1.8, 2.7, 0, '0522', '0523', '0504', '0505', '0506', '0513', '0514', '0515', '0518', '0516', '0517', '0518', '0000', '0512', '0511', '0518', 1.25, '0512', '52110909', '41100202', '0501', '0503', '0504', '0505', '0518', '0513', '0514', '0515', '0518', '0516', '0517', '0518', '0000', '0512', '0517', '0518', '0516');
insert into P_DISPERSION_CONCESIONARIO (IDCONCESIONARIO, CONCESIONARIO_S, FONDO_COB_CONCESIONARIO_S, FONDO_COB_SIMIT_S, SIMIT_S, EQUILIBRIO_ECONOMICO_S, CONCESIONARIO_PM, FONDO_COB_CONCESIONARIO_PM, FONDO_COB_SIMIT_PM, EQUILIBRIO_ECONOMICO_PM, SIMIT_PP, SEVIAL_PP, EQUILIBRIO_ECONOMICO_PP, POLCA_CP, FCM_CP, SEVIAL_CP, EQUILIBRIO_ECONOMICO_CP, CONCESIONARIO_S_CC, FONDO_COB_CONCESIONARIO_S_CC, FONDO_COB_SIMIT_S_CC, SIMIT_S_CC, EQUILIBRIO_ECONOMICO_S_CC, CONCESIONARIO_PM_CC, FONDO_COB_CONCESIONARIO_PM_CC, FONDO_COB_SIMIT_PM_CC, EQUILIBRIO_ECONOMICO_PM_CC, SIMIT_PP_CC, SEVIAL_PP_CC, EQUILIBRIO_ECONOMICO_PP_CC, POLCA_CP_CC, FCM_CP_CC, SEVIAL_CP_CC, EQUILIBRIO_ECONOMICO_CP_CC, SIMIT_PM, SIMIT_PM_CC, CTACON_GAS, CTACON_ING, CONCESIONARIO_S_CC_EXT, FONCOB_CONCES_S_CC_EXT, FONCOB_SIMIT_S_CC_EXT, SIMIT_S_CC_EXT, EQUIL_ECON_S_CC_EXT, CONCESIONARIO_PM_CC_EXT, FONCOB_CONCES_PM_CC_EXT, FONCOB_SIMIT_PM_CC_EXT, EQUIL_ECON_PM_CC_EXT, SIMIT_PP_CC_EXT, SEVIAL_PP_CC_EXT, EQUIL_ECON_PP_CC_EXT, POLCA_CP_CC_EXT, FCM_CP_CC_EXT, SEVIAL_CP_CC_EXT, EQUIL_ECON_CP_CC_EXT, SIMIT_PM_CC_EXT)
values ('03', 6.5, .5, .5, 2.5, 0, 3.25, .25, .25, 0, 2, 3, 0, 40.5, 1.8, 2.7, 0, '0522', '0523', '0504', '0505', '0506', '0513', '0514', '0515', '0518', '0516', '0517', '0518', '0000', '0512', '0511', '0518', 1.25, '0512', '52110910', '41100203', '0501', '0503', '0504', '0505', '0518', '0513', '0514', '0515', '0518', '0516', '0515', '0518', '0000', '0512', '0517', '0518', '0516');
insert into P_DISPERSION_CONCESIONARIO (IDCONCESIONARIO, CONCESIONARIO_S, FONDO_COB_CONCESIONARIO_S, FONDO_COB_SIMIT_S, SIMIT_S, EQUILIBRIO_ECONOMICO_S, CONCESIONARIO_PM, FONDO_COB_CONCESIONARIO_PM, FONDO_COB_SIMIT_PM, EQUILIBRIO_ECONOMICO_PM, SIMIT_PP, SEVIAL_PP, EQUILIBRIO_ECONOMICO_PP, POLCA_CP, FCM_CP, SEVIAL_CP, EQUILIBRIO_ECONOMICO_CP, CONCESIONARIO_S_CC, FONDO_COB_CONCESIONARIO_S_CC, FONDO_COB_SIMIT_S_CC, SIMIT_S_CC, EQUILIBRIO_ECONOMICO_S_CC, CONCESIONARIO_PM_CC, FONDO_COB_CONCESIONARIO_PM_CC, FONDO_COB_SIMIT_PM_CC, EQUILIBRIO_ECONOMICO_PM_CC, SIMIT_PP_CC, SEVIAL_PP_CC, EQUILIBRIO_ECONOMICO_PP_CC, POLCA_CP_CC, FCM_CP_CC, SEVIAL_CP_CC, EQUILIBRIO_ECONOMICO_CP_CC, SIMIT_PM, SIMIT_PM_CC, CTACON_GAS, CTACON_ING, CONCESIONARIO_S_CC_EXT, FONCOB_CONCES_S_CC_EXT, FONCOB_SIMIT_S_CC_EXT, SIMIT_S_CC_EXT, EQUIL_ECON_S_CC_EXT, CONCESIONARIO_PM_CC_EXT, FONCOB_CONCES_PM_CC_EXT, FONCOB_SIMIT_PM_CC_EXT, EQUIL_ECON_PM_CC_EXT, SIMIT_PP_CC_EXT, SEVIAL_PP_CC_EXT, EQUIL_ECON_PP_CC_EXT, POLCA_CP_CC_EXT, FCM_CP_CC_EXT, SEVIAL_CP_CC_EXT, EQUIL_ECON_CP_CC_EXT, SIMIT_PM_CC_EXT)
values ('04', 6.5, .5, .5, 2.5, 0, 3.25, .25, .25, 0, 2, 3, 0, 40.5, 1.8, 2.7, 0, '0522', '0523', '0504', '0505', '0506', '0513', '0514', '0515', '0518', '0516', '0517', '0518', '0000', '0512', '0511', '0518', 1.25, '0512', '52110911', '41100204', '0501', '0503', '0504', '0505', '0505', '0513', '0514', '0515', '0518', '0516', '0517', '0518', '0000', '0512', '0517', '0518', '0516');
insert into P_DISPERSION_CONCESIONARIO (IDCONCESIONARIO, CONCESIONARIO_S, FONDO_COB_CONCESIONARIO_S, FONDO_COB_SIMIT_S, SIMIT_S, EQUILIBRIO_ECONOMICO_S, CONCESIONARIO_PM, FONDO_COB_CONCESIONARIO_PM, FONDO_COB_SIMIT_PM, EQUILIBRIO_ECONOMICO_PM, SIMIT_PP, SEVIAL_PP, EQUILIBRIO_ECONOMICO_PP, POLCA_CP, FCM_CP, SEVIAL_CP, EQUILIBRIO_ECONOMICO_CP, CONCESIONARIO_S_CC, FONDO_COB_CONCESIONARIO_S_CC, FONDO_COB_SIMIT_S_CC, SIMIT_S_CC, EQUILIBRIO_ECONOMICO_S_CC, CONCESIONARIO_PM_CC, FONDO_COB_CONCESIONARIO_PM_CC, FONDO_COB_SIMIT_PM_CC, EQUILIBRIO_ECONOMICO_PM_CC, SIMIT_PP_CC, SEVIAL_PP_CC, EQUILIBRIO_ECONOMICO_PP_CC, POLCA_CP_CC, FCM_CP_CC, SEVIAL_CP_CC, EQUILIBRIO_ECONOMICO_CP_CC, SIMIT_PM, SIMIT_PM_CC, CTACON_GAS, CTACON_ING, CONCESIONARIO_S_CC_EXT, FONCOB_CONCES_S_CC_EXT, FONCOB_SIMIT_S_CC_EXT, SIMIT_S_CC_EXT, EQUIL_ECON_S_CC_EXT, CONCESIONARIO_PM_CC_EXT, FONCOB_CONCES_PM_CC_EXT, FONCOB_SIMIT_PM_CC_EXT, EQUIL_ECON_PM_CC_EXT, SIMIT_PP_CC_EXT, SEVIAL_PP_CC_EXT, EQUIL_ECON_PP_CC_EXT, POLCA_CP_CC_EXT, FCM_CP_CC_EXT, SEVIAL_CP_CC_EXT, EQUIL_ECON_CP_CC_EXT, SIMIT_PM_CC_EXT)
values ('05', 6.45, 0, 0, 1.05, 2.5, 3.23, 0, 0, 1.77, 0, 3, 2, 40.5, 0, 2.7, 1.8, '0522', '0523', '0504', '0505', '0506', '0513', '0514', '0515', '0518', '0516', '0517', '0518', '0000', '0512', '0511', '0518', 0, '0512', '52110912', '41100205', '0501', '0503', '0504', '0505', '0518', '0513', '0514', '0515', '0518', '0516', '0517', '0518', '0000', '0512', '0517', '0518', '0516');
insert into P_DISPERSION_CONCESIONARIO (IDCONCESIONARIO, CONCESIONARIO_S, FONDO_COB_CONCESIONARIO_S, FONDO_COB_SIMIT_S, SIMIT_S, EQUILIBRIO_ECONOMICO_S, CONCESIONARIO_PM, FONDO_COB_CONCESIONARIO_PM, FONDO_COB_SIMIT_PM, EQUILIBRIO_ECONOMICO_PM, SIMIT_PP, SEVIAL_PP, EQUILIBRIO_ECONOMICO_PP, POLCA_CP, FCM_CP, SEVIAL_CP, EQUILIBRIO_ECONOMICO_CP, CONCESIONARIO_S_CC, FONDO_COB_CONCESIONARIO_S_CC, FONDO_COB_SIMIT_S_CC, SIMIT_S_CC, EQUILIBRIO_ECONOMICO_S_CC, CONCESIONARIO_PM_CC, FONDO_COB_CONCESIONARIO_PM_CC, FONDO_COB_SIMIT_PM_CC, EQUILIBRIO_ECONOMICO_PM_CC, SIMIT_PP_CC, SEVIAL_PP_CC, EQUILIBRIO_ECONOMICO_PP_CC, POLCA_CP_CC, FCM_CP_CC, SEVIAL_CP_CC, EQUILIBRIO_ECONOMICO_CP_CC, SIMIT_PM, SIMIT_PM_CC, CTACON_GAS, CTACON_ING, CONCESIONARIO_S_CC_EXT, FONCOB_CONCES_S_CC_EXT, FONCOB_SIMIT_S_CC_EXT, SIMIT_S_CC_EXT, EQUIL_ECON_S_CC_EXT, CONCESIONARIO_PM_CC_EXT, FONCOB_CONCES_PM_CC_EXT, FONCOB_SIMIT_PM_CC_EXT, EQUIL_ECON_PM_CC_EXT, SIMIT_PP_CC_EXT, SEVIAL_PP_CC_EXT, EQUIL_ECON_PP_CC_EXT, POLCA_CP_CC_EXT, FCM_CP_CC_EXT, SEVIAL_CP_CC_EXT, EQUIL_ECON_CP_CC_EXT, SIMIT_PM_CC_EXT)
values ('06', 10, 0, 0, 0, 0, 0, 0, 0, 0, 5, 0, 0, 40.5, 1.8, 2.7, 0, '0522', '0523', '0504', '0505', '0506', '0513', '0514', '0515', '0518', '0516', '0517', '0518', '0000', '0512', '0511', '0518', 5, '0516', null, null, '0501', '0503', '0504', '0505', '0518', '0513', '0514', '0515', '0518', '0516', '0517', '0518', '0000', '0512', '0517', '0518', '0516');
commit;
prompt 6 records loaded
prompt Loading P_DISPERSION_MUNICIPIO...
insert into P_DISPERSION_MUNICIPIO (IDMUNICIPIO, MUNICIPIO_S, FCM_CONTRAVENCIONAL_S, CONCES_CONTRAVENCIONAL_S, ACUERDOPAGO_S, MUNICIPIO_P, FCM_CONTRAVENCIONAL_P, CONCES_CONTRAVENCIONAL_P, ACUERDOPAGO_P)
values ('27245000', 90, 0, 0, 0, 45, 0, 0, 0);
insert into P_DISPERSION_MUNICIPIO (IDMUNICIPIO, MUNICIPIO_S, FCM_CONTRAVENCIONAL_S, CONCES_CONTRAVENCIONAL_S, ACUERDOPAGO_S, MUNICIPIO_P, FCM_CONTRAVENCIONAL_P, CONCES_CONTRAVENCIONAL_P, ACUERDOPAGO_P)
values ('05490000', 90, 0, 0, 0, 45, 0, 0, 0);
insert into P_DISPERSION_MUNICIPIO (IDMUNICIPIO, MUNICIPIO_S, FCM_CONTRAVENCIONAL_S, CONCES_CONTRAVENCIONAL_S, ACUERDOPAGO_S, MUNICIPIO_P, FCM_CONTRAVENCIONAL_P, CONCES_CONTRAVENCIONAL_P, ACUERDOPAGO_P)
values ('08832000', 90, 0, 0, 0, 45, 0, 0, 0);
insert into P_DISPERSION_MUNICIPIO (IDMUNICIPIO, MUNICIPIO_S, FCM_CONTRAVENCIONAL_S, CONCES_CONTRAVENCIONAL_S, ACUERDOPAGO_S, MUNICIPIO_P, FCM_CONTRAVENCIONAL_P, CONCES_CONTRAVENCIONAL_P, ACUERDOPAGO_P)
values ('66075000', 90, 0, 0, 0, 45, 0, 0, 0);
insert into P_DISPERSION_MUNICIPIO (IDMUNICIPIO, MUNICIPIO_S, FCM_CONTRAVENCIONAL_S, CONCES_CONTRAVENCIONAL_S, ACUERDOPAGO_S, MUNICIPIO_P, FCM_CONTRAVENCIONAL_P, CONCES_CONTRAVENCIONAL_P, ACUERDOPAGO_P)
values ('66088000', 90, 0, 0, 0, 45, 0, 0, 0);
insert into P_DISPERSION_MUNICIPIO (IDMUNICIPIO, MUNICIPIO_S, FCM_CONTRAVENCIONAL_S, CONCES_CONTRAVENCIONAL_S, ACUERDOPAGO_S, MUNICIPIO_P, FCM_CONTRAVENCIONAL_P, CONCES_CONTRAVENCIONAL_P, ACUERDOPAGO_P)
values ('66170000', 90, 0, 0, 0, 45, 0, 0, 0);
insert into P_DISPERSION_MUNICIPIO (IDMUNICIPIO, MUNICIPIO_S, FCM_CONTRAVENCIONAL_S, CONCES_CONTRAVENCIONAL_S, ACUERDOPAGO_S, MUNICIPIO_P, FCM_CONTRAVENCIONAL_P, CONCES_CONTRAVENCIONAL_P, ACUERDOPAGO_P)
values ('66400000', 90, 0, 0, 0, 45, 0, 0, 0);
insert into P_DISPERSION_MUNICIPIO (IDMUNICIPIO, MUNICIPIO_S, FCM_CONTRAVENCIONAL_S, CONCES_CONTRAVENCIONAL_S, ACUERDOPAGO_S, MUNICIPIO_P, FCM_CONTRAVENCIONAL_P, CONCES_CONTRAVENCIONAL_P, ACUERDOPAGO_P)
values ('66594000', 90, 0, 0, 0, 45, 0, 0, 0);
insert into P_DISPERSION_MUNICIPIO (IDMUNICIPIO, MUNICIPIO_S, FCM_CONTRAVENCIONAL_S, CONCES_CONTRAVENCIONAL_S, ACUERDOPAGO_S, MUNICIPIO_P, FCM_CONTRAVENCIONAL_P, CONCES_CONTRAVENCIONAL_P, ACUERDOPAGO_P)
values ('66682000', 90, 0, 0, 0, 45, 0, 0, 0);
insert into P_DISPERSION_MUNICIPIO (IDMUNICIPIO, MUNICIPIO_S, FCM_CONTRAVENCIONAL_S, CONCES_CONTRAVENCIONAL_S, ACUERDOPAGO_S, MUNICIPIO_P, FCM_CONTRAVENCIONAL_P, CONCES_CONTRAVENCIONAL_P, ACUERDOPAGO_P)
values ('68001000', 90, 0, 0, 0, 45, 0, 0, 0);
insert into P_DISPERSION_MUNICIPIO (IDMUNICIPIO, MUNICIPIO_S, FCM_CONTRAVENCIONAL_S, CONCES_CONTRAVENCIONAL_S, ACUERDOPAGO_S, MUNICIPIO_P, FCM_CONTRAVENCIONAL_P, CONCES_CONTRAVENCIONAL_P, ACUERDOPAGO_P)
values ('68051000', 90, 0, 0, 0, 45, 0, 0, 0);
insert into P_DISPERSION_MUNICIPIO (IDMUNICIPIO, MUNICIPIO_S, FCM_CONTRAVENCIONAL_S, CONCES_CONTRAVENCIONAL_S, ACUERDOPAGO_S, MUNICIPIO_P, FCM_CONTRAVENCIONAL_P, CONCES_CONTRAVENCIONAL_P, ACUERDOPAGO_P)
values ('68077000', 90, 0, 0, 0, 45, 0, 0, 0);
insert into P_DISPERSION_MUNICIPIO (IDMUNICIPIO, MUNICIPIO_S, FCM_CONTRAVENCIONAL_S, CONCES_CONTRAVENCIONAL_S, ACUERDOPAGO_S, MUNICIPIO_P, FCM_CONTRAVENCIONAL_P, CONCES_CONTRAVENCIONAL_P, ACUERDOPAGO_P)
values ('68081000', 90, 0, 0, 0, 45, 0, 0, 0);
insert into P_DISPERSION_MUNICIPIO (IDMUNICIPIO, MUNICIPIO_S, FCM_CONTRAVENCIONAL_S, CONCES_CONTRAVENCIONAL_S, ACUERDOPAGO_S, MUNICIPIO_P, FCM_CONTRAVENCIONAL_P, CONCES_CONTRAVENCIONAL_P, ACUERDOPAGO_P)
values ('68167000', 90, 0, 0, 0, 45, 0, 0, 0);
insert into P_DISPERSION_MUNICIPIO (IDMUNICIPIO, MUNICIPIO_S, FCM_CONTRAVENCIONAL_S, CONCES_CONTRAVENCIONAL_S, ACUERDOPAGO_S, MUNICIPIO_P, FCM_CONTRAVENCIONAL_P, CONCES_CONTRAVENCIONAL_P, ACUERDOPAGO_P)
values ('68190000', 90, 0, 0, 0, 45, 0, 0, 0);
insert into P_DISPERSION_MUNICIPIO (IDMUNICIPIO, MUNICIPIO_S, FCM_CONTRAVENCIONAL_S, CONCES_CONTRAVENCIONAL_S, ACUERDOPAGO_S, MUNICIPIO_P, FCM_CONTRAVENCIONAL_P, CONCES_CONTRAVENCIONAL_P, ACUERDOPAGO_P)
values ('68229000', 90, 0, 0, 0, 45, 0, 0, 0);
insert into P_DISPERSION_MUNICIPIO (IDMUNICIPIO, MUNICIPIO_S, FCM_CONTRAVENCIONAL_S, CONCES_CONTRAVENCIONAL_S, ACUERDOPAGO_S, MUNICIPIO_P, FCM_CONTRAVENCIONAL_P, CONCES_CONTRAVENCIONAL_P, ACUERDOPAGO_P)
values ('68255000', 90, 0, 0, 0, 45, 0, 0, 0);
insert into P_DISPERSION_MUNICIPIO (IDMUNICIPIO, MUNICIPIO_S, FCM_CONTRAVENCIONAL_S, CONCES_CONTRAVENCIONAL_S, ACUERDOPAGO_S, MUNICIPIO_P, FCM_CONTRAVENCIONAL_P, CONCES_CONTRAVENCIONAL_P, ACUERDOPAGO_P)
values ('68276000', 90, 0, 0, 0, 45, 0, 0, 0);
insert into P_DISPERSION_MUNICIPIO (IDMUNICIPIO, MUNICIPIO_S, FCM_CONTRAVENCIONAL_S, CONCES_CONTRAVENCIONAL_S, ACUERDOPAGO_S, MUNICIPIO_P, FCM_CONTRAVENCIONAL_P, CONCES_CONTRAVENCIONAL_P, ACUERDOPAGO_P)
values ('68307000', 90, 0, 0, 0, 45, 0, 0, 0);
insert into P_DISPERSION_MUNICIPIO (IDMUNICIPIO, MUNICIPIO_S, FCM_CONTRAVENCIONAL_S, CONCES_CONTRAVENCIONAL_S, ACUERDOPAGO_S, MUNICIPIO_P, FCM_CONTRAVENCIONAL_P, CONCES_CONTRAVENCIONAL_P, ACUERDOPAGO_P)
values ('68397000', 90, 0, 0, 0, 45, 0, 0, 0);
insert into P_DISPERSION_MUNICIPIO (IDMUNICIPIO, MUNICIPIO_S, FCM_CONTRAVENCIONAL_S, CONCES_CONTRAVENCIONAL_S, ACUERDOPAGO_S, MUNICIPIO_P, FCM_CONTRAVENCIONAL_P, CONCES_CONTRAVENCIONAL_P, ACUERDOPAGO_P)
values ('68406000', 90, 0, 0, 0, 45, 0, 0, 0);
insert into P_DISPERSION_MUNICIPIO (IDMUNICIPIO, MUNICIPIO_S, FCM_CONTRAVENCIONAL_S, CONCES_CONTRAVENCIONAL_S, ACUERDOPAGO_S, MUNICIPIO_P, FCM_CONTRAVENCIONAL_P, CONCES_CONTRAVENCIONAL_P, ACUERDOPAGO_P)
values ('68432000', 90, 0, 0, 0, 45, 0, 0, 0);
insert into P_DISPERSION_MUNICIPIO (IDMUNICIPIO, MUNICIPIO_S, FCM_CONTRAVENCIONAL_S, CONCES_CONTRAVENCIONAL_S, ACUERDOPAGO_S, MUNICIPIO_P, FCM_CONTRAVENCIONAL_P, CONCES_CONTRAVENCIONAL_P, ACUERDOPAGO_P)
values ('68500000', 90, 0, 0, 0, 45, 0, 0, 0);
insert into P_DISPERSION_MUNICIPIO (IDMUNICIPIO, MUNICIPIO_S, FCM_CONTRAVENCIONAL_S, CONCES_CONTRAVENCIONAL_S, ACUERDOPAGO_S, MUNICIPIO_P, FCM_CONTRAVENCIONAL_P, CONCES_CONTRAVENCIONAL_P, ACUERDOPAGO_P)
values ('68547000', 90, 0, 0, 0, 45, 0, 0, 0);
insert into P_DISPERSION_MUNICIPIO (IDMUNICIPIO, MUNICIPIO_S, FCM_CONTRAVENCIONAL_S, CONCES_CONTRAVENCIONAL_S, ACUERDOPAGO_S, MUNICIPIO_P, FCM_CONTRAVENCIONAL_P, CONCES_CONTRAVENCIONAL_P, ACUERDOPAGO_P)
values ('68572000', 90, 0, 0, 0, 45, 0, 0, 0);
insert into P_DISPERSION_MUNICIPIO (IDMUNICIPIO, MUNICIPIO_S, FCM_CONTRAVENCIONAL_S, CONCES_CONTRAVENCIONAL_S, ACUERDOPAGO_S, MUNICIPIO_P, FCM_CONTRAVENCIONAL_P, CONCES_CONTRAVENCIONAL_P, ACUERDOPAGO_P)
values ('68615000', 90, 0, 0, 0, 45, 0, 0, 0);
insert into P_DISPERSION_MUNICIPIO (IDMUNICIPIO, MUNICIPIO_S, FCM_CONTRAVENCIONAL_S, CONCES_CONTRAVENCIONAL_S, ACUERDOPAGO_S, MUNICIPIO_P, FCM_CONTRAVENCIONAL_P, CONCES_CONTRAVENCIONAL_P, ACUERDOPAGO_P)
values ('68655000', 90, 0, 0, 0, 45, 0, 0, 0);
insert into P_DISPERSION_MUNICIPIO (IDMUNICIPIO, MUNICIPIO_S, FCM_CONTRAVENCIONAL_S, CONCES_CONTRAVENCIONAL_S, ACUERDOPAGO_S, MUNICIPIO_P, FCM_CONTRAVENCIONAL_P, CONCES_CONTRAVENCIONAL_P, ACUERDOPAGO_P)
values ('68679000', 90, 0, 0, 0, 45, 0, 0, 0);
insert into P_DISPERSION_MUNICIPIO (IDMUNICIPIO, MUNICIPIO_S, FCM_CONTRAVENCIONAL_S, CONCES_CONTRAVENCIONAL_S, ACUERDOPAGO_S, MUNICIPIO_P, FCM_CONTRAVENCIONAL_P, CONCES_CONTRAVENCIONAL_P, ACUERDOPAGO_P)
values ('68689000', 90, 0, 0, 0, 45, 0, 0, 0);
insert into P_DISPERSION_MUNICIPIO (IDMUNICIPIO, MUNICIPIO_S, FCM_CONTRAVENCIONAL_S, CONCES_CONTRAVENCIONAL_S, ACUERDOPAGO_S, MUNICIPIO_P, FCM_CONTRAVENCIONAL_P, CONCES_CONTRAVENCIONAL_P, ACUERDOPAGO_P)
values ('68755000', 90, 0, 0, 0, 45, 0, 0, 0);
insert into P_DISPERSION_MUNICIPIO (IDMUNICIPIO, MUNICIPIO_S, FCM_CONTRAVENCIONAL_S, CONCES_CONTRAVENCIONAL_S, ACUERDOPAGO_S, MUNICIPIO_P, FCM_CONTRAVENCIONAL_P, CONCES_CONTRAVENCIONAL_P, ACUERDOPAGO_P)
values ('68770000', 90, 0, 0, 0, 45, 0, 0, 0);
insert into P_DISPERSION_MUNICIPIO (IDMUNICIPIO, MUNICIPIO_S, FCM_CONTRAVENCIONAL_S, CONCES_CONTRAVENCIONAL_S, ACUERDOPAGO_S, MUNICIPIO_P, FCM_CONTRAVENCIONAL_P, CONCES_CONTRAVENCIONAL_P, ACUERDOPAGO_P)
values ('68861000', 90, 0, 0, 0, 45, 0, 0, 0);
insert into P_DISPERSION_MUNICIPIO (IDMUNICIPIO, MUNICIPIO_S, FCM_CONTRAVENCIONAL_S, CONCES_CONTRAVENCIONAL_S, ACUERDOPAGO_S, MUNICIPIO_P, FCM_CONTRAVENCIONAL_P, CONCES_CONTRAVENCIONAL_P, ACUERDOPAGO_P)
values ('70001000', 0, 0, 0, 90, 0, 0, 0, 45);
insert into P_DISPERSION_MUNICIPIO (IDMUNICIPIO, MUNICIPIO_S, FCM_CONTRAVENCIONAL_S, CONCES_CONTRAVENCIONAL_S, ACUERDOPAGO_S, MUNICIPIO_P, FCM_CONTRAVENCIONAL_P, CONCES_CONTRAVENCIONAL_P, ACUERDOPAGO_P)
values ('70215000', 90, 0, 0, 0, 45, 0, 0, 0);
insert into P_DISPERSION_MUNICIPIO (IDMUNICIPIO, MUNICIPIO_S, FCM_CONTRAVENCIONAL_S, CONCES_CONTRAVENCIONAL_S, ACUERDOPAGO_S, MUNICIPIO_P, FCM_CONTRAVENCIONAL_P, CONCES_CONTRAVENCIONAL_P, ACUERDOPAGO_P)
values ('70670000', 90, 0, 0, 0, 45, 0, 0, 0);
insert into P_DISPERSION_MUNICIPIO (IDMUNICIPIO, MUNICIPIO_S, FCM_CONTRAVENCIONAL_S, CONCES_CONTRAVENCIONAL_S, ACUERDOPAGO_S, MUNICIPIO_P, FCM_CONTRAVENCIONAL_P, CONCES_CONTRAVENCIONAL_P, ACUERDOPAGO_P)
values ('73000000', 90, 0, 0, 0, 45, 0, 0, 0);
insert into P_DISPERSION_MUNICIPIO (IDMUNICIPIO, MUNICIPIO_S, FCM_CONTRAVENCIONAL_S, CONCES_CONTRAVENCIONAL_S, ACUERDOPAGO_S, MUNICIPIO_P, FCM_CONTRAVENCIONAL_P, CONCES_CONTRAVENCIONAL_P, ACUERDOPAGO_P)
values ('73001000', 90, 0, 0, 0, 45, 0, 0, 0);
insert into P_DISPERSION_MUNICIPIO (IDMUNICIPIO, MUNICIPIO_S, FCM_CONTRAVENCIONAL_S, CONCES_CONTRAVENCIONAL_S, ACUERDOPAGO_S, MUNICIPIO_P, FCM_CONTRAVENCIONAL_P, CONCES_CONTRAVENCIONAL_P, ACUERDOPAGO_P)
values ('73026000', 90, 0, 0, 0, 45, 0, 0, 0);
insert into P_DISPERSION_MUNICIPIO (IDMUNICIPIO, MUNICIPIO_S, FCM_CONTRAVENCIONAL_S, CONCES_CONTRAVENCIONAL_S, ACUERDOPAGO_S, MUNICIPIO_P, FCM_CONTRAVENCIONAL_P, CONCES_CONTRAVENCIONAL_P, ACUERDOPAGO_P)
values ('73055000', 90, 0, 0, 0, 45, 0, 0, 0);
insert into P_DISPERSION_MUNICIPIO (IDMUNICIPIO, MUNICIPIO_S, FCM_CONTRAVENCIONAL_S, CONCES_CONTRAVENCIONAL_S, ACUERDOPAGO_S, MUNICIPIO_P, FCM_CONTRAVENCIONAL_P, CONCES_CONTRAVENCIONAL_P, ACUERDOPAGO_P)
values ('73124000', 90, 0, 0, 0, 45, 0, 0, 0);
insert into P_DISPERSION_MUNICIPIO (IDMUNICIPIO, MUNICIPIO_S, FCM_CONTRAVENCIONAL_S, CONCES_CONTRAVENCIONAL_S, ACUERDOPAGO_S, MUNICIPIO_P, FCM_CONTRAVENCIONAL_P, CONCES_CONTRAVENCIONAL_P, ACUERDOPAGO_P)
values ('73168000', 90, 0, 0, 0, 45, 0, 0, 0);
insert into P_DISPERSION_MUNICIPIO (IDMUNICIPIO, MUNICIPIO_S, FCM_CONTRAVENCIONAL_S, CONCES_CONTRAVENCIONAL_S, ACUERDOPAGO_S, MUNICIPIO_P, FCM_CONTRAVENCIONAL_P, CONCES_CONTRAVENCIONAL_P, ACUERDOPAGO_P)
values ('73268000', 90, 0, 0, 0, 45, 0, 0, 0);
insert into P_DISPERSION_MUNICIPIO (IDMUNICIPIO, MUNICIPIO_S, FCM_CONTRAVENCIONAL_S, CONCES_CONTRAVENCIONAL_S, ACUERDOPAGO_S, MUNICIPIO_P, FCM_CONTRAVENCIONAL_P, CONCES_CONTRAVENCIONAL_P, ACUERDOPAGO_P)
values ('73283000', 90, 0, 0, 0, 45, 0, 0, 0);
insert into P_DISPERSION_MUNICIPIO (IDMUNICIPIO, MUNICIPIO_S, FCM_CONTRAVENCIONAL_S, CONCES_CONTRAVENCIONAL_S, ACUERDOPAGO_S, MUNICIPIO_P, FCM_CONTRAVENCIONAL_P, CONCES_CONTRAVENCIONAL_P, ACUERDOPAGO_P)
values ('73319000', 90, 0, 0, 0, 45, 0, 0, 0);
insert into P_DISPERSION_MUNICIPIO (IDMUNICIPIO, MUNICIPIO_S, FCM_CONTRAVENCIONAL_S, CONCES_CONTRAVENCIONAL_S, ACUERDOPAGO_S, MUNICIPIO_P, FCM_CONTRAVENCIONAL_P, CONCES_CONTRAVENCIONAL_P, ACUERDOPAGO_P)
values ('73349000', 90, 0, 0, 0, 45, 0, 0, 0);
insert into P_DISPERSION_MUNICIPIO (IDMUNICIPIO, MUNICIPIO_S, FCM_CONTRAVENCIONAL_S, CONCES_CONTRAVENCIONAL_S, ACUERDOPAGO_S, MUNICIPIO_P, FCM_CONTRAVENCIONAL_P, CONCES_CONTRAVENCIONAL_P, ACUERDOPAGO_P)
values ('73411000', 0, 0, 0, 90, 0, 0, 0, 45);
insert into P_DISPERSION_MUNICIPIO (IDMUNICIPIO, MUNICIPIO_S, FCM_CONTRAVENCIONAL_S, CONCES_CONTRAVENCIONAL_S, ACUERDOPAGO_S, MUNICIPIO_P, FCM_CONTRAVENCIONAL_P, CONCES_CONTRAVENCIONAL_P, ACUERDOPAGO_P)
values ('73443000', 90, 0, 0, 0, 45, 0, 0, 0);
insert into P_DISPERSION_MUNICIPIO (IDMUNICIPIO, MUNICIPIO_S, FCM_CONTRAVENCIONAL_S, CONCES_CONTRAVENCIONAL_S, ACUERDOPAGO_S, MUNICIPIO_P, FCM_CONTRAVENCIONAL_P, CONCES_CONTRAVENCIONAL_P, ACUERDOPAGO_P)
values ('73449000', 90, 0, 0, 0, 45, 0, 0, 0);
insert into P_DISPERSION_MUNICIPIO (IDMUNICIPIO, MUNICIPIO_S, FCM_CONTRAVENCIONAL_S, CONCES_CONTRAVENCIONAL_S, ACUERDOPAGO_S, MUNICIPIO_P, FCM_CONTRAVENCIONAL_P, CONCES_CONTRAVENCIONAL_P, ACUERDOPAGO_P)
values ('73585000', 90, 0, 0, 0, 45, 0, 0, 0);
insert into P_DISPERSION_MUNICIPIO (IDMUNICIPIO, MUNICIPIO_S, FCM_CONTRAVENCIONAL_S, CONCES_CONTRAVENCIONAL_S, ACUERDOPAGO_S, MUNICIPIO_P, FCM_CONTRAVENCIONAL_P, CONCES_CONTRAVENCIONAL_P, ACUERDOPAGO_P)
values ('73873000', 90, 0, 0, 0, 45, 0, 0, 0);
insert into P_DISPERSION_MUNICIPIO (IDMUNICIPIO, MUNICIPIO_S, FCM_CONTRAVENCIONAL_S, CONCES_CONTRAVENCIONAL_S, ACUERDOPAGO_S, MUNICIPIO_P, FCM_CONTRAVENCIONAL_P, CONCES_CONTRAVENCIONAL_P, ACUERDOPAGO_P)
values ('76001000', 90, 0, 0, 0, 45, 0, 0, 0);
insert into P_DISPERSION_MUNICIPIO (IDMUNICIPIO, MUNICIPIO_S, FCM_CONTRAVENCIONAL_S, CONCES_CONTRAVENCIONAL_S, ACUERDOPAGO_S, MUNICIPIO_P, FCM_CONTRAVENCIONAL_P, CONCES_CONTRAVENCIONAL_P, ACUERDOPAGO_P)
values ('76036000', 90, 0, 0, 0, 45, 0, 0, 0);
insert into P_DISPERSION_MUNICIPIO (IDMUNICIPIO, MUNICIPIO_S, FCM_CONTRAVENCIONAL_S, CONCES_CONTRAVENCIONAL_S, ACUERDOPAGO_S, MUNICIPIO_P, FCM_CONTRAVENCIONAL_P, CONCES_CONTRAVENCIONAL_P, ACUERDOPAGO_P)
values ('76041000', 90, 0, 0, 0, 45, 0, 0, 0);
insert into P_DISPERSION_MUNICIPIO (IDMUNICIPIO, MUNICIPIO_S, FCM_CONTRAVENCIONAL_S, CONCES_CONTRAVENCIONAL_S, ACUERDOPAGO_S, MUNICIPIO_P, FCM_CONTRAVENCIONAL_P, CONCES_CONTRAVENCIONAL_P, ACUERDOPAGO_P)
values ('76109000', 90, 0, 0, 0, 45, 0, 0, 0);
insert into P_DISPERSION_MUNICIPIO (IDMUNICIPIO, MUNICIPIO_S, FCM_CONTRAVENCIONAL_S, CONCES_CONTRAVENCIONAL_S, ACUERDOPAGO_S, MUNICIPIO_P, FCM_CONTRAVENCIONAL_P, CONCES_CONTRAVENCIONAL_P, ACUERDOPAGO_P)
values ('76111000', 90, 0, 0, 0, 45, 0, 0, 0);
insert into P_DISPERSION_MUNICIPIO (IDMUNICIPIO, MUNICIPIO_S, FCM_CONTRAVENCIONAL_S, CONCES_CONTRAVENCIONAL_S, ACUERDOPAGO_S, MUNICIPIO_P, FCM_CONTRAVENCIONAL_P, CONCES_CONTRAVENCIONAL_P, ACUERDOPAGO_P)
values ('76113000', 90, 0, 0, 0, 45, 0, 0, 0);
insert into P_DISPERSION_MUNICIPIO (IDMUNICIPIO, MUNICIPIO_S, FCM_CONTRAVENCIONAL_S, CONCES_CONTRAVENCIONAL_S, ACUERDOPAGO_S, MUNICIPIO_P, FCM_CONTRAVENCIONAL_P, CONCES_CONTRAVENCIONAL_P, ACUERDOPAGO_P)
values ('76122000', 90, 0, 0, 0, 45, 0, 0, 0);
insert into P_DISPERSION_MUNICIPIO (IDMUNICIPIO, MUNICIPIO_S, FCM_CONTRAVENCIONAL_S, CONCES_CONTRAVENCIONAL_S, ACUERDOPAGO_S, MUNICIPIO_P, FCM_CONTRAVENCIONAL_P, CONCES_CONTRAVENCIONAL_P, ACUERDOPAGO_P)
values ('76130000', 90, 0, 0, 0, 45, 0, 0, 0);
insert into P_DISPERSION_MUNICIPIO (IDMUNICIPIO, MUNICIPIO_S, FCM_CONTRAVENCIONAL_S, CONCES_CONTRAVENCIONAL_S, ACUERDOPAGO_S, MUNICIPIO_P, FCM_CONTRAVENCIONAL_P, CONCES_CONTRAVENCIONAL_P, ACUERDOPAGO_P)
values ('76147000', 90, 0, 0, 0, 45, 0, 0, 0);
insert into P_DISPERSION_MUNICIPIO (IDMUNICIPIO, MUNICIPIO_S, FCM_CONTRAVENCIONAL_S, CONCES_CONTRAVENCIONAL_S, ACUERDOPAGO_S, MUNICIPIO_P, FCM_CONTRAVENCIONAL_P, CONCES_CONTRAVENCIONAL_P, ACUERDOPAGO_P)
values ('76223000', 90, 0, 0, 0, 45, 0, 0, 0);
insert into P_DISPERSION_MUNICIPIO (IDMUNICIPIO, MUNICIPIO_S, FCM_CONTRAVENCIONAL_S, CONCES_CONTRAVENCIONAL_S, ACUERDOPAGO_S, MUNICIPIO_P, FCM_CONTRAVENCIONAL_P, CONCES_CONTRAVENCIONAL_P, ACUERDOPAGO_P)
values ('76248000', 90, 0, 0, 0, 45, 0, 0, 0);
insert into P_DISPERSION_MUNICIPIO (IDMUNICIPIO, MUNICIPIO_S, FCM_CONTRAVENCIONAL_S, CONCES_CONTRAVENCIONAL_S, ACUERDOPAGO_S, MUNICIPIO_P, FCM_CONTRAVENCIONAL_P, CONCES_CONTRAVENCIONAL_P, ACUERDOPAGO_P)
values ('76275000', 90, 0, 0, 0, 45, 0, 0, 0);
insert into P_DISPERSION_MUNICIPIO (IDMUNICIPIO, MUNICIPIO_S, FCM_CONTRAVENCIONAL_S, CONCES_CONTRAVENCIONAL_S, ACUERDOPAGO_S, MUNICIPIO_P, FCM_CONTRAVENCIONAL_P, CONCES_CONTRAVENCIONAL_P, ACUERDOPAGO_P)
values ('76306000', 90, 0, 0, 0, 45, 0, 0, 0);
insert into P_DISPERSION_MUNICIPIO (IDMUNICIPIO, MUNICIPIO_S, FCM_CONTRAVENCIONAL_S, CONCES_CONTRAVENCIONAL_S, ACUERDOPAGO_S, MUNICIPIO_P, FCM_CONTRAVENCIONAL_P, CONCES_CONTRAVENCIONAL_P, ACUERDOPAGO_P)
values ('76318000', 90, 0, 0, 0, 45, 0, 0, 0);
insert into P_DISPERSION_MUNICIPIO (IDMUNICIPIO, MUNICIPIO_S, FCM_CONTRAVENCIONAL_S, CONCES_CONTRAVENCIONAL_S, ACUERDOPAGO_S, MUNICIPIO_P, FCM_CONTRAVENCIONAL_P, CONCES_CONTRAVENCIONAL_P, ACUERDOPAGO_P)
values ('76364000', 90, 0, 0, 0, 45, 0, 0, 0);
insert into P_DISPERSION_MUNICIPIO (IDMUNICIPIO, MUNICIPIO_S, FCM_CONTRAVENCIONAL_S, CONCES_CONTRAVENCIONAL_S, ACUERDOPAGO_S, MUNICIPIO_P, FCM_CONTRAVENCIONAL_P, CONCES_CONTRAVENCIONAL_P, ACUERDOPAGO_P)
values ('76377000', 90, 0, 0, 0, 45, 0, 0, 0);
insert into P_DISPERSION_MUNICIPIO (IDMUNICIPIO, MUNICIPIO_S, FCM_CONTRAVENCIONAL_S, CONCES_CONTRAVENCIONAL_S, ACUERDOPAGO_S, MUNICIPIO_P, FCM_CONTRAVENCIONAL_P, CONCES_CONTRAVENCIONAL_P, ACUERDOPAGO_P)
values ('76400000', 90, 0, 0, 0, 45, 0, 0, 0);
insert into P_DISPERSION_MUNICIPIO (IDMUNICIPIO, MUNICIPIO_S, FCM_CONTRAVENCIONAL_S, CONCES_CONTRAVENCIONAL_S, ACUERDOPAGO_S, MUNICIPIO_P, FCM_CONTRAVENCIONAL_P, CONCES_CONTRAVENCIONAL_P, ACUERDOPAGO_P)
values ('76520000', 0, 0, 0, 90, 0, 0, 0, 45);
insert into P_DISPERSION_MUNICIPIO (IDMUNICIPIO, MUNICIPIO_S, FCM_CONTRAVENCIONAL_S, CONCES_CONTRAVENCIONAL_S, ACUERDOPAGO_S, MUNICIPIO_P, FCM_CONTRAVENCIONAL_P, CONCES_CONTRAVENCIONAL_P, ACUERDOPAGO_P)
values ('76563000', 90, 0, 0, 0, 45, 0, 0, 0);
insert into P_DISPERSION_MUNICIPIO (IDMUNICIPIO, MUNICIPIO_S, FCM_CONTRAVENCIONAL_S, CONCES_CONTRAVENCIONAL_S, ACUERDOPAGO_S, MUNICIPIO_P, FCM_CONTRAVENCIONAL_P, CONCES_CONTRAVENCIONAL_P, ACUERDOPAGO_P)
values ('76616000', 90, 0, 0, 0, 45, 0, 0, 0);
insert into P_DISPERSION_MUNICIPIO (IDMUNICIPIO, MUNICIPIO_S, FCM_CONTRAVENCIONAL_S, CONCES_CONTRAVENCIONAL_S, ACUERDOPAGO_S, MUNICIPIO_P, FCM_CONTRAVENCIONAL_P, CONCES_CONTRAVENCIONAL_P, ACUERDOPAGO_P)
values ('76622000', 90, 0, 0, 0, 45, 0, 0, 0);
insert into P_DISPERSION_MUNICIPIO (IDMUNICIPIO, MUNICIPIO_S, FCM_CONTRAVENCIONAL_S, CONCES_CONTRAVENCIONAL_S, ACUERDOPAGO_S, MUNICIPIO_P, FCM_CONTRAVENCIONAL_P, CONCES_CONTRAVENCIONAL_P, ACUERDOPAGO_P)
values ('76670000', 90, 0, 0, 0, 45, 0, 0, 0);
insert into P_DISPERSION_MUNICIPIO (IDMUNICIPIO, MUNICIPIO_S, FCM_CONTRAVENCIONAL_S, CONCES_CONTRAVENCIONAL_S, ACUERDOPAGO_S, MUNICIPIO_P, FCM_CONTRAVENCIONAL_P, CONCES_CONTRAVENCIONAL_P, ACUERDOPAGO_P)
values ('76736000', 90, 0, 0, 0, 45, 0, 0, 0);
insert into P_DISPERSION_MUNICIPIO (IDMUNICIPIO, MUNICIPIO_S, FCM_CONTRAVENCIONAL_S, CONCES_CONTRAVENCIONAL_S, ACUERDOPAGO_S, MUNICIPIO_P, FCM_CONTRAVENCIONAL_P, CONCES_CONTRAVENCIONAL_P, ACUERDOPAGO_P)
values ('76823000', 90, 0, 0, 0, 45, 0, 0, 0);
insert into P_DISPERSION_MUNICIPIO (IDMUNICIPIO, MUNICIPIO_S, FCM_CONTRAVENCIONAL_S, CONCES_CONTRAVENCIONAL_S, ACUERDOPAGO_S, MUNICIPIO_P, FCM_CONTRAVENCIONAL_P, CONCES_CONTRAVENCIONAL_P, ACUERDOPAGO_P)
values ('76834000', 90, 0, 0, 0, 45, 0, 0, 0);
insert into P_DISPERSION_MUNICIPIO (IDMUNICIPIO, MUNICIPIO_S, FCM_CONTRAVENCIONAL_S, CONCES_CONTRAVENCIONAL_S, ACUERDOPAGO_S, MUNICIPIO_P, FCM_CONTRAVENCIONAL_P, CONCES_CONTRAVENCIONAL_P, ACUERDOPAGO_P)
values ('76869000', 90, 0, 0, 0, 45, 0, 0, 0);
insert into P_DISPERSION_MUNICIPIO (IDMUNICIPIO, MUNICIPIO_S, FCM_CONTRAVENCIONAL_S, CONCES_CONTRAVENCIONAL_S, ACUERDOPAGO_S, MUNICIPIO_P, FCM_CONTRAVENCIONAL_P, CONCES_CONTRAVENCIONAL_P, ACUERDOPAGO_P)
values ('76890000', 90, 0, 0, 0, 45, 0, 0, 0);
insert into P_DISPERSION_MUNICIPIO (IDMUNICIPIO, MUNICIPIO_S, FCM_CONTRAVENCIONAL_S, CONCES_CONTRAVENCIONAL_S, ACUERDOPAGO_S, MUNICIPIO_P, FCM_CONTRAVENCIONAL_P, CONCES_CONTRAVENCIONAL_P, ACUERDOPAGO_P)
values ('76892000', 90, 0, 0, 0, 45, 0, 0, 0);
insert into P_DISPERSION_MUNICIPIO (IDMUNICIPIO, MUNICIPIO_S, FCM_CONTRAVENCIONAL_S, CONCES_CONTRAVENCIONAL_S, ACUERDOPAGO_S, MUNICIPIO_P, FCM_CONTRAVENCIONAL_P, CONCES_CONTRAVENCIONAL_P, ACUERDOPAGO_P)
values ('76895000', 90, 0, 0, 0, 45, 0, 0, 0);
insert into P_DISPERSION_MUNICIPIO (IDMUNICIPIO, MUNICIPIO_S, FCM_CONTRAVENCIONAL_S, CONCES_CONTRAVENCIONAL_S, ACUERDOPAGO_S, MUNICIPIO_P, FCM_CONTRAVENCIONAL_P, CONCES_CONTRAVENCIONAL_P, ACUERDOPAGO_P)
values ('81001000', 90, 0, 0, 0, 45, 0, 0, 0);
insert into P_DISPERSION_MUNICIPIO (IDMUNICIPIO, MUNICIPIO_S, FCM_CONTRAVENCIONAL_S, CONCES_CONTRAVENCIONAL_S, ACUERDOPAGO_S, MUNICIPIO_P, FCM_CONTRAVENCIONAL_P, CONCES_CONTRAVENCIONAL_P, ACUERDOPAGO_P)
values ('81736000', 90, 0, 0, 0, 45, 0, 0, 0);
insert into P_DISPERSION_MUNICIPIO (IDMUNICIPIO, MUNICIPIO_S, FCM_CONTRAVENCIONAL_S, CONCES_CONTRAVENCIONAL_S, ACUERDOPAGO_S, MUNICIPIO_P, FCM_CONTRAVENCIONAL_P, CONCES_CONTRAVENCIONAL_P, ACUERDOPAGO_P)
values ('85001000', 90, 0, 0, 0, 45, 0, 0, 0);
insert into P_DISPERSION_MUNICIPIO (IDMUNICIPIO, MUNICIPIO_S, FCM_CONTRAVENCIONAL_S, CONCES_CONTRAVENCIONAL_S, ACUERDOPAGO_S, MUNICIPIO_P, FCM_CONTRAVENCIONAL_P, CONCES_CONTRAVENCIONAL_P, ACUERDOPAGO_P)
values ('85010000', 90, 0, 0, 0, 45, 0, 0, 0);
insert into P_DISPERSION_MUNICIPIO (IDMUNICIPIO, MUNICIPIO_S, FCM_CONTRAVENCIONAL_S, CONCES_CONTRAVENCIONAL_S, ACUERDOPAGO_S, MUNICIPIO_P, FCM_CONTRAVENCIONAL_P, CONCES_CONTRAVENCIONAL_P, ACUERDOPAGO_P)
values ('86001000', 90, 0, 0, 0, 45, 0, 0, 0);
insert into P_DISPERSION_MUNICIPIO (IDMUNICIPIO, MUNICIPIO_S, FCM_CONTRAVENCIONAL_S, CONCES_CONTRAVENCIONAL_S, ACUERDOPAGO_S, MUNICIPIO_P, FCM_CONTRAVENCIONAL_P, CONCES_CONTRAVENCIONAL_P, ACUERDOPAGO_P)
values ('86320000', 90, 0, 0, 0, 45, 0, 0, 0);
insert into P_DISPERSION_MUNICIPIO (IDMUNICIPIO, MUNICIPIO_S, FCM_CONTRAVENCIONAL_S, CONCES_CONTRAVENCIONAL_S, ACUERDOPAGO_S, MUNICIPIO_P, FCM_CONTRAVENCIONAL_P, CONCES_CONTRAVENCIONAL_P, ACUERDOPAGO_P)
values ('86568000', 90, 0, 0, 0, 45, 0, 0, 0);
insert into P_DISPERSION_MUNICIPIO (IDMUNICIPIO, MUNICIPIO_S, FCM_CONTRAVENCIONAL_S, CONCES_CONTRAVENCIONAL_S, ACUERDOPAGO_S, MUNICIPIO_P, FCM_CONTRAVENCIONAL_P, CONCES_CONTRAVENCIONAL_P, ACUERDOPAGO_P)
values ('86749000', 90, 0, 0, 0, 45, 0, 0, 0);
insert into P_DISPERSION_MUNICIPIO (IDMUNICIPIO, MUNICIPIO_S, FCM_CONTRAVENCIONAL_S, CONCES_CONTRAVENCIONAL_S, ACUERDOPAGO_S, MUNICIPIO_P, FCM_CONTRAVENCIONAL_P, CONCES_CONTRAVENCIONAL_P, ACUERDOPAGO_P)
values ('86865000', 90, 0, 0, 0, 45, 0, 0, 0);
insert into P_DISPERSION_MUNICIPIO (IDMUNICIPIO, MUNICIPIO_S, FCM_CONTRAVENCIONAL_S, CONCES_CONTRAVENCIONAL_S, ACUERDOPAGO_S, MUNICIPIO_P, FCM_CONTRAVENCIONAL_P, CONCES_CONTRAVENCIONAL_P, ACUERDOPAGO_P)
values ('88001000', 90, 0, 0, 0, 45, 0, 0, 0);
insert into P_DISPERSION_MUNICIPIO (IDMUNICIPIO, MUNICIPIO_S, FCM_CONTRAVENCIONAL_S, CONCES_CONTRAVENCIONAL_S, ACUERDOPAGO_S, MUNICIPIO_P, FCM_CONTRAVENCIONAL_P, CONCES_CONTRAVENCIONAL_P, ACUERDOPAGO_P)
values ('91001000', 90, 0, 0, 0, 45, 0, 0, 0);
insert into P_DISPERSION_MUNICIPIO (IDMUNICIPIO, MUNICIPIO_S, FCM_CONTRAVENCIONAL_S, CONCES_CONTRAVENCIONAL_S, ACUERDOPAGO_S, MUNICIPIO_P, FCM_CONTRAVENCIONAL_P, CONCES_CONTRAVENCIONAL_P, ACUERDOPAGO_P)
values ('94001000', 90, 0, 0, 0, 45, 0, 0, 0);
insert into P_DISPERSION_MUNICIPIO (IDMUNICIPIO, MUNICIPIO_S, FCM_CONTRAVENCIONAL_S, CONCES_CONTRAVENCIONAL_S, ACUERDOPAGO_S, MUNICIPIO_P, FCM_CONTRAVENCIONAL_P, CONCES_CONTRAVENCIONAL_P, ACUERDOPAGO_P)
values ('99001000', 90, 0, 0, 0, 45, 0, 0, 0);
insert into P_DISPERSION_MUNICIPIO (IDMUNICIPIO, MUNICIPIO_S, FCM_CONTRAVENCIONAL_S, CONCES_CONTRAVENCIONAL_S, ACUERDOPAGO_S, MUNICIPIO_P, FCM_CONTRAVENCIONAL_P, CONCES_CONTRAVENCIONAL_P, ACUERDOPAGO_P)
values ('05002000', 90, 0, 0, 0, 45, 0, 0, 0);
insert into P_DISPERSION_MUNICIPIO (IDMUNICIPIO, MUNICIPIO_S, FCM_CONTRAVENCIONAL_S, CONCES_CONTRAVENCIONAL_S, ACUERDOPAGO_S, MUNICIPIO_P, FCM_CONTRAVENCIONAL_P, CONCES_CONTRAVENCIONAL_P, ACUERDOPAGO_P)
values ('05030000', 90, 0, 0, 0, 45, 0, 0, 0);
insert into P_DISPERSION_MUNICIPIO (IDMUNICIPIO, MUNICIPIO_S, FCM_CONTRAVENCIONAL_S, CONCES_CONTRAVENCIONAL_S, ACUERDOPAGO_S, MUNICIPIO_P, FCM_CONTRAVENCIONAL_P, CONCES_CONTRAVENCIONAL_P, ACUERDOPAGO_P)
values ('05031000', 90, 0, 0, 0, 45, 0, 0, 0);
insert into P_DISPERSION_MUNICIPIO (IDMUNICIPIO, MUNICIPIO_S, FCM_CONTRAVENCIONAL_S, CONCES_CONTRAVENCIONAL_S, ACUERDOPAGO_S, MUNICIPIO_P, FCM_CONTRAVENCIONAL_P, CONCES_CONTRAVENCIONAL_P, ACUERDOPAGO_P)
values ('05034000', 90, 0, 0, 0, 45, 0, 0, 0);
insert into P_DISPERSION_MUNICIPIO (IDMUNICIPIO, MUNICIPIO_S, FCM_CONTRAVENCIONAL_S, CONCES_CONTRAVENCIONAL_S, ACUERDOPAGO_S, MUNICIPIO_P, FCM_CONTRAVENCIONAL_P, CONCES_CONTRAVENCIONAL_P, ACUERDOPAGO_P)
values ('05042000', 90, 0, 0, 0, 45, 0, 0, 0);
insert into P_DISPERSION_MUNICIPIO (IDMUNICIPIO, MUNICIPIO_S, FCM_CONTRAVENCIONAL_S, CONCES_CONTRAVENCIONAL_S, ACUERDOPAGO_S, MUNICIPIO_P, FCM_CONTRAVENCIONAL_P, CONCES_CONTRAVENCIONAL_P, ACUERDOPAGO_P)
values ('05045000', 90, 0, 0, 0, 45, 0, 0, 0);
insert into P_DISPERSION_MUNICIPIO (IDMUNICIPIO, MUNICIPIO_S, FCM_CONTRAVENCIONAL_S, CONCES_CONTRAVENCIONAL_S, ACUERDOPAGO_S, MUNICIPIO_P, FCM_CONTRAVENCIONAL_P, CONCES_CONTRAVENCIONAL_P, ACUERDOPAGO_P)
values ('05051000', 90, 0, 0, 0, 45, 0, 0, 0);
insert into P_DISPERSION_MUNICIPIO (IDMUNICIPIO, MUNICIPIO_S, FCM_CONTRAVENCIONAL_S, CONCES_CONTRAVENCIONAL_S, ACUERDOPAGO_S, MUNICIPIO_P, FCM_CONTRAVENCIONAL_P, CONCES_CONTRAVENCIONAL_P, ACUERDOPAGO_P)
values ('05079000', 90, 0, 0, 0, 45, 0, 0, 0);
commit;
prompt 100 records committed...
insert into P_DISPERSION_MUNICIPIO (IDMUNICIPIO, MUNICIPIO_S, FCM_CONTRAVENCIONAL_S, CONCES_CONTRAVENCIONAL_S, ACUERDOPAGO_S, MUNICIPIO_P, FCM_CONTRAVENCIONAL_P, CONCES_CONTRAVENCIONAL_P, ACUERDOPAGO_P)
values ('05088000', 90, 0, 0, 0, 45, 0, 0, 0);
insert into P_DISPERSION_MUNICIPIO (IDMUNICIPIO, MUNICIPIO_S, FCM_CONTRAVENCIONAL_S, CONCES_CONTRAVENCIONAL_S, ACUERDOPAGO_S, MUNICIPIO_P, FCM_CONTRAVENCIONAL_P, CONCES_CONTRAVENCIONAL_P, ACUERDOPAGO_P)
values ('05101000', 90, 0, 0, 0, 45, 0, 0, 0);
insert into P_DISPERSION_MUNICIPIO (IDMUNICIPIO, MUNICIPIO_S, FCM_CONTRAVENCIONAL_S, CONCES_CONTRAVENCIONAL_S, ACUERDOPAGO_S, MUNICIPIO_P, FCM_CONTRAVENCIONAL_P, CONCES_CONTRAVENCIONAL_P, ACUERDOPAGO_P)
values ('05120000', 90, 0, 0, 0, 45, 0, 0, 0);
insert into P_DISPERSION_MUNICIPIO (IDMUNICIPIO, MUNICIPIO_S, FCM_CONTRAVENCIONAL_S, CONCES_CONTRAVENCIONAL_S, ACUERDOPAGO_S, MUNICIPIO_P, FCM_CONTRAVENCIONAL_P, CONCES_CONTRAVENCIONAL_P, ACUERDOPAGO_P)
values ('05129000', 90, 0, 0, 0, 45, 0, 0, 0);
insert into P_DISPERSION_MUNICIPIO (IDMUNICIPIO, MUNICIPIO_S, FCM_CONTRAVENCIONAL_S, CONCES_CONTRAVENCIONAL_S, ACUERDOPAGO_S, MUNICIPIO_P, FCM_CONTRAVENCIONAL_P, CONCES_CONTRAVENCIONAL_P, ACUERDOPAGO_P)
values ('05138000', 90, 0, 0, 0, 45, 0, 0, 0);
insert into P_DISPERSION_MUNICIPIO (IDMUNICIPIO, MUNICIPIO_S, FCM_CONTRAVENCIONAL_S, CONCES_CONTRAVENCIONAL_S, ACUERDOPAGO_S, MUNICIPIO_P, FCM_CONTRAVENCIONAL_P, CONCES_CONTRAVENCIONAL_P, ACUERDOPAGO_P)
values ('05147000', 0, 0, 0, 90, 0, 0, 0, 45);
insert into P_DISPERSION_MUNICIPIO (IDMUNICIPIO, MUNICIPIO_S, FCM_CONTRAVENCIONAL_S, CONCES_CONTRAVENCIONAL_S, ACUERDOPAGO_S, MUNICIPIO_P, FCM_CONTRAVENCIONAL_P, CONCES_CONTRAVENCIONAL_P, ACUERDOPAGO_P)
values ('05148000', 90, 0, 0, 0, 45, 0, 0, 0);
insert into P_DISPERSION_MUNICIPIO (IDMUNICIPIO, MUNICIPIO_S, FCM_CONTRAVENCIONAL_S, CONCES_CONTRAVENCIONAL_S, ACUERDOPAGO_S, MUNICIPIO_P, FCM_CONTRAVENCIONAL_P, CONCES_CONTRAVENCIONAL_P, ACUERDOPAGO_P)
values ('05154000', 90, 0, 0, 0, 45, 0, 0, 0);
insert into P_DISPERSION_MUNICIPIO (IDMUNICIPIO, MUNICIPIO_S, FCM_CONTRAVENCIONAL_S, CONCES_CONTRAVENCIONAL_S, ACUERDOPAGO_S, MUNICIPIO_P, FCM_CONTRAVENCIONAL_P, CONCES_CONTRAVENCIONAL_P, ACUERDOPAGO_P)
values ('05172000', 90, 0, 0, 0, 45, 0, 0, 0);
insert into P_DISPERSION_MUNICIPIO (IDMUNICIPIO, MUNICIPIO_S, FCM_CONTRAVENCIONAL_S, CONCES_CONTRAVENCIONAL_S, ACUERDOPAGO_S, MUNICIPIO_P, FCM_CONTRAVENCIONAL_P, CONCES_CONTRAVENCIONAL_P, ACUERDOPAGO_P)
values ('05190000', 90, 0, 0, 0, 45, 0, 0, 0);
insert into P_DISPERSION_MUNICIPIO (IDMUNICIPIO, MUNICIPIO_S, FCM_CONTRAVENCIONAL_S, CONCES_CONTRAVENCIONAL_S, ACUERDOPAGO_S, MUNICIPIO_P, FCM_CONTRAVENCIONAL_P, CONCES_CONTRAVENCIONAL_P, ACUERDOPAGO_P)
values ('05197000', 90, 0, 0, 0, 45, 0, 0, 0);
insert into P_DISPERSION_MUNICIPIO (IDMUNICIPIO, MUNICIPIO_S, FCM_CONTRAVENCIONAL_S, CONCES_CONTRAVENCIONAL_S, ACUERDOPAGO_S, MUNICIPIO_P, FCM_CONTRAVENCIONAL_P, CONCES_CONTRAVENCIONAL_P, ACUERDOPAGO_P)
values ('05212000', 90, 0, 0, 0, 45, 0, 0, 0);
insert into P_DISPERSION_MUNICIPIO (IDMUNICIPIO, MUNICIPIO_S, FCM_CONTRAVENCIONAL_S, CONCES_CONTRAVENCIONAL_S, ACUERDOPAGO_S, MUNICIPIO_P, FCM_CONTRAVENCIONAL_P, CONCES_CONTRAVENCIONAL_P, ACUERDOPAGO_P)
values ('05237000', 90, 0, 0, 0, 45, 0, 0, 0);
insert into P_DISPERSION_MUNICIPIO (IDMUNICIPIO, MUNICIPIO_S, FCM_CONTRAVENCIONAL_S, CONCES_CONTRAVENCIONAL_S, ACUERDOPAGO_S, MUNICIPIO_P, FCM_CONTRAVENCIONAL_P, CONCES_CONTRAVENCIONAL_P, ACUERDOPAGO_P)
values ('05264000', 90, 0, 0, 0, 45, 0, 0, 0);
insert into P_DISPERSION_MUNICIPIO (IDMUNICIPIO, MUNICIPIO_S, FCM_CONTRAVENCIONAL_S, CONCES_CONTRAVENCIONAL_S, ACUERDOPAGO_S, MUNICIPIO_P, FCM_CONTRAVENCIONAL_P, CONCES_CONTRAVENCIONAL_P, ACUERDOPAGO_P)
values ('05266000', 90, 0, 0, 0, 45, 0, 0, 0);
insert into P_DISPERSION_MUNICIPIO (IDMUNICIPIO, MUNICIPIO_S, FCM_CONTRAVENCIONAL_S, CONCES_CONTRAVENCIONAL_S, ACUERDOPAGO_S, MUNICIPIO_P, FCM_CONTRAVENCIONAL_P, CONCES_CONTRAVENCIONAL_P, ACUERDOPAGO_P)
values ('05282000', 90, 0, 0, 0, 45, 0, 0, 0);
insert into P_DISPERSION_MUNICIPIO (IDMUNICIPIO, MUNICIPIO_S, FCM_CONTRAVENCIONAL_S, CONCES_CONTRAVENCIONAL_S, ACUERDOPAGO_S, MUNICIPIO_P, FCM_CONTRAVENCIONAL_P, CONCES_CONTRAVENCIONAL_P, ACUERDOPAGO_P)
values ('05284000', 90, 0, 0, 0, 45, 0, 0, 0);
insert into P_DISPERSION_MUNICIPIO (IDMUNICIPIO, MUNICIPIO_S, FCM_CONTRAVENCIONAL_S, CONCES_CONTRAVENCIONAL_S, ACUERDOPAGO_S, MUNICIPIO_P, FCM_CONTRAVENCIONAL_P, CONCES_CONTRAVENCIONAL_P, ACUERDOPAGO_P)
values ('05306000', 90, 0, 0, 0, 45, 0, 0, 0);
insert into P_DISPERSION_MUNICIPIO (IDMUNICIPIO, MUNICIPIO_S, FCM_CONTRAVENCIONAL_S, CONCES_CONTRAVENCIONAL_S, ACUERDOPAGO_S, MUNICIPIO_P, FCM_CONTRAVENCIONAL_P, CONCES_CONTRAVENCIONAL_P, ACUERDOPAGO_P)
values ('05308000', 90, 0, 0, 0, 45, 0, 0, 0);
insert into P_DISPERSION_MUNICIPIO (IDMUNICIPIO, MUNICIPIO_S, FCM_CONTRAVENCIONAL_S, CONCES_CONTRAVENCIONAL_S, ACUERDOPAGO_S, MUNICIPIO_P, FCM_CONTRAVENCIONAL_P, CONCES_CONTRAVENCIONAL_P, ACUERDOPAGO_P)
values ('05318000', 90, 0, 0, 0, 45, 0, 0, 0);
insert into P_DISPERSION_MUNICIPIO (IDMUNICIPIO, MUNICIPIO_S, FCM_CONTRAVENCIONAL_S, CONCES_CONTRAVENCIONAL_S, ACUERDOPAGO_S, MUNICIPIO_P, FCM_CONTRAVENCIONAL_P, CONCES_CONTRAVENCIONAL_P, ACUERDOPAGO_P)
values ('05321000', 90, 0, 0, 0, 45, 0, 0, 0);
insert into P_DISPERSION_MUNICIPIO (IDMUNICIPIO, MUNICIPIO_S, FCM_CONTRAVENCIONAL_S, CONCES_CONTRAVENCIONAL_S, ACUERDOPAGO_S, MUNICIPIO_P, FCM_CONTRAVENCIONAL_P, CONCES_CONTRAVENCIONAL_P, ACUERDOPAGO_P)
values ('05360000', 90, 0, 0, 0, 45, 0, 0, 0);
insert into P_DISPERSION_MUNICIPIO (IDMUNICIPIO, MUNICIPIO_S, FCM_CONTRAVENCIONAL_S, CONCES_CONTRAVENCIONAL_S, ACUERDOPAGO_S, MUNICIPIO_P, FCM_CONTRAVENCIONAL_P, CONCES_CONTRAVENCIONAL_P, ACUERDOPAGO_P)
values ('05368000', 90, 0, 0, 0, 45, 0, 0, 0);
insert into P_DISPERSION_MUNICIPIO (IDMUNICIPIO, MUNICIPIO_S, FCM_CONTRAVENCIONAL_S, CONCES_CONTRAVENCIONAL_S, ACUERDOPAGO_S, MUNICIPIO_P, FCM_CONTRAVENCIONAL_P, CONCES_CONTRAVENCIONAL_P, ACUERDOPAGO_P)
values ('05376000', 90, 0, 0, 0, 45, 0, 0, 0);
insert into P_DISPERSION_MUNICIPIO (IDMUNICIPIO, MUNICIPIO_S, FCM_CONTRAVENCIONAL_S, CONCES_CONTRAVENCIONAL_S, ACUERDOPAGO_S, MUNICIPIO_P, FCM_CONTRAVENCIONAL_P, CONCES_CONTRAVENCIONAL_P, ACUERDOPAGO_P)
values ('05390000', 90, 0, 0, 0, 45, 0, 0, 0);
insert into P_DISPERSION_MUNICIPIO (IDMUNICIPIO, MUNICIPIO_S, FCM_CONTRAVENCIONAL_S, CONCES_CONTRAVENCIONAL_S, ACUERDOPAGO_S, MUNICIPIO_P, FCM_CONTRAVENCIONAL_P, CONCES_CONTRAVENCIONAL_P, ACUERDOPAGO_P)
values ('05400000', 90, 0, 0, 0, 45, 0, 0, 0);
insert into P_DISPERSION_MUNICIPIO (IDMUNICIPIO, MUNICIPIO_S, FCM_CONTRAVENCIONAL_S, CONCES_CONTRAVENCIONAL_S, ACUERDOPAGO_S, MUNICIPIO_P, FCM_CONTRAVENCIONAL_P, CONCES_CONTRAVENCIONAL_P, ACUERDOPAGO_P)
values ('05425000', 90, 0, 0, 0, 45, 0, 0, 0);
insert into P_DISPERSION_MUNICIPIO (IDMUNICIPIO, MUNICIPIO_S, FCM_CONTRAVENCIONAL_S, CONCES_CONTRAVENCIONAL_S, ACUERDOPAGO_S, MUNICIPIO_P, FCM_CONTRAVENCIONAL_P, CONCES_CONTRAVENCIONAL_P, ACUERDOPAGO_P)
values ('05440000', 90, 0, 0, 0, 45, 0, 0, 0);
insert into P_DISPERSION_MUNICIPIO (IDMUNICIPIO, MUNICIPIO_S, FCM_CONTRAVENCIONAL_S, CONCES_CONTRAVENCIONAL_S, ACUERDOPAGO_S, MUNICIPIO_P, FCM_CONTRAVENCIONAL_P, CONCES_CONTRAVENCIONAL_P, ACUERDOPAGO_P)
values ('05541000', 90, 0, 0, 0, 45, 0, 0, 0);
insert into P_DISPERSION_MUNICIPIO (IDMUNICIPIO, MUNICIPIO_S, FCM_CONTRAVENCIONAL_S, CONCES_CONTRAVENCIONAL_S, ACUERDOPAGO_S, MUNICIPIO_P, FCM_CONTRAVENCIONAL_P, CONCES_CONTRAVENCIONAL_P, ACUERDOPAGO_P)
values ('05579000', 90, 0, 0, 0, 45, 0, 0, 0);
insert into P_DISPERSION_MUNICIPIO (IDMUNICIPIO, MUNICIPIO_S, FCM_CONTRAVENCIONAL_S, CONCES_CONTRAVENCIONAL_S, ACUERDOPAGO_S, MUNICIPIO_P, FCM_CONTRAVENCIONAL_P, CONCES_CONTRAVENCIONAL_P, ACUERDOPAGO_P)
values ('05591000', 90, 0, 0, 0, 45, 0, 0, 0);
insert into P_DISPERSION_MUNICIPIO (IDMUNICIPIO, MUNICIPIO_S, FCM_CONTRAVENCIONAL_S, CONCES_CONTRAVENCIONAL_S, ACUERDOPAGO_S, MUNICIPIO_P, FCM_CONTRAVENCIONAL_P, CONCES_CONTRAVENCIONAL_P, ACUERDOPAGO_P)
values ('05607000', 90, 0, 0, 0, 45, 0, 0, 0);
insert into P_DISPERSION_MUNICIPIO (IDMUNICIPIO, MUNICIPIO_S, FCM_CONTRAVENCIONAL_S, CONCES_CONTRAVENCIONAL_S, ACUERDOPAGO_S, MUNICIPIO_P, FCM_CONTRAVENCIONAL_P, CONCES_CONTRAVENCIONAL_P, ACUERDOPAGO_P)
values ('05615000', 90, 0, 0, 0, 45, 0, 0, 0);
insert into P_DISPERSION_MUNICIPIO (IDMUNICIPIO, MUNICIPIO_S, FCM_CONTRAVENCIONAL_S, CONCES_CONTRAVENCIONAL_S, ACUERDOPAGO_S, MUNICIPIO_P, FCM_CONTRAVENCIONAL_P, CONCES_CONTRAVENCIONAL_P, ACUERDOPAGO_P)
values ('05631000', 90, 0, 0, 0, 45, 0, 0, 0);
insert into P_DISPERSION_MUNICIPIO (IDMUNICIPIO, MUNICIPIO_S, FCM_CONTRAVENCIONAL_S, CONCES_CONTRAVENCIONAL_S, ACUERDOPAGO_S, MUNICIPIO_P, FCM_CONTRAVENCIONAL_P, CONCES_CONTRAVENCIONAL_P, ACUERDOPAGO_P)
values ('05656000', 90, 0, 0, 0, 45, 0, 0, 0);
insert into P_DISPERSION_MUNICIPIO (IDMUNICIPIO, MUNICIPIO_S, FCM_CONTRAVENCIONAL_S, CONCES_CONTRAVENCIONAL_S, ACUERDOPAGO_S, MUNICIPIO_P, FCM_CONTRAVENCIONAL_P, CONCES_CONTRAVENCIONAL_P, ACUERDOPAGO_P)
values ('05660000', 90, 0, 0, 0, 45, 0, 0, 0);
insert into P_DISPERSION_MUNICIPIO (IDMUNICIPIO, MUNICIPIO_S, FCM_CONTRAVENCIONAL_S, CONCES_CONTRAVENCIONAL_S, ACUERDOPAGO_S, MUNICIPIO_P, FCM_CONTRAVENCIONAL_P, CONCES_CONTRAVENCIONAL_P, ACUERDOPAGO_P)
values ('05664000', 90, 0, 0, 0, 45, 0, 0, 0);
insert into P_DISPERSION_MUNICIPIO (IDMUNICIPIO, MUNICIPIO_S, FCM_CONTRAVENCIONAL_S, CONCES_CONTRAVENCIONAL_S, ACUERDOPAGO_S, MUNICIPIO_P, FCM_CONTRAVENCIONAL_P, CONCES_CONTRAVENCIONAL_P, ACUERDOPAGO_P)
values ('05670000', 90, 0, 0, 0, 45, 0, 0, 0);
insert into P_DISPERSION_MUNICIPIO (IDMUNICIPIO, MUNICIPIO_S, FCM_CONTRAVENCIONAL_S, CONCES_CONTRAVENCIONAL_S, ACUERDOPAGO_S, MUNICIPIO_P, FCM_CONTRAVENCIONAL_P, CONCES_CONTRAVENCIONAL_P, ACUERDOPAGO_P)
values ('05674000', 90, 0, 0, 0, 45, 0, 0, 0);
insert into P_DISPERSION_MUNICIPIO (IDMUNICIPIO, MUNICIPIO_S, FCM_CONTRAVENCIONAL_S, CONCES_CONTRAVENCIONAL_S, ACUERDOPAGO_S, MUNICIPIO_P, FCM_CONTRAVENCIONAL_P, CONCES_CONTRAVENCIONAL_P, ACUERDOPAGO_P)
values ('05679000', 90, 0, 0, 0, 45, 0, 0, 0);
insert into P_DISPERSION_MUNICIPIO (IDMUNICIPIO, MUNICIPIO_S, FCM_CONTRAVENCIONAL_S, CONCES_CONTRAVENCIONAL_S, ACUERDOPAGO_S, MUNICIPIO_P, FCM_CONTRAVENCIONAL_P, CONCES_CONTRAVENCIONAL_P, ACUERDOPAGO_P)
values ('05686000', 90, 0, 0, 0, 45, 0, 0, 0);
insert into P_DISPERSION_MUNICIPIO (IDMUNICIPIO, MUNICIPIO_S, FCM_CONTRAVENCIONAL_S, CONCES_CONTRAVENCIONAL_S, ACUERDOPAGO_S, MUNICIPIO_P, FCM_CONTRAVENCIONAL_P, CONCES_CONTRAVENCIONAL_P, ACUERDOPAGO_P)
values ('05690000', 90, 0, 0, 0, 45, 0, 0, 0);
insert into P_DISPERSION_MUNICIPIO (IDMUNICIPIO, MUNICIPIO_S, FCM_CONTRAVENCIONAL_S, CONCES_CONTRAVENCIONAL_S, ACUERDOPAGO_S, MUNICIPIO_P, FCM_CONTRAVENCIONAL_P, CONCES_CONTRAVENCIONAL_P, ACUERDOPAGO_P)
values ('05697000', 90, 0, 0, 0, 45, 0, 0, 0);
insert into P_DISPERSION_MUNICIPIO (IDMUNICIPIO, MUNICIPIO_S, FCM_CONTRAVENCIONAL_S, CONCES_CONTRAVENCIONAL_S, ACUERDOPAGO_S, MUNICIPIO_P, FCM_CONTRAVENCIONAL_P, CONCES_CONTRAVENCIONAL_P, ACUERDOPAGO_P)
values ('05756000', 90, 0, 0, 0, 45, 0, 0, 0);
insert into P_DISPERSION_MUNICIPIO (IDMUNICIPIO, MUNICIPIO_S, FCM_CONTRAVENCIONAL_S, CONCES_CONTRAVENCIONAL_S, ACUERDOPAGO_S, MUNICIPIO_P, FCM_CONTRAVENCIONAL_P, CONCES_CONTRAVENCIONAL_P, ACUERDOPAGO_P)
values ('05761000', 90, 0, 0, 0, 45, 0, 0, 0);
insert into P_DISPERSION_MUNICIPIO (IDMUNICIPIO, MUNICIPIO_S, FCM_CONTRAVENCIONAL_S, CONCES_CONTRAVENCIONAL_S, ACUERDOPAGO_S, MUNICIPIO_P, FCM_CONTRAVENCIONAL_P, CONCES_CONTRAVENCIONAL_P, ACUERDOPAGO_P)
values ('05790000', 90, 0, 0, 0, 45, 0, 0, 0);
insert into P_DISPERSION_MUNICIPIO (IDMUNICIPIO, MUNICIPIO_S, FCM_CONTRAVENCIONAL_S, CONCES_CONTRAVENCIONAL_S, ACUERDOPAGO_S, MUNICIPIO_P, FCM_CONTRAVENCIONAL_P, CONCES_CONTRAVENCIONAL_P, ACUERDOPAGO_P)
values ('05792000', 90, 0, 0, 0, 45, 0, 0, 0);
insert into P_DISPERSION_MUNICIPIO (IDMUNICIPIO, MUNICIPIO_S, FCM_CONTRAVENCIONAL_S, CONCES_CONTRAVENCIONAL_S, ACUERDOPAGO_S, MUNICIPIO_P, FCM_CONTRAVENCIONAL_P, CONCES_CONTRAVENCIONAL_P, ACUERDOPAGO_P)
values ('05809000', 90, 0, 0, 0, 45, 0, 0, 0);
insert into P_DISPERSION_MUNICIPIO (IDMUNICIPIO, MUNICIPIO_S, FCM_CONTRAVENCIONAL_S, CONCES_CONTRAVENCIONAL_S, ACUERDOPAGO_S, MUNICIPIO_P, FCM_CONTRAVENCIONAL_P, CONCES_CONTRAVENCIONAL_P, ACUERDOPAGO_P)
values ('05837000', 90, 0, 0, 0, 45, 0, 0, 0);
insert into P_DISPERSION_MUNICIPIO (IDMUNICIPIO, MUNICIPIO_S, FCM_CONTRAVENCIONAL_S, CONCES_CONTRAVENCIONAL_S, ACUERDOPAGO_S, MUNICIPIO_P, FCM_CONTRAVENCIONAL_P, CONCES_CONTRAVENCIONAL_P, ACUERDOPAGO_P)
values ('05842000', 90, 0, 0, 0, 45, 0, 0, 0);
insert into P_DISPERSION_MUNICIPIO (IDMUNICIPIO, MUNICIPIO_S, FCM_CONTRAVENCIONAL_S, CONCES_CONTRAVENCIONAL_S, ACUERDOPAGO_S, MUNICIPIO_P, FCM_CONTRAVENCIONAL_P, CONCES_CONTRAVENCIONAL_P, ACUERDOPAGO_P)
values ('05847000', 90, 0, 0, 0, 45, 0, 0, 0);
insert into P_DISPERSION_MUNICIPIO (IDMUNICIPIO, MUNICIPIO_S, FCM_CONTRAVENCIONAL_S, CONCES_CONTRAVENCIONAL_S, ACUERDOPAGO_S, MUNICIPIO_P, FCM_CONTRAVENCIONAL_P, CONCES_CONTRAVENCIONAL_P, ACUERDOPAGO_P)
values ('05854000', 90, 0, 0, 0, 45, 0, 0, 0);
insert into P_DISPERSION_MUNICIPIO (IDMUNICIPIO, MUNICIPIO_S, FCM_CONTRAVENCIONAL_S, CONCES_CONTRAVENCIONAL_S, ACUERDOPAGO_S, MUNICIPIO_P, FCM_CONTRAVENCIONAL_P, CONCES_CONTRAVENCIONAL_P, ACUERDOPAGO_P)
values ('05861000', 90, 0, 0, 0, 45, 0, 0, 0);
insert into P_DISPERSION_MUNICIPIO (IDMUNICIPIO, MUNICIPIO_S, FCM_CONTRAVENCIONAL_S, CONCES_CONTRAVENCIONAL_S, ACUERDOPAGO_S, MUNICIPIO_P, FCM_CONTRAVENCIONAL_P, CONCES_CONTRAVENCIONAL_P, ACUERDOPAGO_P)
values ('05887000', 90, 0, 0, 0, 45, 0, 0, 0);
insert into P_DISPERSION_MUNICIPIO (IDMUNICIPIO, MUNICIPIO_S, FCM_CONTRAVENCIONAL_S, CONCES_CONTRAVENCIONAL_S, ACUERDOPAGO_S, MUNICIPIO_P, FCM_CONTRAVENCIONAL_P, CONCES_CONTRAVENCIONAL_P, ACUERDOPAGO_P)
values ('08000000', 90, 0, 0, 0, 45, 0, 0, 0);
insert into P_DISPERSION_MUNICIPIO (IDMUNICIPIO, MUNICIPIO_S, FCM_CONTRAVENCIONAL_S, CONCES_CONTRAVENCIONAL_S, ACUERDOPAGO_S, MUNICIPIO_P, FCM_CONTRAVENCIONAL_P, CONCES_CONTRAVENCIONAL_P, ACUERDOPAGO_P)
values ('08001000', 90, 0, 0, 0, 45, 0, 0, 0);
insert into P_DISPERSION_MUNICIPIO (IDMUNICIPIO, MUNICIPIO_S, FCM_CONTRAVENCIONAL_S, CONCES_CONTRAVENCIONAL_S, ACUERDOPAGO_S, MUNICIPIO_P, FCM_CONTRAVENCIONAL_P, CONCES_CONTRAVENCIONAL_P, ACUERDOPAGO_P)
values ('08078000', 90, 0, 0, 0, 45, 0, 0, 0);
insert into P_DISPERSION_MUNICIPIO (IDMUNICIPIO, MUNICIPIO_S, FCM_CONTRAVENCIONAL_S, CONCES_CONTRAVENCIONAL_S, ACUERDOPAGO_S, MUNICIPIO_P, FCM_CONTRAVENCIONAL_P, CONCES_CONTRAVENCIONAL_P, ACUERDOPAGO_P)
values ('08137000', 90, 0, 0, 0, 45, 0, 0, 0);
insert into P_DISPERSION_MUNICIPIO (IDMUNICIPIO, MUNICIPIO_S, FCM_CONTRAVENCIONAL_S, CONCES_CONTRAVENCIONAL_S, ACUERDOPAGO_S, MUNICIPIO_P, FCM_CONTRAVENCIONAL_P, CONCES_CONTRAVENCIONAL_P, ACUERDOPAGO_P)
values ('08296000', 90, 0, 0, 0, 45, 0, 0, 0);
insert into P_DISPERSION_MUNICIPIO (IDMUNICIPIO, MUNICIPIO_S, FCM_CONTRAVENCIONAL_S, CONCES_CONTRAVENCIONAL_S, ACUERDOPAGO_S, MUNICIPIO_P, FCM_CONTRAVENCIONAL_P, CONCES_CONTRAVENCIONAL_P, ACUERDOPAGO_P)
values ('08421000', 90, 0, 0, 0, 45, 0, 0, 0);
insert into P_DISPERSION_MUNICIPIO (IDMUNICIPIO, MUNICIPIO_S, FCM_CONTRAVENCIONAL_S, CONCES_CONTRAVENCIONAL_S, ACUERDOPAGO_S, MUNICIPIO_P, FCM_CONTRAVENCIONAL_P, CONCES_CONTRAVENCIONAL_P, ACUERDOPAGO_P)
values ('08433000', 90, 0, 0, 0, 45, 0, 0, 0);
insert into P_DISPERSION_MUNICIPIO (IDMUNICIPIO, MUNICIPIO_S, FCM_CONTRAVENCIONAL_S, CONCES_CONTRAVENCIONAL_S, ACUERDOPAGO_S, MUNICIPIO_P, FCM_CONTRAVENCIONAL_P, CONCES_CONTRAVENCIONAL_P, ACUERDOPAGO_P)
values ('08436000', 90, 0, 0, 0, 45, 0, 0, 0);
insert into P_DISPERSION_MUNICIPIO (IDMUNICIPIO, MUNICIPIO_S, FCM_CONTRAVENCIONAL_S, CONCES_CONTRAVENCIONAL_S, ACUERDOPAGO_S, MUNICIPIO_P, FCM_CONTRAVENCIONAL_P, CONCES_CONTRAVENCIONAL_P, ACUERDOPAGO_P)
values ('08520000', 90, 0, 0, 0, 45, 0, 0, 0);
insert into P_DISPERSION_MUNICIPIO (IDMUNICIPIO, MUNICIPIO_S, FCM_CONTRAVENCIONAL_S, CONCES_CONTRAVENCIONAL_S, ACUERDOPAGO_S, MUNICIPIO_P, FCM_CONTRAVENCIONAL_P, CONCES_CONTRAVENCIONAL_P, ACUERDOPAGO_P)
values ('08558000', 90, 0, 0, 0, 45, 0, 0, 0);
insert into P_DISPERSION_MUNICIPIO (IDMUNICIPIO, MUNICIPIO_S, FCM_CONTRAVENCIONAL_S, CONCES_CONTRAVENCIONAL_S, ACUERDOPAGO_S, MUNICIPIO_P, FCM_CONTRAVENCIONAL_P, CONCES_CONTRAVENCIONAL_P, ACUERDOPAGO_P)
values ('08560000', 90, 0, 0, 0, 45, 0, 0, 0);
insert into P_DISPERSION_MUNICIPIO (IDMUNICIPIO, MUNICIPIO_S, FCM_CONTRAVENCIONAL_S, CONCES_CONTRAVENCIONAL_S, ACUERDOPAGO_S, MUNICIPIO_P, FCM_CONTRAVENCIONAL_P, CONCES_CONTRAVENCIONAL_P, ACUERDOPAGO_P)
values ('08573000', 0, 0, 0, 90, 0, 0, 0, 45);
insert into P_DISPERSION_MUNICIPIO (IDMUNICIPIO, MUNICIPIO_S, FCM_CONTRAVENCIONAL_S, CONCES_CONTRAVENCIONAL_S, ACUERDOPAGO_S, MUNICIPIO_P, FCM_CONTRAVENCIONAL_P, CONCES_CONTRAVENCIONAL_P, ACUERDOPAGO_P)
values ('08634000', 90, 0, 0, 0, 45, 0, 0, 0);
insert into P_DISPERSION_MUNICIPIO (IDMUNICIPIO, MUNICIPIO_S, FCM_CONTRAVENCIONAL_S, CONCES_CONTRAVENCIONAL_S, ACUERDOPAGO_S, MUNICIPIO_P, FCM_CONTRAVENCIONAL_P, CONCES_CONTRAVENCIONAL_P, ACUERDOPAGO_P)
values ('08638000', 90, 0, 0, 0, 45, 0, 0, 0);
insert into P_DISPERSION_MUNICIPIO (IDMUNICIPIO, MUNICIPIO_S, FCM_CONTRAVENCIONAL_S, CONCES_CONTRAVENCIONAL_S, ACUERDOPAGO_S, MUNICIPIO_P, FCM_CONTRAVENCIONAL_P, CONCES_CONTRAVENCIONAL_P, ACUERDOPAGO_P)
values ('08685000', 90, 0, 0, 0, 45, 0, 0, 0);
insert into P_DISPERSION_MUNICIPIO (IDMUNICIPIO, MUNICIPIO_S, FCM_CONTRAVENCIONAL_S, CONCES_CONTRAVENCIONAL_S, ACUERDOPAGO_S, MUNICIPIO_P, FCM_CONTRAVENCIONAL_P, CONCES_CONTRAVENCIONAL_P, ACUERDOPAGO_P)
values ('08758000', 0, 0, 0, 90, 0, 0, 0, 45);
insert into P_DISPERSION_MUNICIPIO (IDMUNICIPIO, MUNICIPIO_S, FCM_CONTRAVENCIONAL_S, CONCES_CONTRAVENCIONAL_S, ACUERDOPAGO_S, MUNICIPIO_P, FCM_CONTRAVENCIONAL_P, CONCES_CONTRAVENCIONAL_P, ACUERDOPAGO_P)
values ('08770000', 90, 0, 0, 0, 45, 0, 0, 0);
insert into P_DISPERSION_MUNICIPIO (IDMUNICIPIO, MUNICIPIO_S, FCM_CONTRAVENCIONAL_S, CONCES_CONTRAVENCIONAL_S, ACUERDOPAGO_S, MUNICIPIO_P, FCM_CONTRAVENCIONAL_P, CONCES_CONTRAVENCIONAL_P, ACUERDOPAGO_P)
values ('08849000', 90, 0, 0, 0, 45, 0, 0, 0);
insert into P_DISPERSION_MUNICIPIO (IDMUNICIPIO, MUNICIPIO_S, FCM_CONTRAVENCIONAL_S, CONCES_CONTRAVENCIONAL_S, ACUERDOPAGO_S, MUNICIPIO_P, FCM_CONTRAVENCIONAL_P, CONCES_CONTRAVENCIONAL_P, ACUERDOPAGO_P)
values ('11001000', 90, 0, 0, 0, 45, 0, 0, 0);
insert into P_DISPERSION_MUNICIPIO (IDMUNICIPIO, MUNICIPIO_S, FCM_CONTRAVENCIONAL_S, CONCES_CONTRAVENCIONAL_S, ACUERDOPAGO_S, MUNICIPIO_P, FCM_CONTRAVENCIONAL_P, CONCES_CONTRAVENCIONAL_P, ACUERDOPAGO_P)
values ('13000000', 90, 0, 0, 0, 45, 0, 0, 0);
insert into P_DISPERSION_MUNICIPIO (IDMUNICIPIO, MUNICIPIO_S, FCM_CONTRAVENCIONAL_S, CONCES_CONTRAVENCIONAL_S, ACUERDOPAGO_S, MUNICIPIO_P, FCM_CONTRAVENCIONAL_P, CONCES_CONTRAVENCIONAL_P, ACUERDOPAGO_P)
values ('13001000', 90, 0, 0, 0, 45, 0, 0, 0);
insert into P_DISPERSION_MUNICIPIO (IDMUNICIPIO, MUNICIPIO_S, FCM_CONTRAVENCIONAL_S, CONCES_CONTRAVENCIONAL_S, ACUERDOPAGO_S, MUNICIPIO_P, FCM_CONTRAVENCIONAL_P, CONCES_CONTRAVENCIONAL_P, ACUERDOPAGO_P)
values ('13052000', 90, 0, 0, 0, 45, 0, 0, 0);
insert into P_DISPERSION_MUNICIPIO (IDMUNICIPIO, MUNICIPIO_S, FCM_CONTRAVENCIONAL_S, CONCES_CONTRAVENCIONAL_S, ACUERDOPAGO_S, MUNICIPIO_P, FCM_CONTRAVENCIONAL_P, CONCES_CONTRAVENCIONAL_P, ACUERDOPAGO_P)
values ('13222000', 90, 0, 0, 0, 45, 0, 0, 0);
insert into P_DISPERSION_MUNICIPIO (IDMUNICIPIO, MUNICIPIO_S, FCM_CONTRAVENCIONAL_S, CONCES_CONTRAVENCIONAL_S, ACUERDOPAGO_S, MUNICIPIO_P, FCM_CONTRAVENCIONAL_P, CONCES_CONTRAVENCIONAL_P, ACUERDOPAGO_P)
values ('13244000', 90, 0, 0, 0, 45, 0, 0, 0);
insert into P_DISPERSION_MUNICIPIO (IDMUNICIPIO, MUNICIPIO_S, FCM_CONTRAVENCIONAL_S, CONCES_CONTRAVENCIONAL_S, ACUERDOPAGO_S, MUNICIPIO_P, FCM_CONTRAVENCIONAL_P, CONCES_CONTRAVENCIONAL_P, ACUERDOPAGO_P)
values ('13468000', 90, 0, 0, 0, 45, 0, 0, 0);
insert into P_DISPERSION_MUNICIPIO (IDMUNICIPIO, MUNICIPIO_S, FCM_CONTRAVENCIONAL_S, CONCES_CONTRAVENCIONAL_S, ACUERDOPAGO_S, MUNICIPIO_P, FCM_CONTRAVENCIONAL_P, CONCES_CONTRAVENCIONAL_P, ACUERDOPAGO_P)
values ('13657000', 90, 0, 0, 0, 45, 0, 0, 0);
insert into P_DISPERSION_MUNICIPIO (IDMUNICIPIO, MUNICIPIO_S, FCM_CONTRAVENCIONAL_S, CONCES_CONTRAVENCIONAL_S, ACUERDOPAGO_S, MUNICIPIO_P, FCM_CONTRAVENCIONAL_P, CONCES_CONTRAVENCIONAL_P, ACUERDOPAGO_P)
values ('13836000', 90, 0, 0, 0, 45, 0, 0, 0);
insert into P_DISPERSION_MUNICIPIO (IDMUNICIPIO, MUNICIPIO_S, FCM_CONTRAVENCIONAL_S, CONCES_CONTRAVENCIONAL_S, ACUERDOPAGO_S, MUNICIPIO_P, FCM_CONTRAVENCIONAL_P, CONCES_CONTRAVENCIONAL_P, ACUERDOPAGO_P)
values ('15000000', 90, 0, 0, 0, 45, 0, 0, 0);
insert into P_DISPERSION_MUNICIPIO (IDMUNICIPIO, MUNICIPIO_S, FCM_CONTRAVENCIONAL_S, CONCES_CONTRAVENCIONAL_S, ACUERDOPAGO_S, MUNICIPIO_P, FCM_CONTRAVENCIONAL_P, CONCES_CONTRAVENCIONAL_P, ACUERDOPAGO_P)
values ('15001000', 90, 0, 0, 0, 45, 0, 0, 0);
insert into P_DISPERSION_MUNICIPIO (IDMUNICIPIO, MUNICIPIO_S, FCM_CONTRAVENCIONAL_S, CONCES_CONTRAVENCIONAL_S, ACUERDOPAGO_S, MUNICIPIO_P, FCM_CONTRAVENCIONAL_P, CONCES_CONTRAVENCIONAL_P, ACUERDOPAGO_P)
values ('15176000', 90, 0, 0, 0, 45, 0, 0, 0);
insert into P_DISPERSION_MUNICIPIO (IDMUNICIPIO, MUNICIPIO_S, FCM_CONTRAVENCIONAL_S, CONCES_CONTRAVENCIONAL_S, ACUERDOPAGO_S, MUNICIPIO_P, FCM_CONTRAVENCIONAL_P, CONCES_CONTRAVENCIONAL_P, ACUERDOPAGO_P)
values ('15204000', 90, 0, 0, 0, 45, 0, 0, 0);
insert into P_DISPERSION_MUNICIPIO (IDMUNICIPIO, MUNICIPIO_S, FCM_CONTRAVENCIONAL_S, CONCES_CONTRAVENCIONAL_S, ACUERDOPAGO_S, MUNICIPIO_P, FCM_CONTRAVENCIONAL_P, CONCES_CONTRAVENCIONAL_P, ACUERDOPAGO_P)
values ('15238000', 90, 0, 0, 0, 45, 0, 0, 0);
insert into P_DISPERSION_MUNICIPIO (IDMUNICIPIO, MUNICIPIO_S, FCM_CONTRAVENCIONAL_S, CONCES_CONTRAVENCIONAL_S, ACUERDOPAGO_S, MUNICIPIO_P, FCM_CONTRAVENCIONAL_P, CONCES_CONTRAVENCIONAL_P, ACUERDOPAGO_P)
values ('15299000', 90, 0, 0, 0, 45, 0, 0, 0);
insert into P_DISPERSION_MUNICIPIO (IDMUNICIPIO, MUNICIPIO_S, FCM_CONTRAVENCIONAL_S, CONCES_CONTRAVENCIONAL_S, ACUERDOPAGO_S, MUNICIPIO_P, FCM_CONTRAVENCIONAL_P, CONCES_CONTRAVENCIONAL_P, ACUERDOPAGO_P)
values ('15322000', 90, 0, 0, 0, 45, 0, 0, 0);
insert into P_DISPERSION_MUNICIPIO (IDMUNICIPIO, MUNICIPIO_S, FCM_CONTRAVENCIONAL_S, CONCES_CONTRAVENCIONAL_S, ACUERDOPAGO_S, MUNICIPIO_P, FCM_CONTRAVENCIONAL_P, CONCES_CONTRAVENCIONAL_P, ACUERDOPAGO_P)
values ('15491000', 90, 0, 0, 0, 45, 0, 0, 0);
insert into P_DISPERSION_MUNICIPIO (IDMUNICIPIO, MUNICIPIO_S, FCM_CONTRAVENCIONAL_S, CONCES_CONTRAVENCIONAL_S, ACUERDOPAGO_S, MUNICIPIO_P, FCM_CONTRAVENCIONAL_P, CONCES_CONTRAVENCIONAL_P, ACUERDOPAGO_P)
values ('15516000', 90, 0, 0, 0, 45, 0, 0, 0);
insert into P_DISPERSION_MUNICIPIO (IDMUNICIPIO, MUNICIPIO_S, FCM_CONTRAVENCIONAL_S, CONCES_CONTRAVENCIONAL_S, ACUERDOPAGO_S, MUNICIPIO_P, FCM_CONTRAVENCIONAL_P, CONCES_CONTRAVENCIONAL_P, ACUERDOPAGO_P)
values ('15572000', 90, 0, 0, 0, 45, 0, 0, 0);
insert into P_DISPERSION_MUNICIPIO (IDMUNICIPIO, MUNICIPIO_S, FCM_CONTRAVENCIONAL_S, CONCES_CONTRAVENCIONAL_S, ACUERDOPAGO_S, MUNICIPIO_P, FCM_CONTRAVENCIONAL_P, CONCES_CONTRAVENCIONAL_P, ACUERDOPAGO_P)
values ('15632000', 90, 0, 0, 0, 45, 0, 0, 0);
insert into P_DISPERSION_MUNICIPIO (IDMUNICIPIO, MUNICIPIO_S, FCM_CONTRAVENCIONAL_S, CONCES_CONTRAVENCIONAL_S, ACUERDOPAGO_S, MUNICIPIO_P, FCM_CONTRAVENCIONAL_P, CONCES_CONTRAVENCIONAL_P, ACUERDOPAGO_P)
values ('15693000', 90, 0, 0, 0, 45, 0, 0, 0);
insert into P_DISPERSION_MUNICIPIO (IDMUNICIPIO, MUNICIPIO_S, FCM_CONTRAVENCIONAL_S, CONCES_CONTRAVENCIONAL_S, ACUERDOPAGO_S, MUNICIPIO_P, FCM_CONTRAVENCIONAL_P, CONCES_CONTRAVENCIONAL_P, ACUERDOPAGO_P)
values ('15759000', 90, 0, 0, 0, 45, 0, 0, 0);
insert into P_DISPERSION_MUNICIPIO (IDMUNICIPIO, MUNICIPIO_S, FCM_CONTRAVENCIONAL_S, CONCES_CONTRAVENCIONAL_S, ACUERDOPAGO_S, MUNICIPIO_P, FCM_CONTRAVENCIONAL_P, CONCES_CONTRAVENCIONAL_P, ACUERDOPAGO_P)
values ('15806000', 90, 0, 0, 0, 45, 0, 0, 0);
insert into P_DISPERSION_MUNICIPIO (IDMUNICIPIO, MUNICIPIO_S, FCM_CONTRAVENCIONAL_S, CONCES_CONTRAVENCIONAL_S, ACUERDOPAGO_S, MUNICIPIO_P, FCM_CONTRAVENCIONAL_P, CONCES_CONTRAVENCIONAL_P, ACUERDOPAGO_P)
values ('17001000', 90, 0, 0, 0, 45, 0, 0, 0);
insert into P_DISPERSION_MUNICIPIO (IDMUNICIPIO, MUNICIPIO_S, FCM_CONTRAVENCIONAL_S, CONCES_CONTRAVENCIONAL_S, ACUERDOPAGO_S, MUNICIPIO_P, FCM_CONTRAVENCIONAL_P, CONCES_CONTRAVENCIONAL_P, ACUERDOPAGO_P)
values ('17013000', 90, 0, 0, 0, 45, 0, 0, 0);
insert into P_DISPERSION_MUNICIPIO (IDMUNICIPIO, MUNICIPIO_S, FCM_CONTRAVENCIONAL_S, CONCES_CONTRAVENCIONAL_S, ACUERDOPAGO_S, MUNICIPIO_P, FCM_CONTRAVENCIONAL_P, CONCES_CONTRAVENCIONAL_P, ACUERDOPAGO_P)
values ('17042000', 90, 0, 0, 0, 45, 0, 0, 0);
insert into P_DISPERSION_MUNICIPIO (IDMUNICIPIO, MUNICIPIO_S, FCM_CONTRAVENCIONAL_S, CONCES_CONTRAVENCIONAL_S, ACUERDOPAGO_S, MUNICIPIO_P, FCM_CONTRAVENCIONAL_P, CONCES_CONTRAVENCIONAL_P, ACUERDOPAGO_P)
values ('17050000', 90, 0, 0, 0, 45, 0, 0, 0);
insert into P_DISPERSION_MUNICIPIO (IDMUNICIPIO, MUNICIPIO_S, FCM_CONTRAVENCIONAL_S, CONCES_CONTRAVENCIONAL_S, ACUERDOPAGO_S, MUNICIPIO_P, FCM_CONTRAVENCIONAL_P, CONCES_CONTRAVENCIONAL_P, ACUERDOPAGO_P)
values ('17174000', 90, 0, 0, 0, 45, 0, 0, 0);
commit;
prompt 200 records committed...
insert into P_DISPERSION_MUNICIPIO (IDMUNICIPIO, MUNICIPIO_S, FCM_CONTRAVENCIONAL_S, CONCES_CONTRAVENCIONAL_S, ACUERDOPAGO_S, MUNICIPIO_P, FCM_CONTRAVENCIONAL_P, CONCES_CONTRAVENCIONAL_P, ACUERDOPAGO_P)
values ('17380000', 90, 0, 0, 0, 45, 0, 0, 0);
insert into P_DISPERSION_MUNICIPIO (IDMUNICIPIO, MUNICIPIO_S, FCM_CONTRAVENCIONAL_S, CONCES_CONTRAVENCIONAL_S, ACUERDOPAGO_S, MUNICIPIO_P, FCM_CONTRAVENCIONAL_P, CONCES_CONTRAVENCIONAL_P, ACUERDOPAGO_P)
values ('17433000', 90, 0, 0, 0, 45, 0, 0, 0);
insert into P_DISPERSION_MUNICIPIO (IDMUNICIPIO, MUNICIPIO_S, FCM_CONTRAVENCIONAL_S, CONCES_CONTRAVENCIONAL_S, ACUERDOPAGO_S, MUNICIPIO_P, FCM_CONTRAVENCIONAL_P, CONCES_CONTRAVENCIONAL_P, ACUERDOPAGO_P)
values ('17486000', 90, 0, 0, 0, 45, 0, 0, 0);
insert into P_DISPERSION_MUNICIPIO (IDMUNICIPIO, MUNICIPIO_S, FCM_CONTRAVENCIONAL_S, CONCES_CONTRAVENCIONAL_S, ACUERDOPAGO_S, MUNICIPIO_P, FCM_CONTRAVENCIONAL_P, CONCES_CONTRAVENCIONAL_P, ACUERDOPAGO_P)
values ('17524000', 90, 0, 0, 0, 45, 0, 0, 0);
insert into P_DISPERSION_MUNICIPIO (IDMUNICIPIO, MUNICIPIO_S, FCM_CONTRAVENCIONAL_S, CONCES_CONTRAVENCIONAL_S, ACUERDOPAGO_S, MUNICIPIO_P, FCM_CONTRAVENCIONAL_P, CONCES_CONTRAVENCIONAL_P, ACUERDOPAGO_P)
values ('17614000', 90, 0, 0, 0, 45, 0, 0, 0);
insert into P_DISPERSION_MUNICIPIO (IDMUNICIPIO, MUNICIPIO_S, FCM_CONTRAVENCIONAL_S, CONCES_CONTRAVENCIONAL_S, ACUERDOPAGO_S, MUNICIPIO_P, FCM_CONTRAVENCIONAL_P, CONCES_CONTRAVENCIONAL_P, ACUERDOPAGO_P)
values ('17616000', 90, 0, 0, 0, 45, 0, 0, 0);
insert into P_DISPERSION_MUNICIPIO (IDMUNICIPIO, MUNICIPIO_S, FCM_CONTRAVENCIONAL_S, CONCES_CONTRAVENCIONAL_S, ACUERDOPAGO_S, MUNICIPIO_P, FCM_CONTRAVENCIONAL_P, CONCES_CONTRAVENCIONAL_P, ACUERDOPAGO_P)
values ('17653000', 90, 0, 0, 0, 45, 0, 0, 0);
insert into P_DISPERSION_MUNICIPIO (IDMUNICIPIO, MUNICIPIO_S, FCM_CONTRAVENCIONAL_S, CONCES_CONTRAVENCIONAL_S, ACUERDOPAGO_S, MUNICIPIO_P, FCM_CONTRAVENCIONAL_P, CONCES_CONTRAVENCIONAL_P, ACUERDOPAGO_P)
values ('17665000', 90, 0, 0, 0, 45, 0, 0, 0);
insert into P_DISPERSION_MUNICIPIO (IDMUNICIPIO, MUNICIPIO_S, FCM_CONTRAVENCIONAL_S, CONCES_CONTRAVENCIONAL_S, ACUERDOPAGO_S, MUNICIPIO_P, FCM_CONTRAVENCIONAL_P, CONCES_CONTRAVENCIONAL_P, ACUERDOPAGO_P)
values ('17777000', 90, 0, 0, 0, 45, 0, 0, 0);
insert into P_DISPERSION_MUNICIPIO (IDMUNICIPIO, MUNICIPIO_S, FCM_CONTRAVENCIONAL_S, CONCES_CONTRAVENCIONAL_S, ACUERDOPAGO_S, MUNICIPIO_P, FCM_CONTRAVENCIONAL_P, CONCES_CONTRAVENCIONAL_P, ACUERDOPAGO_P)
values ('17873000', 90, 0, 0, 0, 45, 0, 0, 0);
insert into P_DISPERSION_MUNICIPIO (IDMUNICIPIO, MUNICIPIO_S, FCM_CONTRAVENCIONAL_S, CONCES_CONTRAVENCIONAL_S, ACUERDOPAGO_S, MUNICIPIO_P, FCM_CONTRAVENCIONAL_P, CONCES_CONTRAVENCIONAL_P, ACUERDOPAGO_P)
values ('17877000', 90, 0, 0, 0, 45, 0, 0, 0);
insert into P_DISPERSION_MUNICIPIO (IDMUNICIPIO, MUNICIPIO_S, FCM_CONTRAVENCIONAL_S, CONCES_CONTRAVENCIONAL_S, ACUERDOPAGO_S, MUNICIPIO_P, FCM_CONTRAVENCIONAL_P, CONCES_CONTRAVENCIONAL_P, ACUERDOPAGO_P)
values ('18001000', 90, 0, 0, 0, 45, 0, 0, 0);
insert into P_DISPERSION_MUNICIPIO (IDMUNICIPIO, MUNICIPIO_S, FCM_CONTRAVENCIONAL_S, CONCES_CONTRAVENCIONAL_S, ACUERDOPAGO_S, MUNICIPIO_P, FCM_CONTRAVENCIONAL_P, CONCES_CONTRAVENCIONAL_P, ACUERDOPAGO_P)
values ('18094000', 90, 0, 0, 0, 45, 0, 0, 0);
insert into P_DISPERSION_MUNICIPIO (IDMUNICIPIO, MUNICIPIO_S, FCM_CONTRAVENCIONAL_S, CONCES_CONTRAVENCIONAL_S, ACUERDOPAGO_S, MUNICIPIO_P, FCM_CONTRAVENCIONAL_P, CONCES_CONTRAVENCIONAL_P, ACUERDOPAGO_P)
values ('18256000', 90, 0, 0, 0, 45, 0, 0, 0);
insert into P_DISPERSION_MUNICIPIO (IDMUNICIPIO, MUNICIPIO_S, FCM_CONTRAVENCIONAL_S, CONCES_CONTRAVENCIONAL_S, ACUERDOPAGO_S, MUNICIPIO_P, FCM_CONTRAVENCIONAL_P, CONCES_CONTRAVENCIONAL_P, ACUERDOPAGO_P)
values ('18753000', 90, 0, 0, 0, 45, 0, 0, 0);
insert into P_DISPERSION_MUNICIPIO (IDMUNICIPIO, MUNICIPIO_S, FCM_CONTRAVENCIONAL_S, CONCES_CONTRAVENCIONAL_S, ACUERDOPAGO_S, MUNICIPIO_P, FCM_CONTRAVENCIONAL_P, CONCES_CONTRAVENCIONAL_P, ACUERDOPAGO_P)
values ('19001000', 90, 0, 0, 0, 45, 0, 0, 0);
insert into P_DISPERSION_MUNICIPIO (IDMUNICIPIO, MUNICIPIO_S, FCM_CONTRAVENCIONAL_S, CONCES_CONTRAVENCIONAL_S, ACUERDOPAGO_S, MUNICIPIO_P, FCM_CONTRAVENCIONAL_P, CONCES_CONTRAVENCIONAL_P, ACUERDOPAGO_P)
values ('19100000', 90, 0, 0, 0, 45, 0, 0, 0);
insert into P_DISPERSION_MUNICIPIO (IDMUNICIPIO, MUNICIPIO_S, FCM_CONTRAVENCIONAL_S, CONCES_CONTRAVENCIONAL_S, ACUERDOPAGO_S, MUNICIPIO_P, FCM_CONTRAVENCIONAL_P, CONCES_CONTRAVENCIONAL_P, ACUERDOPAGO_P)
values ('19130000', 90, 0, 0, 0, 45, 0, 0, 0);
insert into P_DISPERSION_MUNICIPIO (IDMUNICIPIO, MUNICIPIO_S, FCM_CONTRAVENCIONAL_S, CONCES_CONTRAVENCIONAL_S, ACUERDOPAGO_S, MUNICIPIO_P, FCM_CONTRAVENCIONAL_P, CONCES_CONTRAVENCIONAL_P, ACUERDOPAGO_P)
values ('19137000', 90, 0, 0, 0, 45, 0, 0, 0);
insert into P_DISPERSION_MUNICIPIO (IDMUNICIPIO, MUNICIPIO_S, FCM_CONTRAVENCIONAL_S, CONCES_CONTRAVENCIONAL_S, ACUERDOPAGO_S, MUNICIPIO_P, FCM_CONTRAVENCIONAL_P, CONCES_CONTRAVENCIONAL_P, ACUERDOPAGO_P)
values ('19142000', 90, 0, 0, 0, 45, 0, 0, 0);
insert into P_DISPERSION_MUNICIPIO (IDMUNICIPIO, MUNICIPIO_S, FCM_CONTRAVENCIONAL_S, CONCES_CONTRAVENCIONAL_S, ACUERDOPAGO_S, MUNICIPIO_P, FCM_CONTRAVENCIONAL_P, CONCES_CONTRAVENCIONAL_P, ACUERDOPAGO_P)
values ('19256000', 90, 0, 0, 0, 45, 0, 0, 0);
insert into P_DISPERSION_MUNICIPIO (IDMUNICIPIO, MUNICIPIO_S, FCM_CONTRAVENCIONAL_S, CONCES_CONTRAVENCIONAL_S, ACUERDOPAGO_S, MUNICIPIO_P, FCM_CONTRAVENCIONAL_P, CONCES_CONTRAVENCIONAL_P, ACUERDOPAGO_P)
values ('19450000', 90, 0, 0, 0, 45, 0, 0, 0);
insert into P_DISPERSION_MUNICIPIO (IDMUNICIPIO, MUNICIPIO_S, FCM_CONTRAVENCIONAL_S, CONCES_CONTRAVENCIONAL_S, ACUERDOPAGO_S, MUNICIPIO_P, FCM_CONTRAVENCIONAL_P, CONCES_CONTRAVENCIONAL_P, ACUERDOPAGO_P)
values ('19455000', 90, 0, 0, 0, 45, 0, 0, 0);
insert into P_DISPERSION_MUNICIPIO (IDMUNICIPIO, MUNICIPIO_S, FCM_CONTRAVENCIONAL_S, CONCES_CONTRAVENCIONAL_S, ACUERDOPAGO_S, MUNICIPIO_P, FCM_CONTRAVENCIONAL_P, CONCES_CONTRAVENCIONAL_P, ACUERDOPAGO_P)
values ('19532000', 90, 0, 0, 0, 45, 0, 0, 0);
insert into P_DISPERSION_MUNICIPIO (IDMUNICIPIO, MUNICIPIO_S, FCM_CONTRAVENCIONAL_S, CONCES_CONTRAVENCIONAL_S, ACUERDOPAGO_S, MUNICIPIO_P, FCM_CONTRAVENCIONAL_P, CONCES_CONTRAVENCIONAL_P, ACUERDOPAGO_P)
values ('19548000', 90, 0, 0, 0, 45, 0, 0, 0);
insert into P_DISPERSION_MUNICIPIO (IDMUNICIPIO, MUNICIPIO_S, FCM_CONTRAVENCIONAL_S, CONCES_CONTRAVENCIONAL_S, ACUERDOPAGO_S, MUNICIPIO_P, FCM_CONTRAVENCIONAL_P, CONCES_CONTRAVENCIONAL_P, ACUERDOPAGO_P)
values ('19573000', 90, 0, 0, 0, 45, 0, 0, 0);
insert into P_DISPERSION_MUNICIPIO (IDMUNICIPIO, MUNICIPIO_S, FCM_CONTRAVENCIONAL_S, CONCES_CONTRAVENCIONAL_S, ACUERDOPAGO_S, MUNICIPIO_P, FCM_CONTRAVENCIONAL_P, CONCES_CONTRAVENCIONAL_P, ACUERDOPAGO_P)
values ('19622000', 90, 0, 0, 0, 45, 0, 0, 0);
insert into P_DISPERSION_MUNICIPIO (IDMUNICIPIO, MUNICIPIO_S, FCM_CONTRAVENCIONAL_S, CONCES_CONTRAVENCIONAL_S, ACUERDOPAGO_S, MUNICIPIO_P, FCM_CONTRAVENCIONAL_P, CONCES_CONTRAVENCIONAL_P, ACUERDOPAGO_P)
values ('19698000', 90, 0, 0, 0, 45, 0, 0, 0);
insert into P_DISPERSION_MUNICIPIO (IDMUNICIPIO, MUNICIPIO_S, FCM_CONTRAVENCIONAL_S, CONCES_CONTRAVENCIONAL_S, ACUERDOPAGO_S, MUNICIPIO_P, FCM_CONTRAVENCIONAL_P, CONCES_CONTRAVENCIONAL_P, ACUERDOPAGO_P)
values ('19743000', 90, 0, 0, 0, 45, 0, 0, 0);
insert into P_DISPERSION_MUNICIPIO (IDMUNICIPIO, MUNICIPIO_S, FCM_CONTRAVENCIONAL_S, CONCES_CONTRAVENCIONAL_S, ACUERDOPAGO_S, MUNICIPIO_P, FCM_CONTRAVENCIONAL_P, CONCES_CONTRAVENCIONAL_P, ACUERDOPAGO_P)
values ('54498000', 71, 9.5, 9.5, 0, 26, 9.5, 9.5, 0);
insert into P_DISPERSION_MUNICIPIO (IDMUNICIPIO, MUNICIPIO_S, FCM_CONTRAVENCIONAL_S, CONCES_CONTRAVENCIONAL_S, ACUERDOPAGO_S, MUNICIPIO_P, FCM_CONTRAVENCIONAL_P, CONCES_CONTRAVENCIONAL_P, ACUERDOPAGO_P)
values ('54518000', 90, 0, 0, 0, 45, 0, 0, 0);
insert into P_DISPERSION_MUNICIPIO (IDMUNICIPIO, MUNICIPIO_S, FCM_CONTRAVENCIONAL_S, CONCES_CONTRAVENCIONAL_S, ACUERDOPAGO_S, MUNICIPIO_P, FCM_CONTRAVENCIONAL_P, CONCES_CONTRAVENCIONAL_P, ACUERDOPAGO_P)
values ('54874000', 90, 0, 0, 0, 45, 0, 0, 0);
insert into P_DISPERSION_MUNICIPIO (IDMUNICIPIO, MUNICIPIO_S, FCM_CONTRAVENCIONAL_S, CONCES_CONTRAVENCIONAL_S, ACUERDOPAGO_S, MUNICIPIO_P, FCM_CONTRAVENCIONAL_P, CONCES_CONTRAVENCIONAL_P, ACUERDOPAGO_P)
values ('63001000', 90, 0, 0, 0, 45, 0, 0, 0);
insert into P_DISPERSION_MUNICIPIO (IDMUNICIPIO, MUNICIPIO_S, FCM_CONTRAVENCIONAL_S, CONCES_CONTRAVENCIONAL_S, ACUERDOPAGO_S, MUNICIPIO_P, FCM_CONTRAVENCIONAL_P, CONCES_CONTRAVENCIONAL_P, ACUERDOPAGO_P)
values ('63130000', 90, 0, 0, 0, 45, 0, 0, 0);
insert into P_DISPERSION_MUNICIPIO (IDMUNICIPIO, MUNICIPIO_S, FCM_CONTRAVENCIONAL_S, CONCES_CONTRAVENCIONAL_S, ACUERDOPAGO_S, MUNICIPIO_P, FCM_CONTRAVENCIONAL_P, CONCES_CONTRAVENCIONAL_P, ACUERDOPAGO_P)
values ('63190000', 90, 0, 0, 0, 45, 0, 0, 0);
insert into P_DISPERSION_MUNICIPIO (IDMUNICIPIO, MUNICIPIO_S, FCM_CONTRAVENCIONAL_S, CONCES_CONTRAVENCIONAL_S, ACUERDOPAGO_S, MUNICIPIO_P, FCM_CONTRAVENCIONAL_P, CONCES_CONTRAVENCIONAL_P, ACUERDOPAGO_P)
values ('63272000', 90, 0, 0, 0, 45, 0, 0, 0);
insert into P_DISPERSION_MUNICIPIO (IDMUNICIPIO, MUNICIPIO_S, FCM_CONTRAVENCIONAL_S, CONCES_CONTRAVENCIONAL_S, ACUERDOPAGO_S, MUNICIPIO_P, FCM_CONTRAVENCIONAL_P, CONCES_CONTRAVENCIONAL_P, ACUERDOPAGO_P)
values ('63401000', 90, 0, 0, 0, 45, 0, 0, 0);
insert into P_DISPERSION_MUNICIPIO (IDMUNICIPIO, MUNICIPIO_S, FCM_CONTRAVENCIONAL_S, CONCES_CONTRAVENCIONAL_S, ACUERDOPAGO_S, MUNICIPIO_P, FCM_CONTRAVENCIONAL_P, CONCES_CONTRAVENCIONAL_P, ACUERDOPAGO_P)
values ('63470000', 90, 0, 0, 0, 45, 0, 0, 0);
insert into P_DISPERSION_MUNICIPIO (IDMUNICIPIO, MUNICIPIO_S, FCM_CONTRAVENCIONAL_S, CONCES_CONTRAVENCIONAL_S, ACUERDOPAGO_S, MUNICIPIO_P, FCM_CONTRAVENCIONAL_P, CONCES_CONTRAVENCIONAL_P, ACUERDOPAGO_P)
values ('05001000', 70, 0, 0, 20, 45, 0, 0, 0);
insert into P_DISPERSION_MUNICIPIO (IDMUNICIPIO, MUNICIPIO_S, FCM_CONTRAVENCIONAL_S, CONCES_CONTRAVENCIONAL_S, ACUERDOPAGO_S, MUNICIPIO_P, FCM_CONTRAVENCIONAL_P, CONCES_CONTRAVENCIONAL_P, ACUERDOPAGO_P)
values ('63594000', 90, 0, 0, 0, 45, 0, 0, 0);
insert into P_DISPERSION_MUNICIPIO (IDMUNICIPIO, MUNICIPIO_S, FCM_CONTRAVENCIONAL_S, CONCES_CONTRAVENCIONAL_S, ACUERDOPAGO_S, MUNICIPIO_P, FCM_CONTRAVENCIONAL_P, CONCES_CONTRAVENCIONAL_P, ACUERDOPAGO_P)
values ('63690000', 90, 0, 0, 0, 45, 0, 0, 0);
insert into P_DISPERSION_MUNICIPIO (IDMUNICIPIO, MUNICIPIO_S, FCM_CONTRAVENCIONAL_S, CONCES_CONTRAVENCIONAL_S, ACUERDOPAGO_S, MUNICIPIO_P, FCM_CONTRAVENCIONAL_P, CONCES_CONTRAVENCIONAL_P, ACUERDOPAGO_P)
values ('66001000', 90, 0, 0, 0, 45, 0, 0, 0);
insert into P_DISPERSION_MUNICIPIO (IDMUNICIPIO, MUNICIPIO_S, FCM_CONTRAVENCIONAL_S, CONCES_CONTRAVENCIONAL_S, ACUERDOPAGO_S, MUNICIPIO_P, FCM_CONTRAVENCIONAL_P, CONCES_CONTRAVENCIONAL_P, ACUERDOPAGO_P)
values ('66045000', 90, 0, 0, 0, 45, 0, 0, 0);
insert into P_DISPERSION_MUNICIPIO (IDMUNICIPIO, MUNICIPIO_S, FCM_CONTRAVENCIONAL_S, CONCES_CONTRAVENCIONAL_S, ACUERDOPAGO_S, MUNICIPIO_P, FCM_CONTRAVENCIONAL_P, CONCES_CONTRAVENCIONAL_P, ACUERDOPAGO_P)
values ('05044000', 90, 0, 0, 0, 45, 0, 0, 0);
insert into P_DISPERSION_MUNICIPIO (IDMUNICIPIO, MUNICIPIO_S, FCM_CONTRAVENCIONAL_S, CONCES_CONTRAVENCIONAL_S, ACUERDOPAGO_S, MUNICIPIO_P, FCM_CONTRAVENCIONAL_P, CONCES_CONTRAVENCIONAL_P, ACUERDOPAGO_P)
values ('05353000', 90, 0, 0, 0, 45, 0, 0, 0);
insert into P_DISPERSION_MUNICIPIO (IDMUNICIPIO, MUNICIPIO_S, FCM_CONTRAVENCIONAL_S, CONCES_CONTRAVENCIONAL_S, ACUERDOPAGO_S, MUNICIPIO_P, FCM_CONTRAVENCIONAL_P, CONCES_CONTRAVENCIONAL_P, ACUERDOPAGO_P)
values ('19807000', 90, 0, 0, 0, 45, 0, 0, 0);
insert into P_DISPERSION_MUNICIPIO (IDMUNICIPIO, MUNICIPIO_S, FCM_CONTRAVENCIONAL_S, CONCES_CONTRAVENCIONAL_S, ACUERDOPAGO_S, MUNICIPIO_P, FCM_CONTRAVENCIONAL_P, CONCES_CONTRAVENCIONAL_P, ACUERDOPAGO_P)
values ('19824000', 90, 0, 0, 0, 45, 0, 0, 0);
insert into P_DISPERSION_MUNICIPIO (IDMUNICIPIO, MUNICIPIO_S, FCM_CONTRAVENCIONAL_S, CONCES_CONTRAVENCIONAL_S, ACUERDOPAGO_S, MUNICIPIO_P, FCM_CONTRAVENCIONAL_P, CONCES_CONTRAVENCIONAL_P, ACUERDOPAGO_P)
values ('19873000', 90, 0, 0, 0, 45, 0, 0, 0);
insert into P_DISPERSION_MUNICIPIO (IDMUNICIPIO, MUNICIPIO_S, FCM_CONTRAVENCIONAL_S, CONCES_CONTRAVENCIONAL_S, ACUERDOPAGO_S, MUNICIPIO_P, FCM_CONTRAVENCIONAL_P, CONCES_CONTRAVENCIONAL_P, ACUERDOPAGO_P)
values ('19992000', 90, 0, 0, 0, 45, 0, 0, 0);
insert into P_DISPERSION_MUNICIPIO (IDMUNICIPIO, MUNICIPIO_S, FCM_CONTRAVENCIONAL_S, CONCES_CONTRAVENCIONAL_S, ACUERDOPAGO_S, MUNICIPIO_P, FCM_CONTRAVENCIONAL_P, CONCES_CONTRAVENCIONAL_P, ACUERDOPAGO_P)
values ('20001000', 90, 0, 0, 0, 45, 0, 0, 0);
insert into P_DISPERSION_MUNICIPIO (IDMUNICIPIO, MUNICIPIO_S, FCM_CONTRAVENCIONAL_S, CONCES_CONTRAVENCIONAL_S, ACUERDOPAGO_S, MUNICIPIO_P, FCM_CONTRAVENCIONAL_P, CONCES_CONTRAVENCIONAL_P, ACUERDOPAGO_P)
values ('20011000', 90, 0, 0, 0, 45, 0, 0, 0);
insert into P_DISPERSION_MUNICIPIO (IDMUNICIPIO, MUNICIPIO_S, FCM_CONTRAVENCIONAL_S, CONCES_CONTRAVENCIONAL_S, ACUERDOPAGO_S, MUNICIPIO_P, FCM_CONTRAVENCIONAL_P, CONCES_CONTRAVENCIONAL_P, ACUERDOPAGO_P)
values ('20013000', 90, 0, 0, 0, 45, 0, 0, 0);
insert into P_DISPERSION_MUNICIPIO (IDMUNICIPIO, MUNICIPIO_S, FCM_CONTRAVENCIONAL_S, CONCES_CONTRAVENCIONAL_S, ACUERDOPAGO_S, MUNICIPIO_P, FCM_CONTRAVENCIONAL_P, CONCES_CONTRAVENCIONAL_P, ACUERDOPAGO_P)
values ('20060000', 90, 0, 0, 0, 45, 0, 0, 0);
insert into P_DISPERSION_MUNICIPIO (IDMUNICIPIO, MUNICIPIO_S, FCM_CONTRAVENCIONAL_S, CONCES_CONTRAVENCIONAL_S, ACUERDOPAGO_S, MUNICIPIO_P, FCM_CONTRAVENCIONAL_P, CONCES_CONTRAVENCIONAL_P, ACUERDOPAGO_P)
values ('20178000', 90, 0, 0, 0, 45, 0, 0, 0);
insert into P_DISPERSION_MUNICIPIO (IDMUNICIPIO, MUNICIPIO_S, FCM_CONTRAVENCIONAL_S, CONCES_CONTRAVENCIONAL_S, ACUERDOPAGO_S, MUNICIPIO_P, FCM_CONTRAVENCIONAL_P, CONCES_CONTRAVENCIONAL_P, ACUERDOPAGO_P)
values ('20228000', 90, 0, 0, 0, 45, 0, 0, 0);
insert into P_DISPERSION_MUNICIPIO (IDMUNICIPIO, MUNICIPIO_S, FCM_CONTRAVENCIONAL_S, CONCES_CONTRAVENCIONAL_S, ACUERDOPAGO_S, MUNICIPIO_P, FCM_CONTRAVENCIONAL_P, CONCES_CONTRAVENCIONAL_P, ACUERDOPAGO_P)
values ('20517000', 90, 0, 0, 0, 45, 0, 0, 0);
insert into P_DISPERSION_MUNICIPIO (IDMUNICIPIO, MUNICIPIO_S, FCM_CONTRAVENCIONAL_S, CONCES_CONTRAVENCIONAL_S, ACUERDOPAGO_S, MUNICIPIO_P, FCM_CONTRAVENCIONAL_P, CONCES_CONTRAVENCIONAL_P, ACUERDOPAGO_P)
values ('20621000', 90, 0, 0, 0, 45, 0, 0, 0);
insert into P_DISPERSION_MUNICIPIO (IDMUNICIPIO, MUNICIPIO_S, FCM_CONTRAVENCIONAL_S, CONCES_CONTRAVENCIONAL_S, ACUERDOPAGO_S, MUNICIPIO_P, FCM_CONTRAVENCIONAL_P, CONCES_CONTRAVENCIONAL_P, ACUERDOPAGO_P)
values ('20710000', 90, 0, 0, 0, 45, 0, 0, 0);
insert into P_DISPERSION_MUNICIPIO (IDMUNICIPIO, MUNICIPIO_S, FCM_CONTRAVENCIONAL_S, CONCES_CONTRAVENCIONAL_S, ACUERDOPAGO_S, MUNICIPIO_P, FCM_CONTRAVENCIONAL_P, CONCES_CONTRAVENCIONAL_P, ACUERDOPAGO_P)
values ('23000000', 90, 0, 0, 0, 45, 0, 0, 0);
insert into P_DISPERSION_MUNICIPIO (IDMUNICIPIO, MUNICIPIO_S, FCM_CONTRAVENCIONAL_S, CONCES_CONTRAVENCIONAL_S, ACUERDOPAGO_S, MUNICIPIO_P, FCM_CONTRAVENCIONAL_P, CONCES_CONTRAVENCIONAL_P, ACUERDOPAGO_P)
values ('23001000', 90, 0, 0, 0, 45, 0, 0, 0);
insert into P_DISPERSION_MUNICIPIO (IDMUNICIPIO, MUNICIPIO_S, FCM_CONTRAVENCIONAL_S, CONCES_CONTRAVENCIONAL_S, ACUERDOPAGO_S, MUNICIPIO_P, FCM_CONTRAVENCIONAL_P, CONCES_CONTRAVENCIONAL_P, ACUERDOPAGO_P)
values ('23162000', 90, 0, 0, 0, 45, 0, 0, 0);
insert into P_DISPERSION_MUNICIPIO (IDMUNICIPIO, MUNICIPIO_S, FCM_CONTRAVENCIONAL_S, CONCES_CONTRAVENCIONAL_S, ACUERDOPAGO_S, MUNICIPIO_P, FCM_CONTRAVENCIONAL_P, CONCES_CONTRAVENCIONAL_P, ACUERDOPAGO_P)
values ('23417000', 90, 0, 0, 0, 45, 0, 0, 0);
insert into P_DISPERSION_MUNICIPIO (IDMUNICIPIO, MUNICIPIO_S, FCM_CONTRAVENCIONAL_S, CONCES_CONTRAVENCIONAL_S, ACUERDOPAGO_S, MUNICIPIO_P, FCM_CONTRAVENCIONAL_P, CONCES_CONTRAVENCIONAL_P, ACUERDOPAGO_P)
values ('23555000', 90, 0, 0, 0, 45, 0, 0, 0);
insert into P_DISPERSION_MUNICIPIO (IDMUNICIPIO, MUNICIPIO_S, FCM_CONTRAVENCIONAL_S, CONCES_CONTRAVENCIONAL_S, ACUERDOPAGO_S, MUNICIPIO_P, FCM_CONTRAVENCIONAL_P, CONCES_CONTRAVENCIONAL_P, ACUERDOPAGO_P)
values ('23660000', 90, 0, 0, 0, 45, 0, 0, 0);
insert into P_DISPERSION_MUNICIPIO (IDMUNICIPIO, MUNICIPIO_S, FCM_CONTRAVENCIONAL_S, CONCES_CONTRAVENCIONAL_S, ACUERDOPAGO_S, MUNICIPIO_P, FCM_CONTRAVENCIONAL_P, CONCES_CONTRAVENCIONAL_P, ACUERDOPAGO_P)
values ('25000000', 90, 0, 0, 0, 45, 0, 0, 0);
insert into P_DISPERSION_MUNICIPIO (IDMUNICIPIO, MUNICIPIO_S, FCM_CONTRAVENCIONAL_S, CONCES_CONTRAVENCIONAL_S, ACUERDOPAGO_S, MUNICIPIO_P, FCM_CONTRAVENCIONAL_P, CONCES_CONTRAVENCIONAL_P, ACUERDOPAGO_P)
values ('25151000', 90, 0, 0, 0, 45, 0, 0, 0);
insert into P_DISPERSION_MUNICIPIO (IDMUNICIPIO, MUNICIPIO_S, FCM_CONTRAVENCIONAL_S, CONCES_CONTRAVENCIONAL_S, ACUERDOPAGO_S, MUNICIPIO_P, FCM_CONTRAVENCIONAL_P, CONCES_CONTRAVENCIONAL_P, ACUERDOPAGO_P)
values ('25175000', 90, 0, 0, 0, 45, 0, 0, 0);
insert into P_DISPERSION_MUNICIPIO (IDMUNICIPIO, MUNICIPIO_S, FCM_CONTRAVENCIONAL_S, CONCES_CONTRAVENCIONAL_S, ACUERDOPAGO_S, MUNICIPIO_P, FCM_CONTRAVENCIONAL_P, CONCES_CONTRAVENCIONAL_P, ACUERDOPAGO_P)
values ('25183000', 90, 0, 0, 0, 45, 0, 0, 0);
insert into P_DISPERSION_MUNICIPIO (IDMUNICIPIO, MUNICIPIO_S, FCM_CONTRAVENCIONAL_S, CONCES_CONTRAVENCIONAL_S, ACUERDOPAGO_S, MUNICIPIO_P, FCM_CONTRAVENCIONAL_P, CONCES_CONTRAVENCIONAL_P, ACUERDOPAGO_P)
values ('25214000', 90, 0, 0, 0, 45, 0, 0, 0);
insert into P_DISPERSION_MUNICIPIO (IDMUNICIPIO, MUNICIPIO_S, FCM_CONTRAVENCIONAL_S, CONCES_CONTRAVENCIONAL_S, ACUERDOPAGO_S, MUNICIPIO_P, FCM_CONTRAVENCIONAL_P, CONCES_CONTRAVENCIONAL_P, ACUERDOPAGO_P)
values ('25260000', 90, 0, 0, 0, 45, 0, 0, 0);
insert into P_DISPERSION_MUNICIPIO (IDMUNICIPIO, MUNICIPIO_S, FCM_CONTRAVENCIONAL_S, CONCES_CONTRAVENCIONAL_S, ACUERDOPAGO_S, MUNICIPIO_P, FCM_CONTRAVENCIONAL_P, CONCES_CONTRAVENCIONAL_P, ACUERDOPAGO_P)
values ('25269000', 90, 0, 0, 0, 45, 0, 0, 0);
insert into P_DISPERSION_MUNICIPIO (IDMUNICIPIO, MUNICIPIO_S, FCM_CONTRAVENCIONAL_S, CONCES_CONTRAVENCIONAL_S, ACUERDOPAGO_S, MUNICIPIO_P, FCM_CONTRAVENCIONAL_P, CONCES_CONTRAVENCIONAL_P, ACUERDOPAGO_P)
values ('25290000', 0, 0, 0, 90, 0, 0, 0, 45);
insert into P_DISPERSION_MUNICIPIO (IDMUNICIPIO, MUNICIPIO_S, FCM_CONTRAVENCIONAL_S, CONCES_CONTRAVENCIONAL_S, ACUERDOPAGO_S, MUNICIPIO_P, FCM_CONTRAVENCIONAL_P, CONCES_CONTRAVENCIONAL_P, ACUERDOPAGO_P)
values ('25307000', 90, 0, 0, 0, 45, 0, 0, 0);
insert into P_DISPERSION_MUNICIPIO (IDMUNICIPIO, MUNICIPIO_S, FCM_CONTRAVENCIONAL_S, CONCES_CONTRAVENCIONAL_S, ACUERDOPAGO_S, MUNICIPIO_P, FCM_CONTRAVENCIONAL_P, CONCES_CONTRAVENCIONAL_P, ACUERDOPAGO_P)
values ('25335000', 90, 0, 0, 0, 45, 0, 0, 0);
insert into P_DISPERSION_MUNICIPIO (IDMUNICIPIO, MUNICIPIO_S, FCM_CONTRAVENCIONAL_S, CONCES_CONTRAVENCIONAL_S, ACUERDOPAGO_S, MUNICIPIO_P, FCM_CONTRAVENCIONAL_P, CONCES_CONTRAVENCIONAL_P, ACUERDOPAGO_P)
values ('25377000', 90, 0, 0, 0, 45, 0, 0, 0);
insert into P_DISPERSION_MUNICIPIO (IDMUNICIPIO, MUNICIPIO_S, FCM_CONTRAVENCIONAL_S, CONCES_CONTRAVENCIONAL_S, ACUERDOPAGO_S, MUNICIPIO_P, FCM_CONTRAVENCIONAL_P, CONCES_CONTRAVENCIONAL_P, ACUERDOPAGO_P)
values ('25473000', 90, 0, 0, 0, 45, 0, 0, 0);
insert into P_DISPERSION_MUNICIPIO (IDMUNICIPIO, MUNICIPIO_S, FCM_CONTRAVENCIONAL_S, CONCES_CONTRAVENCIONAL_S, ACUERDOPAGO_S, MUNICIPIO_P, FCM_CONTRAVENCIONAL_P, CONCES_CONTRAVENCIONAL_P, ACUERDOPAGO_P)
values ('25513000', 90, 0, 0, 0, 45, 0, 0, 0);
insert into P_DISPERSION_MUNICIPIO (IDMUNICIPIO, MUNICIPIO_S, FCM_CONTRAVENCIONAL_S, CONCES_CONTRAVENCIONAL_S, ACUERDOPAGO_S, MUNICIPIO_P, FCM_CONTRAVENCIONAL_P, CONCES_CONTRAVENCIONAL_P, ACUERDOPAGO_P)
values ('25572000', 90, 0, 0, 0, 45, 0, 0, 0);
insert into P_DISPERSION_MUNICIPIO (IDMUNICIPIO, MUNICIPIO_S, FCM_CONTRAVENCIONAL_S, CONCES_CONTRAVENCIONAL_S, ACUERDOPAGO_S, MUNICIPIO_P, FCM_CONTRAVENCIONAL_P, CONCES_CONTRAVENCIONAL_P, ACUERDOPAGO_P)
values ('25612000', 90, 0, 0, 0, 45, 0, 0, 0);
insert into P_DISPERSION_MUNICIPIO (IDMUNICIPIO, MUNICIPIO_S, FCM_CONTRAVENCIONAL_S, CONCES_CONTRAVENCIONAL_S, ACUERDOPAGO_S, MUNICIPIO_P, FCM_CONTRAVENCIONAL_P, CONCES_CONTRAVENCIONAL_P, ACUERDOPAGO_P)
values ('25754000', 90, 0, 0, 0, 45, 0, 0, 0);
insert into P_DISPERSION_MUNICIPIO (IDMUNICIPIO, MUNICIPIO_S, FCM_CONTRAVENCIONAL_S, CONCES_CONTRAVENCIONAL_S, ACUERDOPAGO_S, MUNICIPIO_P, FCM_CONTRAVENCIONAL_P, CONCES_CONTRAVENCIONAL_P, ACUERDOPAGO_P)
values ('25843000', 90, 0, 0, 0, 45, 0, 0, 0);
insert into P_DISPERSION_MUNICIPIO (IDMUNICIPIO, MUNICIPIO_S, FCM_CONTRAVENCIONAL_S, CONCES_CONTRAVENCIONAL_S, ACUERDOPAGO_S, MUNICIPIO_P, FCM_CONTRAVENCIONAL_P, CONCES_CONTRAVENCIONAL_P, ACUERDOPAGO_P)
values ('25875000', 90, 0, 0, 0, 45, 0, 0, 0);
insert into P_DISPERSION_MUNICIPIO (IDMUNICIPIO, MUNICIPIO_S, FCM_CONTRAVENCIONAL_S, CONCES_CONTRAVENCIONAL_S, ACUERDOPAGO_S, MUNICIPIO_P, FCM_CONTRAVENCIONAL_P, CONCES_CONTRAVENCIONAL_P, ACUERDOPAGO_P)
values ('25899000', 90, 0, 0, 0, 45, 0, 0, 0);
insert into P_DISPERSION_MUNICIPIO (IDMUNICIPIO, MUNICIPIO_S, FCM_CONTRAVENCIONAL_S, CONCES_CONTRAVENCIONAL_S, ACUERDOPAGO_S, MUNICIPIO_P, FCM_CONTRAVENCIONAL_P, CONCES_CONTRAVENCIONAL_P, ACUERDOPAGO_P)
values ('27000000', 90, 0, 0, 0, 45, 0, 0, 0);
insert into P_DISPERSION_MUNICIPIO (IDMUNICIPIO, MUNICIPIO_S, FCM_CONTRAVENCIONAL_S, CONCES_CONTRAVENCIONAL_S, ACUERDOPAGO_S, MUNICIPIO_P, FCM_CONTRAVENCIONAL_P, CONCES_CONTRAVENCIONAL_P, ACUERDOPAGO_P)
values ('27001000', 90, 0, 0, 0, 45, 0, 0, 0);
insert into P_DISPERSION_MUNICIPIO (IDMUNICIPIO, MUNICIPIO_S, FCM_CONTRAVENCIONAL_S, CONCES_CONTRAVENCIONAL_S, ACUERDOPAGO_S, MUNICIPIO_P, FCM_CONTRAVENCIONAL_P, CONCES_CONTRAVENCIONAL_P, ACUERDOPAGO_P)
values ('41000000', 90, 0, 0, 0, 45, 0, 0, 0);
insert into P_DISPERSION_MUNICIPIO (IDMUNICIPIO, MUNICIPIO_S, FCM_CONTRAVENCIONAL_S, CONCES_CONTRAVENCIONAL_S, ACUERDOPAGO_S, MUNICIPIO_P, FCM_CONTRAVENCIONAL_P, CONCES_CONTRAVENCIONAL_P, ACUERDOPAGO_P)
values ('41001000', 0, 0, 0, 90, 0, 0, 0, 45);
insert into P_DISPERSION_MUNICIPIO (IDMUNICIPIO, MUNICIPIO_S, FCM_CONTRAVENCIONAL_S, CONCES_CONTRAVENCIONAL_S, ACUERDOPAGO_S, MUNICIPIO_P, FCM_CONTRAVENCIONAL_P, CONCES_CONTRAVENCIONAL_P, ACUERDOPAGO_P)
values ('41016000', 90, 0, 0, 0, 45, 0, 0, 0);
insert into P_DISPERSION_MUNICIPIO (IDMUNICIPIO, MUNICIPIO_S, FCM_CONTRAVENCIONAL_S, CONCES_CONTRAVENCIONAL_S, ACUERDOPAGO_S, MUNICIPIO_P, FCM_CONTRAVENCIONAL_P, CONCES_CONTRAVENCIONAL_P, ACUERDOPAGO_P)
values ('41132000', 90, 0, 0, 0, 45, 0, 0, 0);
insert into P_DISPERSION_MUNICIPIO (IDMUNICIPIO, MUNICIPIO_S, FCM_CONTRAVENCIONAL_S, CONCES_CONTRAVENCIONAL_S, ACUERDOPAGO_S, MUNICIPIO_P, FCM_CONTRAVENCIONAL_P, CONCES_CONTRAVENCIONAL_P, ACUERDOPAGO_P)
values ('41298000', 90, 0, 0, 0, 45, 0, 0, 0);
insert into P_DISPERSION_MUNICIPIO (IDMUNICIPIO, MUNICIPIO_S, FCM_CONTRAVENCIONAL_S, CONCES_CONTRAVENCIONAL_S, ACUERDOPAGO_S, MUNICIPIO_P, FCM_CONTRAVENCIONAL_P, CONCES_CONTRAVENCIONAL_P, ACUERDOPAGO_P)
values ('41319000', 90, 0, 0, 0, 45, 0, 0, 0);
insert into P_DISPERSION_MUNICIPIO (IDMUNICIPIO, MUNICIPIO_S, FCM_CONTRAVENCIONAL_S, CONCES_CONTRAVENCIONAL_S, ACUERDOPAGO_S, MUNICIPIO_P, FCM_CONTRAVENCIONAL_P, CONCES_CONTRAVENCIONAL_P, ACUERDOPAGO_P)
values ('41396000', 90, 0, 0, 0, 45, 0, 0, 0);
insert into P_DISPERSION_MUNICIPIO (IDMUNICIPIO, MUNICIPIO_S, FCM_CONTRAVENCIONAL_S, CONCES_CONTRAVENCIONAL_S, ACUERDOPAGO_S, MUNICIPIO_P, FCM_CONTRAVENCIONAL_P, CONCES_CONTRAVENCIONAL_P, ACUERDOPAGO_P)
values ('41524000', 90, 0, 0, 0, 45, 0, 0, 0);
insert into P_DISPERSION_MUNICIPIO (IDMUNICIPIO, MUNICIPIO_S, FCM_CONTRAVENCIONAL_S, CONCES_CONTRAVENCIONAL_S, ACUERDOPAGO_S, MUNICIPIO_P, FCM_CONTRAVENCIONAL_P, CONCES_CONTRAVENCIONAL_P, ACUERDOPAGO_P)
values ('41551000', 90, 0, 0, 0, 45, 0, 0, 0);
insert into P_DISPERSION_MUNICIPIO (IDMUNICIPIO, MUNICIPIO_S, FCM_CONTRAVENCIONAL_S, CONCES_CONTRAVENCIONAL_S, ACUERDOPAGO_S, MUNICIPIO_P, FCM_CONTRAVENCIONAL_P, CONCES_CONTRAVENCIONAL_P, ACUERDOPAGO_P)
values ('41791000', 90, 0, 0, 0, 45, 0, 0, 0);
insert into P_DISPERSION_MUNICIPIO (IDMUNICIPIO, MUNICIPIO_S, FCM_CONTRAVENCIONAL_S, CONCES_CONTRAVENCIONAL_S, ACUERDOPAGO_S, MUNICIPIO_P, FCM_CONTRAVENCIONAL_P, CONCES_CONTRAVENCIONAL_P, ACUERDOPAGO_P)
values ('41807000', 90, 0, 0, 0, 45, 0, 0, 0);
insert into P_DISPERSION_MUNICIPIO (IDMUNICIPIO, MUNICIPIO_S, FCM_CONTRAVENCIONAL_S, CONCES_CONTRAVENCIONAL_S, ACUERDOPAGO_S, MUNICIPIO_P, FCM_CONTRAVENCIONAL_P, CONCES_CONTRAVENCIONAL_P, ACUERDOPAGO_P)
values ('44000000', 90, 0, 0, 0, 45, 0, 0, 0);
insert into P_DISPERSION_MUNICIPIO (IDMUNICIPIO, MUNICIPIO_S, FCM_CONTRAVENCIONAL_S, CONCES_CONTRAVENCIONAL_S, ACUERDOPAGO_S, MUNICIPIO_P, FCM_CONTRAVENCIONAL_P, CONCES_CONTRAVENCIONAL_P, ACUERDOPAGO_P)
values ('44001000', 90, 0, 0, 0, 45, 0, 0, 0);
insert into P_DISPERSION_MUNICIPIO (IDMUNICIPIO, MUNICIPIO_S, FCM_CONTRAVENCIONAL_S, CONCES_CONTRAVENCIONAL_S, ACUERDOPAGO_S, MUNICIPIO_P, FCM_CONTRAVENCIONAL_P, CONCES_CONTRAVENCIONAL_P, ACUERDOPAGO_P)
values ('47001000', 90, 0, 0, 0, 45, 0, 0, 0);
insert into P_DISPERSION_MUNICIPIO (IDMUNICIPIO, MUNICIPIO_S, FCM_CONTRAVENCIONAL_S, CONCES_CONTRAVENCIONAL_S, ACUERDOPAGO_S, MUNICIPIO_P, FCM_CONTRAVENCIONAL_P, CONCES_CONTRAVENCIONAL_P, ACUERDOPAGO_P)
values ('47053000', 90, 0, 0, 0, 45, 0, 0, 0);
commit;
prompt 300 records committed...
insert into P_DISPERSION_MUNICIPIO (IDMUNICIPIO, MUNICIPIO_S, FCM_CONTRAVENCIONAL_S, CONCES_CONTRAVENCIONAL_S, ACUERDOPAGO_S, MUNICIPIO_P, FCM_CONTRAVENCIONAL_P, CONCES_CONTRAVENCIONAL_P, ACUERDOPAGO_P)
values ('47189000', 90, 0, 0, 0, 45, 0, 0, 0);
insert into P_DISPERSION_MUNICIPIO (IDMUNICIPIO, MUNICIPIO_S, FCM_CONTRAVENCIONAL_S, CONCES_CONTRAVENCIONAL_S, ACUERDOPAGO_S, MUNICIPIO_P, FCM_CONTRAVENCIONAL_P, CONCES_CONTRAVENCIONAL_P, ACUERDOPAGO_P)
values ('47245000', 90, 0, 0, 0, 45, 0, 0, 0);
insert into P_DISPERSION_MUNICIPIO (IDMUNICIPIO, MUNICIPIO_S, FCM_CONTRAVENCIONAL_S, CONCES_CONTRAVENCIONAL_S, ACUERDOPAGO_S, MUNICIPIO_P, FCM_CONTRAVENCIONAL_P, CONCES_CONTRAVENCIONAL_P, ACUERDOPAGO_P)
values ('47288000', 90, 0, 0, 0, 45, 0, 0, 0);
insert into P_DISPERSION_MUNICIPIO (IDMUNICIPIO, MUNICIPIO_S, FCM_CONTRAVENCIONAL_S, CONCES_CONTRAVENCIONAL_S, ACUERDOPAGO_S, MUNICIPIO_P, FCM_CONTRAVENCIONAL_P, CONCES_CONTRAVENCIONAL_P, ACUERDOPAGO_P)
values ('47555000', 90, 0, 0, 0, 45, 0, 0, 0);
insert into P_DISPERSION_MUNICIPIO (IDMUNICIPIO, MUNICIPIO_S, FCM_CONTRAVENCIONAL_S, CONCES_CONTRAVENCIONAL_S, ACUERDOPAGO_S, MUNICIPIO_P, FCM_CONTRAVENCIONAL_P, CONCES_CONTRAVENCIONAL_P, ACUERDOPAGO_P)
values ('50000000', 90, 0, 0, 0, 45, 0, 0, 0);
insert into P_DISPERSION_MUNICIPIO (IDMUNICIPIO, MUNICIPIO_S, FCM_CONTRAVENCIONAL_S, CONCES_CONTRAVENCIONAL_S, ACUERDOPAGO_S, MUNICIPIO_P, FCM_CONTRAVENCIONAL_P, CONCES_CONTRAVENCIONAL_P, ACUERDOPAGO_P)
values ('50001000', 90, 0, 0, 0, 45, 0, 0, 0);
insert into P_DISPERSION_MUNICIPIO (IDMUNICIPIO, MUNICIPIO_S, FCM_CONTRAVENCIONAL_S, CONCES_CONTRAVENCIONAL_S, ACUERDOPAGO_S, MUNICIPIO_P, FCM_CONTRAVENCIONAL_P, CONCES_CONTRAVENCIONAL_P, ACUERDOPAGO_P)
values ('50006000', 90, 0, 0, 0, 45, 0, 0, 0);
insert into P_DISPERSION_MUNICIPIO (IDMUNICIPIO, MUNICIPIO_S, FCM_CONTRAVENCIONAL_S, CONCES_CONTRAVENCIONAL_S, ACUERDOPAGO_S, MUNICIPIO_P, FCM_CONTRAVENCIONAL_P, CONCES_CONTRAVENCIONAL_P, ACUERDOPAGO_P)
values ('50313000', 90, 0, 0, 0, 45, 0, 0, 0);
insert into P_DISPERSION_MUNICIPIO (IDMUNICIPIO, MUNICIPIO_S, FCM_CONTRAVENCIONAL_S, CONCES_CONTRAVENCIONAL_S, ACUERDOPAGO_S, MUNICIPIO_P, FCM_CONTRAVENCIONAL_P, CONCES_CONTRAVENCIONAL_P, ACUERDOPAGO_P)
values ('50606000', 90, 0, 0, 0, 45, 0, 0, 0);
insert into P_DISPERSION_MUNICIPIO (IDMUNICIPIO, MUNICIPIO_S, FCM_CONTRAVENCIONAL_S, CONCES_CONTRAVENCIONAL_S, ACUERDOPAGO_S, MUNICIPIO_P, FCM_CONTRAVENCIONAL_P, CONCES_CONTRAVENCIONAL_P, ACUERDOPAGO_P)
values ('52000000', 90, 0, 0, 0, 45, 0, 0, 0);
insert into P_DISPERSION_MUNICIPIO (IDMUNICIPIO, MUNICIPIO_S, FCM_CONTRAVENCIONAL_S, CONCES_CONTRAVENCIONAL_S, ACUERDOPAGO_S, MUNICIPIO_P, FCM_CONTRAVENCIONAL_P, CONCES_CONTRAVENCIONAL_P, ACUERDOPAGO_P)
values ('52001000', 90, 0, 0, 0, 45, 0, 0, 0);
insert into P_DISPERSION_MUNICIPIO (IDMUNICIPIO, MUNICIPIO_S, FCM_CONTRAVENCIONAL_S, CONCES_CONTRAVENCIONAL_S, ACUERDOPAGO_S, MUNICIPIO_P, FCM_CONTRAVENCIONAL_P, CONCES_CONTRAVENCIONAL_P, ACUERDOPAGO_P)
values ('52356000', 90, 0, 0, 0, 45, 0, 0, 0);
insert into P_DISPERSION_MUNICIPIO (IDMUNICIPIO, MUNICIPIO_S, FCM_CONTRAVENCIONAL_S, CONCES_CONTRAVENCIONAL_S, ACUERDOPAGO_S, MUNICIPIO_P, FCM_CONTRAVENCIONAL_P, CONCES_CONTRAVENCIONAL_P, ACUERDOPAGO_P)
values ('52480000', 90, 0, 0, 0, 45, 0, 0, 0);
insert into P_DISPERSION_MUNICIPIO (IDMUNICIPIO, MUNICIPIO_S, FCM_CONTRAVENCIONAL_S, CONCES_CONTRAVENCIONAL_S, ACUERDOPAGO_S, MUNICIPIO_P, FCM_CONTRAVENCIONAL_P, CONCES_CONTRAVENCIONAL_P, ACUERDOPAGO_P)
values ('52835000', 90, 0, 0, 0, 45, 0, 0, 0);
insert into P_DISPERSION_MUNICIPIO (IDMUNICIPIO, MUNICIPIO_S, FCM_CONTRAVENCIONAL_S, CONCES_CONTRAVENCIONAL_S, ACUERDOPAGO_S, MUNICIPIO_P, FCM_CONTRAVENCIONAL_P, CONCES_CONTRAVENCIONAL_P, ACUERDOPAGO_P)
values ('52838000', 90, 0, 0, 0, 45, 0, 0, 0);
insert into P_DISPERSION_MUNICIPIO (IDMUNICIPIO, MUNICIPIO_S, FCM_CONTRAVENCIONAL_S, CONCES_CONTRAVENCIONAL_S, ACUERDOPAGO_S, MUNICIPIO_P, FCM_CONTRAVENCIONAL_P, CONCES_CONTRAVENCIONAL_P, ACUERDOPAGO_P)
values ('54001000', 90, 0, 0, 0, 45, 0, 0, 0);
insert into P_DISPERSION_MUNICIPIO (IDMUNICIPIO, MUNICIPIO_S, FCM_CONTRAVENCIONAL_S, CONCES_CONTRAVENCIONAL_S, ACUERDOPAGO_S, MUNICIPIO_P, FCM_CONTRAVENCIONAL_P, CONCES_CONTRAVENCIONAL_P, ACUERDOPAGO_P)
values ('54003000', 90, 0, 0, 0, 45, 0, 0, 0);
insert into P_DISPERSION_MUNICIPIO (IDMUNICIPIO, MUNICIPIO_S, FCM_CONTRAVENCIONAL_S, CONCES_CONTRAVENCIONAL_S, ACUERDOPAGO_S, MUNICIPIO_P, FCM_CONTRAVENCIONAL_P, CONCES_CONTRAVENCIONAL_P, ACUERDOPAGO_P)
values ('54206000', 90, 0, 0, 0, 45, 0, 0, 0);
insert into P_DISPERSION_MUNICIPIO (IDMUNICIPIO, MUNICIPIO_S, FCM_CONTRAVENCIONAL_S, CONCES_CONTRAVENCIONAL_S, ACUERDOPAGO_S, MUNICIPIO_P, FCM_CONTRAVENCIONAL_P, CONCES_CONTRAVENCIONAL_P, ACUERDOPAGO_P)
values ('54261000', 90, 0, 0, 0, 45, 0, 0, 0);
insert into P_DISPERSION_MUNICIPIO (IDMUNICIPIO, MUNICIPIO_S, FCM_CONTRAVENCIONAL_S, CONCES_CONTRAVENCIONAL_S, ACUERDOPAGO_S, MUNICIPIO_P, FCM_CONTRAVENCIONAL_P, CONCES_CONTRAVENCIONAL_P, ACUERDOPAGO_P)
values ('54405000', 90, 0, 0, 0, 45, 0, 0, 0);
insert into P_DISPERSION_MUNICIPIO (IDMUNICIPIO, MUNICIPIO_S, FCM_CONTRAVENCIONAL_S, CONCES_CONTRAVENCIONAL_S, ACUERDOPAGO_S, MUNICIPIO_P, FCM_CONTRAVENCIONAL_P, CONCES_CONTRAVENCIONAL_P, ACUERDOPAGO_P)
values ('15469000', 90, 0, 0, 0, 45, 0, 0, 0);
insert into P_DISPERSION_MUNICIPIO (IDMUNICIPIO, MUNICIPIO_S, FCM_CONTRAVENCIONAL_S, CONCES_CONTRAVENCIONAL_S, ACUERDOPAGO_S, MUNICIPIO_P, FCM_CONTRAVENCIONAL_P, CONCES_CONTRAVENCIONAL_P, ACUERDOPAGO_P)
values ('66440000', 90, 0, 0, 0, 45, 0, 0, 0);
insert into P_DISPERSION_MUNICIPIO (IDMUNICIPIO, MUNICIPIO_S, FCM_CONTRAVENCIONAL_S, CONCES_CONTRAVENCIONAL_S, ACUERDOPAGO_S, MUNICIPIO_P, FCM_CONTRAVENCIONAL_P, CONCES_CONTRAVENCIONAL_P, ACUERDOPAGO_P)
values ('19212000', 90, 0, 0, 0, 45, 0, 0, 0);
insert into P_DISPERSION_MUNICIPIO (IDMUNICIPIO, MUNICIPIO_S, FCM_CONTRAVENCIONAL_S, CONCES_CONTRAVENCIONAL_S, ACUERDOPAGO_S, MUNICIPIO_P, FCM_CONTRAVENCIONAL_P, CONCES_CONTRAVENCIONAL_P, ACUERDOPAGO_P)
values ('66318000', 90, 0, 0, 0, 45, 0, 0, 0);
insert into P_DISPERSION_MUNICIPIO (IDMUNICIPIO, MUNICIPIO_S, FCM_CONTRAVENCIONAL_S, CONCES_CONTRAVENCIONAL_S, ACUERDOPAGO_S, MUNICIPIO_P, FCM_CONTRAVENCIONAL_P, CONCES_CONTRAVENCIONAL_P, ACUERDOPAGO_P)
values ('15131000', 90, 0, 0, 0, 45, 0, 0, 0);
insert into P_DISPERSION_MUNICIPIO (IDMUNICIPIO, MUNICIPIO_S, FCM_CONTRAVENCIONAL_S, CONCES_CONTRAVENCIONAL_S, ACUERDOPAGO_S, MUNICIPIO_P, FCM_CONTRAVENCIONAL_P, CONCES_CONTRAVENCIONAL_P, ACUERDOPAGO_P)
values ('08001001', 90, 0, 0, 0, 45, 0, 0, 0);
insert into P_DISPERSION_MUNICIPIO (IDMUNICIPIO, MUNICIPIO_S, FCM_CONTRAVENCIONAL_S, CONCES_CONTRAVENCIONAL_S, ACUERDOPAGO_S, MUNICIPIO_P, FCM_CONTRAVENCIONAL_P, CONCES_CONTRAVENCIONAL_P, ACUERDOPAGO_P)
values ('05038000', 90, 0, 0, 0, 45, 0, 0, 0);
insert into P_DISPERSION_MUNICIPIO (IDMUNICIPIO, MUNICIPIO_S, FCM_CONTRAVENCIONAL_S, CONCES_CONTRAVENCIONAL_S, ACUERDOPAGO_S, MUNICIPIO_P, FCM_CONTRAVENCIONAL_P, CONCES_CONTRAVENCIONAL_P, ACUERDOPAGO_P)
values ('05380000', 90, 0, 0, 0, 45, 0, 0, 0);
insert into P_DISPERSION_MUNICIPIO (IDMUNICIPIO, MUNICIPIO_S, FCM_CONTRAVENCIONAL_S, CONCES_CONTRAVENCIONAL_S, ACUERDOPAGO_S, MUNICIPIO_P, FCM_CONTRAVENCIONAL_P, CONCES_CONTRAVENCIONAL_P, ACUERDOPAGO_P)
values ('27361000', 90, 0, 0, 0, 45, 0, 0, 0);
insert into P_DISPERSION_MUNICIPIO (IDMUNICIPIO, MUNICIPIO_S, FCM_CONTRAVENCIONAL_S, CONCES_CONTRAVENCIONAL_S, ACUERDOPAGO_S, MUNICIPIO_P, FCM_CONTRAVENCIONAL_P, CONCES_CONTRAVENCIONAL_P, ACUERDOPAGO_P)
values ('76100000', 90, 0, 0, 0, 45, 0, 0, 0);
insert into P_DISPERSION_MUNICIPIO (IDMUNICIPIO, MUNICIPIO_S, FCM_CONTRAVENCIONAL_S, CONCES_CONTRAVENCIONAL_S, ACUERDOPAGO_S, MUNICIPIO_P, FCM_CONTRAVENCIONAL_P, CONCES_CONTRAVENCIONAL_P, ACUERDOPAGO_P)
values ('25286000', 90, 0, 0, 0, 45, 0, 0, 0);
insert into P_DISPERSION_MUNICIPIO (IDMUNICIPIO, MUNICIPIO_S, FCM_CONTRAVENCIONAL_S, CONCES_CONTRAVENCIONAL_S, ACUERDOPAGO_S, MUNICIPIO_P, FCM_CONTRAVENCIONAL_P, CONCES_CONTRAVENCIONAL_P, ACUERDOPAGO_P)
values ('95001000', 90, 0, 0, 0, 45, 0, 0, 0);
insert into P_DISPERSION_MUNICIPIO (IDMUNICIPIO, MUNICIPIO_S, FCM_CONTRAVENCIONAL_S, CONCES_CONTRAVENCIONAL_S, ACUERDOPAGO_S, MUNICIPIO_P, FCM_CONTRAVENCIONAL_P, CONCES_CONTRAVENCIONAL_P, ACUERDOPAGO_P)
values ('05091000', 90, 0, 0, 0, 45, 0, 0, 0);
insert into P_DISPERSION_MUNICIPIO (IDMUNICIPIO, MUNICIPIO_S, FCM_CONTRAVENCIONAL_S, CONCES_CONTRAVENCIONAL_S, ACUERDOPAGO_S, MUNICIPIO_P, FCM_CONTRAVENCIONAL_P, CONCES_CONTRAVENCIONAL_P, ACUERDOPAGO_P)
values ('05209000', 90, 0, 0, 0, 45, 0, 0, 0);
insert into P_DISPERSION_MUNICIPIO (IDMUNICIPIO, MUNICIPIO_S, FCM_CONTRAVENCIONAL_S, CONCES_CONTRAVENCIONAL_S, ACUERDOPAGO_S, MUNICIPIO_P, FCM_CONTRAVENCIONAL_P, CONCES_CONTRAVENCIONAL_P, ACUERDOPAGO_P)
values ('08141000', 90, 0, 0, 0, 45, 0, 0, 0);
insert into P_DISPERSION_MUNICIPIO (IDMUNICIPIO, MUNICIPIO_S, FCM_CONTRAVENCIONAL_S, CONCES_CONTRAVENCIONAL_S, ACUERDOPAGO_S, MUNICIPIO_P, FCM_CONTRAVENCIONAL_P, CONCES_CONTRAVENCIONAL_P, ACUERDOPAGO_P)
values ('13248000', 90, 0, 0, 0, 45, 0, 0, 0);
insert into P_DISPERSION_MUNICIPIO (IDMUNICIPIO, MUNICIPIO_S, FCM_CONTRAVENCIONAL_S, CONCES_CONTRAVENCIONAL_S, ACUERDOPAGO_S, MUNICIPIO_P, FCM_CONTRAVENCIONAL_P, CONCES_CONTRAVENCIONAL_P, ACUERDOPAGO_P)
values ('17442000', 90, 0, 0, 0, 45, 0, 0, 0);
commit;
prompt 337 records loaded
prompt Loading PERSON...
insert into PERSON (IDPERSON, NAMEPERSON, JOBTITLE, ENABLEPERSON, LASTUPDATE, MAIL, PASSWORD)
values (20995860, 'Clara Johanna Rivas Bernal', 'Asesora Financiera', 1, to_date('17-03-2010 10:39:16', 'dd-mm-yyyy hh24:mi:ss'), 'clara.rivas@fcm.org.co', 'hjaaebdj');
insert into PERSON (IDPERSON, NAMEPERSON, JOBTITLE, ENABLEPERSON, LASTUPDATE, MAIL, PASSWORD)
values (79938127, 'Ricardo Buitrago', 'Coordinador Procesos y Sistemas de Recaudo', 1, to_date('17-03-2010 10:39:26', 'dd-mm-yyyy hh24:mi:ss'), 'ricardo.buitrago@fcm.org.co', 'caagbihc');
insert into PERSON (IDPERSON, NAMEPERSON, JOBTITLE, ENABLEPERSON, LASTUPDATE, MAIL, PASSWORD)
values (11348169, 'Hugo Cendales', 'FasoftCol', 1, to_date('17-03-2010 10:39:36', 'dd-mm-yyyy hh24:mi:ss'), 'hugo_cendales@yahoo.com', 'iigfbida');
commit;
prompt 3 records loaded
prompt Loading ROL...
insert into ROL (ROLID, NAMEROL, ENABLEROL, ENABLEMOD)
values (1, 'Administrador', 1, 1);
insert into ROL (ROLID, NAMEROL, ENABLEROL, ENABLEMOD)
values (46, 'Sistemas', 1, 0);
insert into ROL (ROLID, NAMEROL, ENABLEROL, ENABLEMOD)
values (47, 'Financiero', 1, 0);
insert into ROL (ROLID, NAMEROL, ENABLEROL, ENABLEMOD)
values (169, 'Autorizacin', 1, 0);
insert into ROL (ROLID, NAMEROL, ENABLEROL, ENABLEMOD)
values (149, 'Interventora', 1, 0);
insert into ROL (ROLID, NAMEROL, ENABLEROL, ENABLEMOD)
values (189, 'Concesionario', 1, 0);
commit;
prompt 6 records loaded
prompt Loading ROLXPERSON...
insert into ROLXPERSON (ROLID, PERSONID)
values (1, 20995860);
insert into ROLXPERSON (ROLID, PERSONID)
values (1, 79938127);
insert into ROLXPERSON (ROLID, PERSONID)
values (1, 11348169);
insert into ROLXPERSON (ROLID, PERSONID)
values (47, 79558733);
insert into ROLXPERSON (ROLID, PERSONID)
values (47, 79749775);
insert into ROLXPERSON (ROLID, PERSONID)
values (149, 52821280);
insert into ROLXPERSON (ROLID, PERSONID)
values (149, 7560931);
insert into ROLXPERSON (ROLID, PERSONID)
values (189, 94381393);
insert into ROLXPERSON (ROLID, PERSONID)
values (189, 51624352);
insert into ROLXPERSON (ROLID, PERSONID)
values (169, 96359982);
insert into ROLXPERSON (ROLID, PERSONID)
values (47, 52502100);
insert into ROLXPERSON (ROLID, PERSONID)
values (149, 79356292);
insert into ROLXPERSON (ROLID, PERSONID)
values (47, 51830521);
insert into ROLXPERSON (ROLID, PERSONID)
values (189, 70503484);
insert into ROLXPERSON (ROLID, PERSONID)
values (189, 26428628);
insert into ROLXPERSON (ROLID, PERSONID)
values (189, 16936171);
insert into ROLXPERSON (ROLID, PERSONID)
values (189, 79047955);
insert into ROLXPERSON (ROLID, PERSONID)
values (47, 60318659);
commit;
prompt 18 records loaded
prompt Loading SALARIO_MINIMO...
insert into SALARIO_MINIMO (ANHO, VALOR)
values (2000, 4500);
insert into SALARIO_MINIMO (ANHO, VALOR)
values (2001, 4900);
insert into SALARIO_MINIMO (ANHO, VALOR)
values (2003, 5533);
insert into SALARIO_MINIMO (ANHO, VALOR)
values (2007, 7228);
insert into SALARIO_MINIMO (ANHO, VALOR)
values (2006, 6800);
insert into SALARIO_MINIMO (ANHO, VALOR)
values (2004, 5967);
insert into SALARIO_MINIMO (ANHO, VALOR)
values (2002, 5150);
insert into SALARIO_MINIMO (ANHO, VALOR)
values (2005, 6358);
insert into SALARIO_MINIMO (ANHO, VALOR)
values (2008, 7692);
insert into SALARIO_MINIMO (ANHO, VALOR)
values (2009, 8282);
insert into SALARIO_MINIMO (ANHO, VALOR)
values (2010, 8583);
commit;
prompt 11 records loaded
prompt Loading TERCERO...
insert into TERCERO (IDMUNICIPIO, NIT_T, NOMBRE, IDBANCO, TIPOCUENTA, CUENTA, BASE_S, BASE_P, IND_BASE, NUM_TERCERO, CORREOTERCERO)
values ('25151000', '8300317570', 'Datatools Cundinamarca', '50', 'AHO', '46066635', 26.7, 26.7, 3, 1, 'DatatoolsCundinamarca@gmail.com');
insert into TERCERO (IDMUNICIPIO, NIT_T, NOMBRE, IDBANCO, TIPOCUENTA, CUENTA, BASE_S, BASE_P, IND_BASE, NUM_TERCERO, CORREOTERCERO)
values ('25151000', '9000708887', 'Ut Siett Cundinamarca', '52', 'AHO', '086035847', 60, 60, 4, 2, 'UtSiettCundinamarca@gmail.com');
insert into TERCERO (IDMUNICIPIO, NIT_T, NOMBRE, IDBANCO, TIPOCUENTA, CUENTA, BASE_S, BASE_P, IND_BASE, NUM_TERCERO, CORREOTERCERO)
values ('25183000', '8300317570', 'Datatools Cundinamarca', '50', 'AHO', '46066635', 26.7, 26.7, 3, 1, 'DatatoolsCundinamarca@gmail.com');
insert into TERCERO (IDMUNICIPIO, NIT_T, NOMBRE, IDBANCO, TIPOCUENTA, CUENTA, BASE_S, BASE_P, IND_BASE, NUM_TERCERO, CORREOTERCERO)
values ('25183000', '9000708887', 'Ut Siett Cundinamarca', '52', 'AHO', '086035847', 60, 60, 4, 2, 'UtSiettCundinamarca@gmail.com');
insert into TERCERO (IDMUNICIPIO, NIT_T, NOMBRE, IDBANCO, TIPOCUENTA, CUENTA, BASE_S, BASE_P, IND_BASE, NUM_TERCERO, CORREOTERCERO)
values ('25214000', '8300317570', 'Datatools Cundinamarca', '50', 'AHO', '46066635', 26.7, 26.7, 3, 1, 'DatatoolsCundinamarca@gmail.com');
insert into TERCERO (IDMUNICIPIO, NIT_T, NOMBRE, IDBANCO, TIPOCUENTA, CUENTA, BASE_S, BASE_P, IND_BASE, NUM_TERCERO, CORREOTERCERO)
values ('25214000', '9000708887', 'Ut Siett Cundinamarca', '52', 'AHO', '086035847', 60, 60, 4, 2, 'UtSiettCundinamarca@gmail.com');
insert into TERCERO (IDMUNICIPIO, NIT_T, NOMBRE, IDBANCO, TIPOCUENTA, CUENTA, BASE_S, BASE_P, IND_BASE, NUM_TERCERO, CORREOTERCERO)
values ('25260000', '8300317570', 'Datatools Cundinamarca', '50', 'AHO', '46066635', 26.7, 26.7, 3, 1, 'DatatoolsCundinamarca@gmail.com');
insert into TERCERO (IDMUNICIPIO, NIT_T, NOMBRE, IDBANCO, TIPOCUENTA, CUENTA, BASE_S, BASE_P, IND_BASE, NUM_TERCERO, CORREOTERCERO)
values ('25260000', '9000708887', 'Ut Siett Cundinamarca', '52', 'AHO', '086035847', 60, 60, 4, 2, 'UtSiettCundinamarca@gmail.com');
insert into TERCERO (IDMUNICIPIO, NIT_T, NOMBRE, IDBANCO, TIPOCUENTA, CUENTA, BASE_S, BASE_P, IND_BASE, NUM_TERCERO, CORREOTERCERO)
values ('25377000', '8300317570', 'Datatools Cundinamarca', '50', 'AHO', '46066635', 26.7, 26.7, 3, 1, 'DatatoolsCundinamarca@gmail.com');
insert into TERCERO (IDMUNICIPIO, NIT_T, NOMBRE, IDBANCO, TIPOCUENTA, CUENTA, BASE_S, BASE_P, IND_BASE, NUM_TERCERO, CORREOTERCERO)
values ('25377000', '9000708887', 'Ut Siett Cundinamarca', '52', 'AHO', '086035847', 60, 60, 4, 2, 'UtSiettCundinamarca@gmail.com');
insert into TERCERO (IDMUNICIPIO, NIT_T, NOMBRE, IDBANCO, TIPOCUENTA, CUENTA, BASE_S, BASE_P, IND_BASE, NUM_TERCERO, CORREOTERCERO)
values ('25473000', '8300317570', 'Datatools Cundinamarca', '50', 'AHO', '46066635', 26.7, 26.7, 3, 1, 'DatatoolsCundinamarca@gmail.com');
insert into TERCERO (IDMUNICIPIO, NIT_T, NOMBRE, IDBANCO, TIPOCUENTA, CUENTA, BASE_S, BASE_P, IND_BASE, NUM_TERCERO, CORREOTERCERO)
values ('25473000', '9000708887', 'Ut Siett Cundinamarca', '52', 'AHO', '086035847', 60, 60, 4, 2, 'UtSiettCundinamarca@gmail.com');
insert into TERCERO (IDMUNICIPIO, NIT_T, NOMBRE, IDBANCO, TIPOCUENTA, CUENTA, BASE_S, BASE_P, IND_BASE, NUM_TERCERO, CORREOTERCERO)
values ('25612000', '8300317570', 'Datatools Cundinamarca', '50', 'AHO', '46066635', 26.7, 26.7, 3, 1, 'DatatoolsCundinamarca@gmail.com');
insert into TERCERO (IDMUNICIPIO, NIT_T, NOMBRE, IDBANCO, TIPOCUENTA, CUENTA, BASE_S, BASE_P, IND_BASE, NUM_TERCERO, CORREOTERCERO)
values ('25612000', '9000708887', 'Ut Siett Cundinamarca', '52', 'AHO', '086035847', 60, 60, 4, 2, 'UtSiettCundinamarca@gmail.com');
insert into TERCERO (IDMUNICIPIO, NIT_T, NOMBRE, IDBANCO, TIPOCUENTA, CUENTA, BASE_S, BASE_P, IND_BASE, NUM_TERCERO, CORREOTERCERO)
values ('25754000', '8300317570', 'Datatools Cundinamarca', '50', 'AHO', '46066635', 26.7, 26.7, 3, 1, 'DatatoolsCundinamarca@gmail.com');
insert into TERCERO (IDMUNICIPIO, NIT_T, NOMBRE, IDBANCO, TIPOCUENTA, CUENTA, BASE_S, BASE_P, IND_BASE, NUM_TERCERO, CORREOTERCERO)
values ('25754000', '9000708887', 'Ut Siett Cundinamarca', '52', 'AHO', '086035847', 60, 60, 4, 2, 'UtSiettCundinamarca@gmail.com');
insert into TERCERO (IDMUNICIPIO, NIT_T, NOMBRE, IDBANCO, TIPOCUENTA, CUENTA, BASE_S, BASE_P, IND_BASE, NUM_TERCERO, CORREOTERCERO)
values ('25875000', '8300317570', 'Datatools Cundinamarca', '50', 'AHO', '46066635', 26.7, 26.7, 3, 1, 'DatatoolsCundinamarca@gmail.com');
insert into TERCERO (IDMUNICIPIO, NIT_T, NOMBRE, IDBANCO, TIPOCUENTA, CUENTA, BASE_S, BASE_P, IND_BASE, NUM_TERCERO, CORREOTERCERO)
values ('25875000', '9000708887', 'Ut Siett Cundinamarca', '52', 'AHO', '086035847', 60, 60, 4, 2, 'UtSiettCundinamarca@gmail.com');
insert into TERCERO (IDMUNICIPIO, NIT_T, NOMBRE, IDBANCO, TIPOCUENTA, CUENTA, BASE_S, BASE_P, IND_BASE, NUM_TERCERO, CORREOTERCERO)
values ('25899000', '8300317570', 'Datatools Cundinamarca', '50', 'AHO', '46066635', 26.7, 26.7, 3, 1, 'DatatoolsCundinamarca@gmail.com');
insert into TERCERO (IDMUNICIPIO, NIT_T, NOMBRE, IDBANCO, TIPOCUENTA, CUENTA, BASE_S, BASE_P, IND_BASE, NUM_TERCERO, CORREOTERCERO)
values ('25899000', '9000708887', 'Ut Siett Cundinamarca', '52', 'AHO', '086035847', 60, 60, 4, 2, 'UtSiettCundinamarca@gmail.com');
insert into TERCERO (IDMUNICIPIO, NIT_T, NOMBRE, IDBANCO, TIPOCUENTA, CUENTA, BASE_S, BASE_P, IND_BASE, NUM_TERCERO, CORREOTERCERO)
values ('05088000', '9000643638', 'Transito Moderno Bello Ltda', '02', 'AHO', '220196132567', 54, 27, 1, 1, 'TransitoModernoBello@gmail.com');
insert into TERCERO (IDMUNICIPIO, NIT_T, NOMBRE, IDBANCO, TIPOCUENTA, CUENTA, BASE_S, BASE_P, IND_BASE, NUM_TERCERO, CORREOTERCERO)
values ('05615000', '8110227004', 'Cintra Rionegro', '02', 'AHO', '185720398', 36, 18, 1, 1, 'CintraRionegro@gmail.com');
insert into TERCERO (IDMUNICIPIO, NIT_T, NOMBRE, IDBANCO, TIPOCUENTA, CUENTA, BASE_S, BASE_P, IND_BASE, NUM_TERCERO, CORREOTERCERO)
values ('13001000', '8904801844', 'Ciruclemos Cartagena', '52', 'AHO', '807048798', 28.5, 28.5, 1, 1, 'CiruclemosCartagena@gmail.com');
insert into TERCERO (IDMUNICIPIO, NIT_T, NOMBRE, IDBANCO, TIPOCUENTA, CUENTA, BASE_S, BASE_P, IND_BASE, NUM_TERCERO, CORREOTERCERO)
values ('17001000', '9000687961', 'Infomanizales', '02', 'CTE', '110280301623', 63, 31.5, 1, 1, 'Infomanizales@gmail.com');
insert into TERCERO (IDMUNICIPIO, NIT_T, NOMBRE, IDBANCO, TIPOCUENTA, CUENTA, BASE_S, BASE_P, IND_BASE, NUM_TERCERO, CORREOTERCERO)
values ('25000000', '8300317570', 'Datatools Cundinamarca', '50', 'AHO', '46066635', 26.7, 26.7, 3, 1, 'DatatoolsCundinamarca@gmail.com');
insert into TERCERO (IDMUNICIPIO, NIT_T, NOMBRE, IDBANCO, TIPOCUENTA, CUENTA, BASE_S, BASE_P, IND_BASE, NUM_TERCERO, CORREOTERCERO)
values ('25000000', '9000708887', 'Ut Siett Cundinamarca', '52', 'AHO', '086035847', 60, 60, 4, 2, 'UtSiettCundinamarca@gmail.com');
insert into TERCERO (IDMUNICIPIO, NIT_T, NOMBRE, IDBANCO, TIPOCUENTA, CUENTA, BASE_S, BASE_P, IND_BASE, NUM_TERCERO, CORREOTERCERO)
values ('47189000', '9001177890', 'Sistemas Universales', '07', 'AHO', '91630441001', 100, 100, 2, 1, 'SistemasUniversales@fcm.org.co');
insert into TERCERO (IDMUNICIPIO, NIT_T, NOMBRE, IDBANCO, TIPOCUENTA, CUENTA, BASE_S, BASE_P, IND_BASE, NUM_TERCERO, CORREOTERCERO)
values ('70670000', '9000463577', 'CONSERCAR LTDA', '40', 'AHO', '463600016385', 100, 100, 2, 1, 'consercar@sampues.com.co');
commit;
prompt 28 records loaded
prompt Loading VALIDADOR_FECHA...
insert into VALIDADOR_FECHA (IDMUNICIPIO, IDVALIDADOR, FECHA_INI, FECHA_FIN, INDTIPO, P_MUNICIPIO, P_FCM_CONTRAVENCIONAL, P_CONCES_CONTRAVENCIONAL, P_ACUERDOPAGO, NIT_TERCERO1, BASE_TERCERO1, IND_BASE_TERCERO1, NIT_TERCERO2, BASE_TERCERO2, IND_BASE_TERCERO2)
values ('08001000', '001', to_date('01-01-1900', 'dd-mm-yyyy'), to_date('07-11-2002', 'dd-mm-yyyy'), 'SIMIT', 80, 0, 0, 10, null, 0, 0, null, 0, 0);
insert into VALIDADOR_FECHA (IDMUNICIPIO, IDVALIDADOR, FECHA_INI, FECHA_FIN, INDTIPO, P_MUNICIPIO, P_FCM_CONTRAVENCIONAL, P_CONCES_CONTRAVENCIONAL, P_ACUERDOPAGO, NIT_TERCERO1, BASE_TERCERO1, IND_BASE_TERCERO1, NIT_TERCERO2, BASE_TERCERO2, IND_BASE_TERCERO2)
values ('08001000', '002', to_date('01-01-1900', 'dd-mm-yyyy'), to_date('07-11-2002', 'dd-mm-yyyy'), 'POLCA', 35, 0, 0, 10, null, 0, 0, null, 0, 0);
insert into VALIDADOR_FECHA (IDMUNICIPIO, IDVALIDADOR, FECHA_INI, FECHA_FIN, INDTIPO, P_MUNICIPIO, P_FCM_CONTRAVENCIONAL, P_CONCES_CONTRAVENCIONAL, P_ACUERDOPAGO, NIT_TERCERO1, BASE_TERCERO1, IND_BASE_TERCERO1, NIT_TERCERO2, BASE_TERCERO2, IND_BASE_TERCERO2)
values ('08001000', '003', to_date('08-11-2002', 'dd-mm-yyyy'), to_date('23-12-2008', 'dd-mm-yyyy'), 'SIMIT', 90, 0, 0, 0, null, 0, 0, null, 0, 0);
insert into VALIDADOR_FECHA (IDMUNICIPIO, IDVALIDADOR, FECHA_INI, FECHA_FIN, INDTIPO, P_MUNICIPIO, P_FCM_CONTRAVENCIONAL, P_CONCES_CONTRAVENCIONAL, P_ACUERDOPAGO, NIT_TERCERO1, BASE_TERCERO1, IND_BASE_TERCERO1, NIT_TERCERO2, BASE_TERCERO2, IND_BASE_TERCERO2)
values ('08001000', '004', to_date('08-11-2002', 'dd-mm-yyyy'), to_date('23-12-2008', 'dd-mm-yyyy'), 'POLCA', 45, 0, 0, 0, null, 0, 0, null, 0, 0);
commit;
prompt 4 records loaded
prompt Enabling foreign key constraints for CTA_DISPERSION_CONCESIONARIO...
alter table CTA_DISPERSION_CONCESIONARIO enable constraint FK_IDCONCEPTO_CDC;
alter table CTA_DISPERSION_CONCESIONARIO enable constraint FK_IDCONCESIONARIO_CDC;
prompt Enabling foreign key constraints for CTA_RECAUDO_CONCESIONARIO...
alter table CTA_RECAUDO_CONCESIONARIO enable constraint FK_IDCONCESIONARIO_CRC;
prompt Enabling foreign key constraints for CTA_RECAUDO_FCM...
alter table CTA_RECAUDO_FCM enable constraint FK_NIT_FCM_CRF;
prompt Enabling foreign key constraints for MUNICIPIO...
alter table MUNICIPIO enable constraint FK_IDBANCO_M;
alter table MUNICIPIO enable constraint FK_IDCONCESIONARIO_M;
alter table MUNICIPIO enable constraint FK_IDDEPARTAMENTO_M;
prompt Enabling foreign key constraints for DIAS_DISPERSION...
alter table DIAS_DISPERSION enable constraint FK_IDBANCO_DD;
alter table DIAS_DISPERSION enable constraint FK_IDMUNICIPIO_DD;
prompt Enabling foreign key constraints for P_DISPERSION_CONCESIONARIO...
alter table P_DISPERSION_CONCESIONARIO enable constraint FK_IDCONCESIONARIO_PDC;
prompt Enabling foreign key constraints for P_DISPERSION_MUNICIPIO...
alter table P_DISPERSION_MUNICIPIO enable constraint FK_IDMUNICIPIO_PDM;
prompt Enabling foreign key constraints for TERCERO...
alter table TERCERO enable constraint FK_IDBANCO_T;
alter table TERCERO enable constraint FK_IDMUNICIPIO_T;
prompt Enabling triggers for BANCO...
alter table BANCO enable all triggers;
prompt Enabling triggers for CONCEPTO...
alter table CONCEPTO enable all triggers;
prompt Enabling triggers for CONCESIONARIO...
alter table CONCESIONARIO enable all triggers;
prompt Enabling triggers for CTA_DISPERSION_CONCESIONARIO...
alter table CTA_DISPERSION_CONCESIONARIO enable all triggers;
prompt Enabling triggers for CTA_DISPERSION_FCM...
alter table CTA_DISPERSION_FCM enable all triggers;
prompt Enabling triggers for CTA_DISPERSION_TERCERO...
alter table CTA_DISPERSION_TERCERO enable all triggers;
prompt Enabling triggers for CTA_RECAUDO_CONCESIONARIO...
alter table CTA_RECAUDO_CONCESIONARIO enable all triggers;
prompt Enabling triggers for FCM...
alter table FCM enable all triggers;
prompt Enabling triggers for CTA_RECAUDO_FCM...
alter table CTA_RECAUDO_FCM enable all triggers;
prompt Enabling triggers for DEPARTAMENTO...
alter table DEPARTAMENTO enable all triggers;
prompt Enabling triggers for MUNICIPIO...
alter table MUNICIPIO enable all triggers;
prompt Enabling triggers for DIAS_DISPERSION...
alter table DIAS_DISPERSION enable all triggers;
prompt Enabling triggers for FECHA_NO_HABIL...
alter table FECHA_NO_HABIL enable all triggers;
prompt Enabling triggers for MENU...
alter table MENU enable all triggers;
prompt Enabling triggers for MENUXROL...
alter table MENUXROL enable all triggers;
prompt Enabling triggers for PADRE...
alter table PADRE enable all triggers;
prompt Enabling triggers for P_DISPERSION_CONCESIONARIO...
alter table P_DISPERSION_CONCESIONARIO enable all triggers;
prompt Enabling triggers for P_DISPERSION_MUNICIPIO...
alter table P_DISPERSION_MUNICIPIO enable all triggers;
prompt Enabling triggers for PERSON...
alter table PERSON enable all triggers;
prompt Enabling triggers for ROL...
alter table ROL enable all triggers;
prompt Enabling triggers for ROLXPERSON...
alter table ROLXPERSON enable all triggers;
prompt Enabling triggers for SALARIO_MINIMO...
alter table SALARIO_MINIMO enable all triggers;
prompt Enabling triggers for TERCERO...
alter table TERCERO enable all triggers;
prompt Enabling triggers for VALIDADOR_FECHA...
alter table VALIDADOR_FECHA enable all triggers;
set feedback on
set define on
prompt Done.
